path	line	keyword	text
GITHUB_EXPORT_MANIFEST.csv	51	inputs_resolved	"""pipeline\RUN_QGIS\STEP7_MATRIZ_CAUSAL\patch_inputs_resolved_step7.py"",""2032"",""EF4BD6E0EDFD1D5DC9864D420E5F0B8326912BA45ACBD0868A6B67C7461A57C1"",""PIPELINE_CODE"",""Necesario para reproducir canon/gates sin datos masivos"",""Bajo"",""D:\Mestrado\GATA_2025_2026\Prueba_aislada\ISO_GATA_20260121_130505\_qa_catalogs\moduleC_local_pipeline\RUN_QGIS\STEP7_MATRIZ_CAUSAL\patch_inputs_resolved_step7.py"""
GITHUB_EXPORT_MANIFEST.csv	75	smoke	"""tools\setup_profile2_python_smoke.ps1"",""856"",""DFF87D16866804EF71F3DC3FEAAFD31F4865A85B3626D9A7D9A10F3B1924F8F5"",""GATE_TOOL"",""Necesario para reproducir canon/gates sin datos masivos"",""Bajo"",""D:\Mestrado\GATA_2025_2026\Prueba_aislada\tools\setup_profile2_python_smoke.ps1"""
contracts\03_PIPELINE_SEQUENCE_MAP.md	10	inputs_resolved	| 5. Runtime ModuleC v2 | RUN_ModuleC_Pipeline_OSGeo4W.cmd --pipeline-v2 -> moduleC_pipeline_v2.py | inputs_resolved + datos canónicos | tablas/maps/qa runtime | exitcode+QA coherentes | ejecución parcial | traceback/fallo bloqueante | Depende de 4 |
contracts\08_OUTPUT_CONTRACT.md	12	smoke	-  ables\smoke_days_unit_2015_2024.csv (puede quedar EXPECTED_REGENERATE_BY_RUNTIME)
contracts\08_OUTPUT_CONTRACT.md	15	inputs_resolved	- qa\inputs_resolved.json
contracts\08_OUTPUT_CONTRACT.md	19	smoke	-  ables\smoke_days_unit_2015_2024.csv (si aplica recalculo)
contracts\08_OUTPUT_CONTRACT.md	28	inputs_resolved	- qa\inputs_resolved.json
data_placeholders\master_dataset_catalog.csv	2	gfas,smoke	CAM-GFAS (ADS),catalogo_clasificado_v3.csv,/CAM-GFAS (ADS)/,/,CAM-GFAS (ADS),DIR,SMOKE_GFAS_GRIB,Smoke/Hazard from GFAS (GRIB) — needs metadata,INSPECT,,True,,D:\Mestrado\GATA_2025_2026\Prueba_aislada\ISO_GATA_20260121_130505\Complementariedad de analisis\Module C\Datos\CAM-GFAS (ADS),True,False,True,External catalog view only; no mutation in Datos.
data_placeholders\master_dataset_catalog.csv	9	era5	ERA5_d016a6f04c5e420341cf0e7293fcfb56.zip,catalogo_clasificado_v3.csv,/ERA5_d016a6f04c5e420341cf0e7293fcfb56.zip,/,ERA5_d016a6f04c5e420341cf0e7293fcfb56.zip,zip,ERA5,ERA5 climate package (zip) — needs manifest,INSPECT,,False,33759612,D:\Mestrado\GATA_2025_2026\Prueba_aislada\ISO_GATA_20260121_130505\Complementariedad de analisis\Module C\Datos\ERA5_d016a6f04c5e420341cf0e7293fcfb56.zip,True,False,True,External catalog view only; no mutation in Datos.
data_placeholders\master_dataset_catalog.csv	14	smoke,parquet	ParquetFiles 2017.zip,catalogo_clasificado_v3.csv,/ParquetFiles 2017.zip,/,ParquetFiles 2017.zip,zip,SMOKE_PARQUET,Smoke/Hazard parquet package — needs manifest,INSPECT,,False,294156,D:\Mestrado\GATA_2025_2026\Prueba_aislada\ISO_GATA_20260121_130505\Complementariedad de analisis\Module C\Datos\ParquetFiles 2017.zip,True,False,True,External catalog view only; no mutation in Datos.
data_placeholders\master_dataset_catalog.csv	15	smoke,parquet	ParquetFiles 2022.zip,catalogo_clasificado_v3.csv,/ParquetFiles 2022.zip,/,ParquetFiles 2022.zip,zip,SMOKE_PARQUET,Smoke/Hazard parquet package — needs manifest,INSPECT,,False,379220,D:\Mestrado\GATA_2025_2026\Prueba_aislada\ISO_GATA_20260121_130505\Complementariedad de analisis\Module C\Datos\ParquetFiles 2022.zip,True,False,True,External catalog view only; no mutation in Datos.
data_placeholders\master_dataset_catalog.csv	17	gfas,smoke	1d31bba15e3fad800323305d5f7f2999.grib,catalogo_clasificado_v3.csv,/CAM-GFAS (ADS)/1d31bba15e3fad800323305d5f7f2999.grib,CAM-GFAS (ADS)/,1d31bba15e3fad800323305d5f7f2999.grib,grib,SMOKE_GFAS_GRIB,Smoke/Hazard from GFAS (GRIB) — needs metadata,INSPECT,,False,18869838624,D:\Mestrado\GATA_2025_2026\Prueba_aislada\ISO_GATA_20260121_130505\Complementariedad de analisis\Module C\Datos\CAM-GFAS (ADS)\1d31bba15e3fad800323305d5f7f2999.grib,True,False,True,External catalog view only; no mutation in Datos.
data_placeholders\master_dataset_catalog.csv	18	gfas,smoke	28a709743c8f117d31601fa356b12aaa.grib,catalogo_clasificado_v3.csv,/CAM-GFAS (ADS)/28a709743c8f117d31601fa356b12aaa.grib,CAM-GFAS (ADS)/,28a709743c8f117d31601fa356b12aaa.grib,grib,SMOKE_GFAS_GRIB,Smoke/Hazard from GFAS (GRIB) — needs metadata,INSPECT,,False,18921678840,D:\Mestrado\GATA_2025_2026\Prueba_aislada\ISO_GATA_20260121_130505\Complementariedad de analisis\Module C\Datos\CAM-GFAS (ADS)\28a709743c8f117d31601fa356b12aaa.grib,True,False,True,External catalog view only; no mutation in Datos.
data_placeholders\master_dataset_catalog.csv	19	gfas,smoke	3.grib,catalogo_clasificado_v3.csv,/CAM-GFAS (ADS)/3.grib,CAM-GFAS (ADS)/,3.grib,grib,SMOKE_GFAS_GRIB,Smoke/Hazard from GFAS (GRIB) — needs metadata,INSPECT,,False,9434919312,D:\Mestrado\GATA_2025_2026\Prueba_aislada\ISO_GATA_20260121_130505\Complementariedad de analisis\Module C\Datos\CAM-GFAS (ADS)\3.grib,True,False,True,External catalog view only; no mutation in Datos.
data_placeholders\master_dataset_catalog.csv	20	gfas,smoke	44b169fbed8a6439031298d2fde781e0.grib,catalogo_clasificado_v3.csv,/CAM-GFAS (ADS)/44b169fbed8a6439031298d2fde781e0.grib,CAM-GFAS (ADS)/,44b169fbed8a6439031298d2fde781e0.grib,grib,SMOKE_GFAS_GRIB,Smoke/Hazard from GFAS (GRIB) — needs metadata,INSPECT,,False,9460839420,D:\Mestrado\GATA_2025_2026\Prueba_aislada\ISO_GATA_20260121_130505\Complementariedad de analisis\Module C\Datos\CAM-GFAS (ADS)\44b169fbed8a6439031298d2fde781e0.grib,True,False,True,External catalog view only; no mutation in Datos.
data_placeholders\master_dataset_catalog.csv	21	gfas,smoke	473f1c31b519a17a65f2c10a5a0f0a8c.grib,catalogo_clasificado_v3.csv,/CAM-GFAS (ADS)/473f1c31b519a17a65f2c10a5a0f0a8c.grib,CAM-GFAS (ADS)/,473f1c31b519a17a65f2c10a5a0f0a8c.grib,grib,SMOKE_GFAS_GRIB,Smoke/Hazard from GFAS (GRIB) — needs metadata,INSPECT,,False,9460839420,D:\Mestrado\GATA_2025_2026\Prueba_aislada\ISO_GATA_20260121_130505\Complementariedad de analisis\Module C\Datos\CAM-GFAS (ADS)\473f1c31b519a17a65f2c10a5a0f0a8c.grib,True,False,True,External catalog view only; no mutation in Datos.
data_placeholders\master_dataset_catalog.csv	22	gfas,smoke	4e23d469397788f65d6e9c01bb3b2b89.grib,catalogo_clasificado_v3.csv,/CAM-GFAS (ADS)/4e23d469397788f65d6e9c01bb3b2b89.grib,CAM-GFAS (ADS)/,4e23d469397788f65d6e9c01bb3b2b89.grib,grib,SMOKE_GFAS_GRIB,Smoke/Hazard from GFAS (GRIB) — needs metadata,INSPECT,,False,9460839420,D:\Mestrado\GATA_2025_2026\Prueba_aislada\ISO_GATA_20260121_130505\Complementariedad de analisis\Module C\Datos\CAM-GFAS (ADS)\4e23d469397788f65d6e9c01bb3b2b89.grib,True,False,True,External catalog view only; no mutation in Datos.
data_placeholders\master_dataset_catalog.csv	23	gfas,smoke	7be5e283f408e2e9ceab00960da1d013.grib,catalogo_clasificado_v3.csv,/CAM-GFAS (ADS)/7be5e283f408e2e9ceab00960da1d013.grib,CAM-GFAS (ADS)/,7be5e283f408e2e9ceab00960da1d013.grib,grib,SMOKE_GFAS_GRIB,Smoke/Hazard from GFAS (GRIB) — needs metadata,INSPECT,,False,9460839420,D:\Mestrado\GATA_2025_2026\Prueba_aislada\ISO_GATA_20260121_130505\Complementariedad de analisis\Module C\Datos\CAM-GFAS (ADS)\7be5e283f408e2e9ceab00960da1d013.grib,True,False,True,External catalog view only; no mutation in Datos.
data_placeholders\master_dataset_catalog.csv	24	gfas,smoke	_grib_summary.csv,catalogo_clasificado_v3.csv,/CAM-GFAS (ADS)/_grib_summary.csv,CAM-GFAS (ADS)/,_grib_summary.csv,csv,SMOKE_GFAS_GRIB,GRIB metadata summary (ecCodes output),KEEP,,False,4218,D:\Mestrado\GATA_2025_2026\Prueba_aislada\ISO_GATA_20260121_130505\Complementariedad de analisis\Module C\Datos\CAM-GFAS (ADS)\_grib_summary.csv,True,False,True,External catalog view only; no mutation in Datos.
data_placeholders\master_dataset_catalog.csv	25	gfas,smoke	a04e6c70c962461c4c22f412a7076997.grib,catalogo_clasificado_v3.csv,/CAM-GFAS (ADS)/a04e6c70c962461c4c22f412a7076997.grib,CAM-GFAS (ADS)/,a04e6c70c962461c4c22f412a7076997.grib,grib,SMOKE_GFAS_GRIB,Smoke/Hazard from GFAS (GRIB) — needs metadata,INSPECT,,False,18921678840,D:\Mestrado\GATA_2025_2026\Prueba_aislada\ISO_GATA_20260121_130505\Complementariedad de analisis\Module C\Datos\CAM-GFAS (ADS)\a04e6c70c962461c4c22f412a7076997.grib,True,False,True,External catalog view only; no mutation in Datos.
data_placeholders\master_dataset_catalog.csv	26	gfas,smoke	ae10857c4d4b68b40119dc1995dff7a0.grib,catalogo_clasificado_v3.csv,/CAM-GFAS (ADS)/ae10857c4d4b68b40119dc1995dff7a0.grib,CAM-GFAS (ADS)/,ae10857c4d4b68b40119dc1995dff7a0.grib,grib,SMOKE_GFAS_GRIB,Smoke/Hazard from GFAS (GRIB) — needs metadata,INSPECT,,False,18921678840,D:\Mestrado\GATA_2025_2026\Prueba_aislada\ISO_GATA_20260121_130505\Complementariedad de analisis\Module C\Datos\CAM-GFAS (ADS)\ae10857c4d4b68b40119dc1995dff7a0.grib,True,False,True,External catalog view only; no mutation in Datos.
data_placeholders\master_dataset_catalog.csv	27	gfas,smoke	db84922e9d8af13daba65f70341e1845.grib,catalogo_clasificado_v3.csv,/CAM-GFAS (ADS)/db84922e9d8af13daba65f70341e1845.grib,CAM-GFAS (ADS)/,db84922e9d8af13daba65f70341e1845.grib,grib,SMOKE_GFAS_GRIB,Smoke/Hazard from GFAS (GRIB) — needs metadata,INSPECT,,False,9460839420,D:\Mestrado\GATA_2025_2026\Prueba_aislada\ISO_GATA_20260121_130505\Complementariedad de analisis\Module C\Datos\CAM-GFAS (ADS)\db84922e9d8af13daba65f70341e1845.grib,True,False,True,External catalog view only; no mutation in Datos.
data_placeholders\master_dataset_catalog.csv	28	gfas,smoke	e22519c293be205cefe26ff09aebb9b1.grib,catalogo_clasificado_v3.csv,/CAM-GFAS (ADS)/e22519c293be205cefe26ff09aebb9b1.grib,CAM-GFAS (ADS)/,e22519c293be205cefe26ff09aebb9b1.grib,grib,SMOKE_GFAS_GRIB,Smoke/Hazard from GFAS (GRIB) — needs metadata,INSPECT,,False,18921678840,D:\Mestrado\GATA_2025_2026\Prueba_aislada\ISO_GATA_20260121_130505\Complementariedad de analisis\Module C\Datos\CAM-GFAS (ADS)\e22519c293be205cefe26ff09aebb9b1.grib,True,False,True,External catalog view only; no mutation in Datos.
data_placeholders\master_dataset_catalog.csv	29	gfas	make_grib_summary.bat,catalogo_clasificado_v3.csv,/CAM-GFAS (ADS)/make_grib_summary.bat,CAM-GFAS (ADS)/,make_grib_summary.bat,bat,TMP,Helper script for GRIB metadata,IGNORE,,False,1661,D:\Mestrado\GATA_2025_2026\Prueba_aislada\ISO_GATA_20260121_130505\Complementariedad de analisis\Module C\Datos\CAM-GFAS (ADS)\make_grib_summary.bat,True,False,True,External catalog view only; no mutation in Datos.
data_placeholders\master_dataset_catalog.csv	30	gfas	make_grib_summary_FIXED.ps1,catalogo_clasificado_v3.csv,/CAM-GFAS (ADS)/make_grib_summary_FIXED.ps1,CAM-GFAS (ADS)/,make_grib_summary_FIXED.ps1,ps1,TMP,Helper script for GRIB metadata,IGNORE,,False,1842,D:\Mestrado\GATA_2025_2026\Prueba_aislada\ISO_GATA_20260121_130505\Complementariedad de analisis\Module C\Datos\CAM-GFAS (ADS)\make_grib_summary_FIXED.ps1,True,False,True,External catalog view only; no mutation in Datos.
data_placeholders\master_dataset_catalog.csv	41	gfas	CAM-GFAS (ADS),catalogo_enriquecido_v2.csv,/CAM-GFAS (ADS)/,/,CAM-GFAS (ADS),DIR,TMP,Directory container (not a dataset file),IGNORE,P3,True,,D:\Mestrado\GATA_2025_2026\Prueba_aislada\ISO_GATA_20260121_130505\Complementariedad de analisis\Module C\Datos\CAM-GFAS (ADS),True,False,True,External catalog view only; no mutation in Datos.
data_placeholders\master_dataset_catalog.csv	48	era5	ERA5_d016a6f04c5e420341cf0e7293fcfb56.zip,catalogo_enriquecido_v2.csv,/ERA5_d016a6f04c5e420341cf0e7293fcfb56.zip,/,ERA5_d016a6f04c5e420341cf0e7293fcfb56.zip,zip,ERA5,ERA5 climate package (zip) — needs manifest,INSPECT,P2,False,33759612.0,D:\Mestrado\GATA_2025_2026\Prueba_aislada\ISO_GATA_20260121_130505\Complementariedad de analisis\Module C\Datos\ERA5_d016a6f04c5e420341cf0e7293fcfb56.zip,True,False,True,External catalog view only; no mutation in Datos.
data_placeholders\master_dataset_catalog.csv	53	smoke,parquet	ParquetFiles 2017.zip,catalogo_enriquecido_v2.csv,/ParquetFiles 2017.zip,/,ParquetFiles 2017.zip,zip,SMOKE_PARQUET,Smoke/Hazard parquet package — needs manifest,INSPECT,P1,False,294156.0,D:\Mestrado\GATA_2025_2026\Prueba_aislada\ISO_GATA_20260121_130505\Complementariedad de analisis\Module C\Datos\ParquetFiles 2017.zip,True,False,True,External catalog view only; no mutation in Datos.
data_placeholders\master_dataset_catalog.csv	54	smoke,parquet	ParquetFiles 2022.zip,catalogo_enriquecido_v2.csv,/ParquetFiles 2022.zip,/,ParquetFiles 2022.zip,zip,SMOKE_PARQUET,Smoke/Hazard parquet package — needs manifest,INSPECT,P1,False,379220.0,D:\Mestrado\GATA_2025_2026\Prueba_aislada\ISO_GATA_20260121_130505\Complementariedad de analisis\Module C\Datos\ParquetFiles 2022.zip,True,False,True,External catalog view only; no mutation in Datos.
data_placeholders\master_dataset_catalog.csv	56	gfas,smoke	1d31bba15e3fad800323305d5f7f2999.grib,catalogo_enriquecido_v2.csv,/CAM-GFAS (ADS)/1d31bba15e3fad800323305d5f7f2999.grib,CAM-GFAS (ADS)/,1d31bba15e3fad800323305d5f7f2999.grib,grib,SMOKE_GFAS_GRIB,Smoke/Hazard from GFAS (GRIB) — needs metadata,INSPECT,P1,False,18869838624.0,D:\Mestrado\GATA_2025_2026\Prueba_aislada\ISO_GATA_20260121_130505\Complementariedad de analisis\Module C\Datos\CAM-GFAS (ADS)\1d31bba15e3fad800323305d5f7f2999.grib,True,False,True,External catalog view only; no mutation in Datos.
data_placeholders\master_dataset_catalog.csv	57	gfas,smoke	28a709743c8f117d31601fa356b12aaa.grib,catalogo_enriquecido_v2.csv,/CAM-GFAS (ADS)/28a709743c8f117d31601fa356b12aaa.grib,CAM-GFAS (ADS)/,28a709743c8f117d31601fa356b12aaa.grib,grib,SMOKE_GFAS_GRIB,Smoke/Hazard from GFAS (GRIB) — needs metadata,INSPECT,P1,False,18921678840.0,D:\Mestrado\GATA_2025_2026\Prueba_aislada\ISO_GATA_20260121_130505\Complementariedad de analisis\Module C\Datos\CAM-GFAS (ADS)\28a709743c8f117d31601fa356b12aaa.grib,True,False,True,External catalog view only; no mutation in Datos.
data_placeholders\master_dataset_catalog.csv	58	gfas,smoke	3.grib,catalogo_enriquecido_v2.csv,/CAM-GFAS (ADS)/3.grib,CAM-GFAS (ADS)/,3.grib,grib,SMOKE_GFAS_GRIB,Smoke/Hazard from GFAS (GRIB) — needs metadata,INSPECT,P1,False,9434919312.0,D:\Mestrado\GATA_2025_2026\Prueba_aislada\ISO_GATA_20260121_130505\Complementariedad de analisis\Module C\Datos\CAM-GFAS (ADS)\3.grib,True,False,True,External catalog view only; no mutation in Datos.
data_placeholders\master_dataset_catalog.csv	59	gfas,smoke	44b169fbed8a6439031298d2fde781e0.grib,catalogo_enriquecido_v2.csv,/CAM-GFAS (ADS)/44b169fbed8a6439031298d2fde781e0.grib,CAM-GFAS (ADS)/,44b169fbed8a6439031298d2fde781e0.grib,grib,SMOKE_GFAS_GRIB,Smoke/Hazard from GFAS (GRIB) — needs metadata,INSPECT,P1,False,9460839420.0,D:\Mestrado\GATA_2025_2026\Prueba_aislada\ISO_GATA_20260121_130505\Complementariedad de analisis\Module C\Datos\CAM-GFAS (ADS)\44b169fbed8a6439031298d2fde781e0.grib,True,False,True,External catalog view only; no mutation in Datos.
data_placeholders\master_dataset_catalog.csv	60	gfas,smoke	473f1c31b519a17a65f2c10a5a0f0a8c.grib,catalogo_enriquecido_v2.csv,/CAM-GFAS (ADS)/473f1c31b519a17a65f2c10a5a0f0a8c.grib,CAM-GFAS (ADS)/,473f1c31b519a17a65f2c10a5a0f0a8c.grib,grib,SMOKE_GFAS_GRIB,Smoke/Hazard from GFAS (GRIB) — needs metadata,INSPECT,P1,False,9460839420.0,D:\Mestrado\GATA_2025_2026\Prueba_aislada\ISO_GATA_20260121_130505\Complementariedad de analisis\Module C\Datos\CAM-GFAS (ADS)\473f1c31b519a17a65f2c10a5a0f0a8c.grib,True,False,True,External catalog view only; no mutation in Datos.
data_placeholders\master_dataset_catalog.csv	61	gfas,smoke	4e23d469397788f65d6e9c01bb3b2b89.grib,catalogo_enriquecido_v2.csv,/CAM-GFAS (ADS)/4e23d469397788f65d6e9c01bb3b2b89.grib,CAM-GFAS (ADS)/,4e23d469397788f65d6e9c01bb3b2b89.grib,grib,SMOKE_GFAS_GRIB,Smoke/Hazard from GFAS (GRIB) — needs metadata,INSPECT,P1,False,9460839420.0,D:\Mestrado\GATA_2025_2026\Prueba_aislada\ISO_GATA_20260121_130505\Complementariedad de analisis\Module C\Datos\CAM-GFAS (ADS)\4e23d469397788f65d6e9c01bb3b2b89.grib,True,False,True,External catalog view only; no mutation in Datos.
data_placeholders\master_dataset_catalog.csv	62	gfas,smoke	7be5e283f408e2e9ceab00960da1d013.grib,catalogo_enriquecido_v2.csv,/CAM-GFAS (ADS)/7be5e283f408e2e9ceab00960da1d013.grib,CAM-GFAS (ADS)/,7be5e283f408e2e9ceab00960da1d013.grib,grib,SMOKE_GFAS_GRIB,Smoke/Hazard from GFAS (GRIB) — needs metadata,INSPECT,P1,False,9460839420.0,D:\Mestrado\GATA_2025_2026\Prueba_aislada\ISO_GATA_20260121_130505\Complementariedad de analisis\Module C\Datos\CAM-GFAS (ADS)\7be5e283f408e2e9ceab00960da1d013.grib,True,False,True,External catalog view only; no mutation in Datos.
data_placeholders\master_dataset_catalog.csv	63	gfas,smoke	_grib_summary_OLD.csv,catalogo_enriquecido_v2.csv,/CAM-GFAS (ADS)/_grib_summary_OLD.csv,CAM-GFAS (ADS)/,_grib_summary_OLD.csv,csv,SMOKE_GFAS_GRIB,GRIB metadata summary (ecCodes output),KEEP,P1,False,4218.0,D:\Mestrado\GATA_2025_2026\Prueba_aislada\ISO_GATA_20260121_130505\Complementariedad de analisis\Module C\Datos\CAM-GFAS (ADS)\_grib_summary_OLD.csv,True,False,True,External catalog view only; no mutation in Datos.
data_placeholders\master_dataset_catalog.csv	64	gfas,smoke	a04e6c70c962461c4c22f412a7076997.grib,catalogo_enriquecido_v2.csv,/CAM-GFAS (ADS)/a04e6c70c962461c4c22f412a7076997.grib,CAM-GFAS (ADS)/,a04e6c70c962461c4c22f412a7076997.grib,grib,SMOKE_GFAS_GRIB,Smoke/Hazard from GFAS (GRIB) — needs metadata,INSPECT,P1,False,18921678840.0,D:\Mestrado\GATA_2025_2026\Prueba_aislada\ISO_GATA_20260121_130505\Complementariedad de analisis\Module C\Datos\CAM-GFAS (ADS)\a04e6c70c962461c4c22f412a7076997.grib,True,False,True,External catalog view only; no mutation in Datos.
data_placeholders\master_dataset_catalog.csv	65	gfas,smoke	ae10857c4d4b68b40119dc1995dff7a0.grib,catalogo_enriquecido_v2.csv,/CAM-GFAS (ADS)/ae10857c4d4b68b40119dc1995dff7a0.grib,CAM-GFAS (ADS)/,ae10857c4d4b68b40119dc1995dff7a0.grib,grib,SMOKE_GFAS_GRIB,Smoke/Hazard from GFAS (GRIB) — needs metadata,INSPECT,P1,False,18921678840.0,D:\Mestrado\GATA_2025_2026\Prueba_aislada\ISO_GATA_20260121_130505\Complementariedad de analisis\Module C\Datos\CAM-GFAS (ADS)\ae10857c4d4b68b40119dc1995dff7a0.grib,True,False,True,External catalog view only; no mutation in Datos.
data_placeholders\master_dataset_catalog.csv	66	gfas,smoke	db84922e9d8af13daba65f70341e1845.grib,catalogo_enriquecido_v2.csv,/CAM-GFAS (ADS)/db84922e9d8af13daba65f70341e1845.grib,CAM-GFAS (ADS)/,db84922e9d8af13daba65f70341e1845.grib,grib,SMOKE_GFAS_GRIB,Smoke/Hazard from GFAS (GRIB) — needs metadata,INSPECT,P1,False,9460839420.0,D:\Mestrado\GATA_2025_2026\Prueba_aislada\ISO_GATA_20260121_130505\Complementariedad de analisis\Module C\Datos\CAM-GFAS (ADS)\db84922e9d8af13daba65f70341e1845.grib,True,False,True,External catalog view only; no mutation in Datos.
data_placeholders\master_dataset_catalog.csv	67	gfas,smoke	e22519c293be205cefe26ff09aebb9b1.grib,catalogo_enriquecido_v2.csv,/CAM-GFAS (ADS)/e22519c293be205cefe26ff09aebb9b1.grib,CAM-GFAS (ADS)/,e22519c293be205cefe26ff09aebb9b1.grib,grib,SMOKE_GFAS_GRIB,Smoke/Hazard from GFAS (GRIB) — needs metadata,INSPECT,P1,False,18921678840.0,D:\Mestrado\GATA_2025_2026\Prueba_aislada\ISO_GATA_20260121_130505\Complementariedad de analisis\Module C\Datos\CAM-GFAS (ADS)\e22519c293be205cefe26ff09aebb9b1.grib,True,False,True,External catalog view only; no mutation in Datos.
data_placeholders\master_dataset_catalog.csv	68	gfas	make_grib_summary.bat,catalogo_enriquecido_v2.csv,/CAM-GFAS (ADS)/make_grib_summary.bat,CAM-GFAS (ADS)/,make_grib_summary.bat,bat,TMP,Helper script for GRIB metadata,IGNORE,P3,False,1661.0,D:\Mestrado\GATA_2025_2026\Prueba_aislada\ISO_GATA_20260121_130505\Complementariedad de analisis\Module C\Datos\CAM-GFAS (ADS)\make_grib_summary.bat,True,False,True,External catalog view only; no mutation in Datos.
data_placeholders\master_dataset_catalog.csv	69	gfas	make_grib_summary_FIXED.ps1,catalogo_enriquecido_v2.csv,/CAM-GFAS (ADS)/make_grib_summary_FIXED.ps1,CAM-GFAS (ADS)/,make_grib_summary_FIXED.ps1,ps1,TMP,Helper script for GRIB metadata,IGNORE,P3,False,1842.0,D:\Mestrado\GATA_2025_2026\Prueba_aislada\ISO_GATA_20260121_130505\Complementariedad de analisis\Module C\Datos\CAM-GFAS (ADS)\make_grib_summary_FIXED.ps1,True,False,True,External catalog view only; no mutation in Datos.
data_placeholders\master_dataset_catalog.csv	80	gfas,smoke	_grib_summary.csv,catalogo_enriquecido_v2.csv,/CAM-GFAS (ADS)/_grib_summary.csv,/CAM-GFAS (ADS)/,_grib_summary.csv,csv,SMOKE_GFAS_GRIB,GRIB metadata summary (ecCodes output) — sampled (v5),KEEP,P1,False,1446.0,D:\Mestrado\GATA_2025_2026\Prueba_aislada\ISO_GATA_20260121_130505\Complementariedad de analisis\Module C\Datos\CAM-GFAS (ADS)\_grib_summary.csv,True,False,True,External catalog view only; no mutation in Datos.
data_placeholders\master_dataset_catalog.csv	81	gfas	make_grib_summary_v2.ps1,catalogo_enriquecido_v2.csv,/CAM-GFAS (ADS)/make_grib_summary_v2.ps1,/CAM-GFAS (ADS)/,make_grib_summary_v2.ps1,ps1,TMP,Helper script for GRIB metadata,IGNORE,P3,False,1974.0,D:\Mestrado\GATA_2025_2026\Prueba_aislada\ISO_GATA_20260121_130505\Complementariedad de analisis\Module C\Datos\CAM-GFAS (ADS)\make_grib_summary_v2.ps1,True,False,True,External catalog view only; no mutation in Datos.
data_placeholders\master_dataset_catalog.csv	82	gfas	make_grib_summary_v4.ps1,catalogo_enriquecido_v2.csv,/CAM-GFAS (ADS)/make_grib_summary_v4.ps1,/CAM-GFAS (ADS)/,make_grib_summary_v4.ps1,ps1,TMP,Helper script for GRIB metadata,IGNORE,P3,False,3567.0,D:\Mestrado\GATA_2025_2026\Prueba_aislada\ISO_GATA_20260121_130505\Complementariedad de analisis\Module C\Datos\CAM-GFAS (ADS)\make_grib_summary_v4.ps1,True,False,True,External catalog view only; no mutation in Datos.
data_placeholders\master_dataset_catalog.csv	83	gfas	make_grib_summary_v5.ps1,catalogo_enriquecido_v2.csv,/CAM-GFAS (ADS)/make_grib_summary_v5.ps1,/CAM-GFAS (ADS)/,make_grib_summary_v5.ps1,ps1,TMP,Helper script for GRIB metadata,IGNORE,P3,False,2634.0,D:\Mestrado\GATA_2025_2026\Prueba_aislada\ISO_GATA_20260121_130505\Complementariedad de analisis\Module C\Datos\CAM-GFAS (ADS)\make_grib_summary_v5.ps1,True,False,True,External catalog view only; no mutation in Datos.
data_placeholders\master_dataset_catalog.csv	84	gfas,smoke	CAM-GFAS (ADS),catalogo_priorizado_v3.csv,/CAM-GFAS (ADS)/,/,CAM-GFAS (ADS),DIR,SMOKE_GFAS_GRIB,Smoke/Hazard from GFAS (GRIB) — needs metadata,INSPECT,P1,True,,D:\Mestrado\GATA_2025_2026\Prueba_aislada\ISO_GATA_20260121_130505\Complementariedad de analisis\Module C\Datos\CAM-GFAS (ADS),True,False,True,External catalog view only; no mutation in Datos.
data_placeholders\master_dataset_catalog.csv	91	era5	ERA5_d016a6f04c5e420341cf0e7293fcfb56.zip,catalogo_priorizado_v3.csv,/ERA5_d016a6f04c5e420341cf0e7293fcfb56.zip,/,ERA5_d016a6f04c5e420341cf0e7293fcfb56.zip,zip,ERA5,ERA5 climate package (zip) — needs manifest,INSPECT,P2,False,33759612,D:\Mestrado\GATA_2025_2026\Prueba_aislada\ISO_GATA_20260121_130505\Complementariedad de analisis\Module C\Datos\ERA5_d016a6f04c5e420341cf0e7293fcfb56.zip,True,False,True,External catalog view only; no mutation in Datos.
data_placeholders\master_dataset_catalog.csv	96	smoke,parquet	ParquetFiles 2017.zip,catalogo_priorizado_v3.csv,/ParquetFiles 2017.zip,/,ParquetFiles 2017.zip,zip,SMOKE_PARQUET,Smoke/Hazard parquet package — needs manifest,INSPECT,P1,False,294156,D:\Mestrado\GATA_2025_2026\Prueba_aislada\ISO_GATA_20260121_130505\Complementariedad de analisis\Module C\Datos\ParquetFiles 2017.zip,True,False,True,External catalog view only; no mutation in Datos.
data_placeholders\master_dataset_catalog.csv	97	smoke,parquet	ParquetFiles 2022.zip,catalogo_priorizado_v3.csv,/ParquetFiles 2022.zip,/,ParquetFiles 2022.zip,zip,SMOKE_PARQUET,Smoke/Hazard parquet package — needs manifest,INSPECT,P1,False,379220,D:\Mestrado\GATA_2025_2026\Prueba_aislada\ISO_GATA_20260121_130505\Complementariedad de analisis\Module C\Datos\ParquetFiles 2022.zip,True,False,True,External catalog view only; no mutation in Datos.
data_placeholders\master_dataset_catalog.csv	99	gfas,smoke	1d31bba15e3fad800323305d5f7f2999.grib,catalogo_priorizado_v3.csv,/CAM-GFAS (ADS)/1d31bba15e3fad800323305d5f7f2999.grib,CAM-GFAS (ADS)/,1d31bba15e3fad800323305d5f7f2999.grib,grib,SMOKE_GFAS_GRIB,Smoke/Hazard from GFAS (GRIB) — needs metadata,INSPECT,P1,False,18869838624,D:\Mestrado\GATA_2025_2026\Prueba_aislada\ISO_GATA_20260121_130505\Complementariedad de analisis\Module C\Datos\CAM-GFAS (ADS)\1d31bba15e3fad800323305d5f7f2999.grib,True,False,True,External catalog view only; no mutation in Datos.
data_placeholders\master_dataset_catalog.csv	100	gfas,smoke	28a709743c8f117d31601fa356b12aaa.grib,catalogo_priorizado_v3.csv,/CAM-GFAS (ADS)/28a709743c8f117d31601fa356b12aaa.grib,CAM-GFAS (ADS)/,28a709743c8f117d31601fa356b12aaa.grib,grib,SMOKE_GFAS_GRIB,Smoke/Hazard from GFAS (GRIB) — needs metadata,INSPECT,P1,False,18921678840,D:\Mestrado\GATA_2025_2026\Prueba_aislada\ISO_GATA_20260121_130505\Complementariedad de analisis\Module C\Datos\CAM-GFAS (ADS)\28a709743c8f117d31601fa356b12aaa.grib,True,False,True,External catalog view only; no mutation in Datos.
data_placeholders\master_dataset_catalog.csv	101	gfas,smoke	3.grib,catalogo_priorizado_v3.csv,/CAM-GFAS (ADS)/3.grib,CAM-GFAS (ADS)/,3.grib,grib,SMOKE_GFAS_GRIB,Smoke/Hazard from GFAS (GRIB) — needs metadata,INSPECT,P1,False,9434919312,D:\Mestrado\GATA_2025_2026\Prueba_aislada\ISO_GATA_20260121_130505\Complementariedad de analisis\Module C\Datos\CAM-GFAS (ADS)\3.grib,True,False,True,External catalog view only; no mutation in Datos.
data_placeholders\master_dataset_catalog.csv	102	gfas,smoke	44b169fbed8a6439031298d2fde781e0.grib,catalogo_priorizado_v3.csv,/CAM-GFAS (ADS)/44b169fbed8a6439031298d2fde781e0.grib,CAM-GFAS (ADS)/,44b169fbed8a6439031298d2fde781e0.grib,grib,SMOKE_GFAS_GRIB,Smoke/Hazard from GFAS (GRIB) — needs metadata,INSPECT,P1,False,9460839420,D:\Mestrado\GATA_2025_2026\Prueba_aislada\ISO_GATA_20260121_130505\Complementariedad de analisis\Module C\Datos\CAM-GFAS (ADS)\44b169fbed8a6439031298d2fde781e0.grib,True,False,True,External catalog view only; no mutation in Datos.
data_placeholders\master_dataset_catalog.csv	103	gfas,smoke	473f1c31b519a17a65f2c10a5a0f0a8c.grib,catalogo_priorizado_v3.csv,/CAM-GFAS (ADS)/473f1c31b519a17a65f2c10a5a0f0a8c.grib,CAM-GFAS (ADS)/,473f1c31b519a17a65f2c10a5a0f0a8c.grib,grib,SMOKE_GFAS_GRIB,Smoke/Hazard from GFAS (GRIB) — needs metadata,INSPECT,P1,False,9460839420,D:\Mestrado\GATA_2025_2026\Prueba_aislada\ISO_GATA_20260121_130505\Complementariedad de analisis\Module C\Datos\CAM-GFAS (ADS)\473f1c31b519a17a65f2c10a5a0f0a8c.grib,True,False,True,External catalog view only; no mutation in Datos.
data_placeholders\master_dataset_catalog.csv	104	gfas,smoke	4e23d469397788f65d6e9c01bb3b2b89.grib,catalogo_priorizado_v3.csv,/CAM-GFAS (ADS)/4e23d469397788f65d6e9c01bb3b2b89.grib,CAM-GFAS (ADS)/,4e23d469397788f65d6e9c01bb3b2b89.grib,grib,SMOKE_GFAS_GRIB,Smoke/Hazard from GFAS (GRIB) — needs metadata,INSPECT,P1,False,9460839420,D:\Mestrado\GATA_2025_2026\Prueba_aislada\ISO_GATA_20260121_130505\Complementariedad de analisis\Module C\Datos\CAM-GFAS (ADS)\4e23d469397788f65d6e9c01bb3b2b89.grib,True,False,True,External catalog view only; no mutation in Datos.
data_placeholders\master_dataset_catalog.csv	105	gfas,smoke	7be5e283f408e2e9ceab00960da1d013.grib,catalogo_priorizado_v3.csv,/CAM-GFAS (ADS)/7be5e283f408e2e9ceab00960da1d013.grib,CAM-GFAS (ADS)/,7be5e283f408e2e9ceab00960da1d013.grib,grib,SMOKE_GFAS_GRIB,Smoke/Hazard from GFAS (GRIB) — needs metadata,INSPECT,P1,False,9460839420,D:\Mestrado\GATA_2025_2026\Prueba_aislada\ISO_GATA_20260121_130505\Complementariedad de analisis\Module C\Datos\CAM-GFAS (ADS)\7be5e283f408e2e9ceab00960da1d013.grib,True,False,True,External catalog view only; no mutation in Datos.
data_placeholders\master_dataset_catalog.csv	106	gfas,smoke	_grib_summary.csv,catalogo_priorizado_v3.csv,/CAM-GFAS (ADS)/_grib_summary.csv,CAM-GFAS (ADS)/,_grib_summary.csv,csv,SMOKE_GFAS_GRIB,GRIB metadata summary (ecCodes output),KEEP,P1,False,4218,D:\Mestrado\GATA_2025_2026\Prueba_aislada\ISO_GATA_20260121_130505\Complementariedad de analisis\Module C\Datos\CAM-GFAS (ADS)\_grib_summary.csv,True,False,True,External catalog view only; no mutation in Datos.
data_placeholders\master_dataset_catalog.csv	107	gfas,smoke	a04e6c70c962461c4c22f412a7076997.grib,catalogo_priorizado_v3.csv,/CAM-GFAS (ADS)/a04e6c70c962461c4c22f412a7076997.grib,CAM-GFAS (ADS)/,a04e6c70c962461c4c22f412a7076997.grib,grib,SMOKE_GFAS_GRIB,Smoke/Hazard from GFAS (GRIB) — needs metadata,INSPECT,P1,False,18921678840,D:\Mestrado\GATA_2025_2026\Prueba_aislada\ISO_GATA_20260121_130505\Complementariedad de analisis\Module C\Datos\CAM-GFAS (ADS)\a04e6c70c962461c4c22f412a7076997.grib,True,False,True,External catalog view only; no mutation in Datos.
data_placeholders\master_dataset_catalog.csv	108	gfas,smoke	ae10857c4d4b68b40119dc1995dff7a0.grib,catalogo_priorizado_v3.csv,/CAM-GFAS (ADS)/ae10857c4d4b68b40119dc1995dff7a0.grib,CAM-GFAS (ADS)/,ae10857c4d4b68b40119dc1995dff7a0.grib,grib,SMOKE_GFAS_GRIB,Smoke/Hazard from GFAS (GRIB) — needs metadata,INSPECT,P1,False,18921678840,D:\Mestrado\GATA_2025_2026\Prueba_aislada\ISO_GATA_20260121_130505\Complementariedad de analisis\Module C\Datos\CAM-GFAS (ADS)\ae10857c4d4b68b40119dc1995dff7a0.grib,True,False,True,External catalog view only; no mutation in Datos.
data_placeholders\master_dataset_catalog.csv	109	gfas,smoke	db84922e9d8af13daba65f70341e1845.grib,catalogo_priorizado_v3.csv,/CAM-GFAS (ADS)/db84922e9d8af13daba65f70341e1845.grib,CAM-GFAS (ADS)/,db84922e9d8af13daba65f70341e1845.grib,grib,SMOKE_GFAS_GRIB,Smoke/Hazard from GFAS (GRIB) — needs metadata,INSPECT,P1,False,9460839420,D:\Mestrado\GATA_2025_2026\Prueba_aislada\ISO_GATA_20260121_130505\Complementariedad de analisis\Module C\Datos\CAM-GFAS (ADS)\db84922e9d8af13daba65f70341e1845.grib,True,False,True,External catalog view only; no mutation in Datos.
data_placeholders\master_dataset_catalog.csv	110	gfas,smoke	e22519c293be205cefe26ff09aebb9b1.grib,catalogo_priorizado_v3.csv,/CAM-GFAS (ADS)/e22519c293be205cefe26ff09aebb9b1.grib,CAM-GFAS (ADS)/,e22519c293be205cefe26ff09aebb9b1.grib,grib,SMOKE_GFAS_GRIB,Smoke/Hazard from GFAS (GRIB) — needs metadata,INSPECT,P1,False,18921678840,D:\Mestrado\GATA_2025_2026\Prueba_aislada\ISO_GATA_20260121_130505\Complementariedad de analisis\Module C\Datos\CAM-GFAS (ADS)\e22519c293be205cefe26ff09aebb9b1.grib,True,False,True,External catalog view only; no mutation in Datos.
data_placeholders\master_dataset_catalog.csv	111	gfas	make_grib_summary.bat,catalogo_priorizado_v3.csv,/CAM-GFAS (ADS)/make_grib_summary.bat,CAM-GFAS (ADS)/,make_grib_summary.bat,bat,TMP,Helper script for GRIB metadata,IGNORE,P3,False,1661,D:\Mestrado\GATA_2025_2026\Prueba_aislada\ISO_GATA_20260121_130505\Complementariedad de analisis\Module C\Datos\CAM-GFAS (ADS)\make_grib_summary.bat,True,False,True,External catalog view only; no mutation in Datos.
data_placeholders\master_dataset_catalog.csv	112	gfas	make_grib_summary_FIXED.ps1,catalogo_priorizado_v3.csv,/CAM-GFAS (ADS)/make_grib_summary_FIXED.ps1,CAM-GFAS (ADS)/,make_grib_summary_FIXED.ps1,ps1,TMP,Helper script for GRIB metadata,IGNORE,P3,False,1842,D:\Mestrado\GATA_2025_2026\Prueba_aislada\ISO_GATA_20260121_130505\Complementariedad de analisis\Module C\Datos\CAM-GFAS (ADS)\make_grib_summary_FIXED.ps1,True,False,True,External catalog view only; no mutation in Datos.
data_placeholders\master_dataset_catalog.csv	123	gfas,smoke	CAM-GFAS (ADS),catalogo_raw_schema_v3.csv,/CAM-GFAS (ADS)/,/,CAM-GFAS (ADS),DIR,SMOKE_GFAS_GRIB,Smoke/Hazard from GFAS (GRIB) — needs metadata,INSPECT,,True,,D:\Mestrado\GATA_2025_2026\Prueba_aislada\ISO_GATA_20260121_130505\Complementariedad de analisis\Module C\Datos\CAM-GFAS (ADS),True,False,True,External catalog view only; no mutation in Datos.
data_placeholders\master_dataset_catalog.csv	130	era5	ERA5_d016a6f04c5e420341cf0e7293fcfb56.zip,catalogo_raw_schema_v3.csv,/ERA5_d016a6f04c5e420341cf0e7293fcfb56.zip,/,ERA5_d016a6f04c5e420341cf0e7293fcfb56.zip,zip,ERA5,ERA5 climate package (zip) — needs manifest,INSPECT,,False,33759612,D:\Mestrado\GATA_2025_2026\Prueba_aislada\ISO_GATA_20260121_130505\Complementariedad de analisis\Module C\Datos\ERA5_d016a6f04c5e420341cf0e7293fcfb56.zip,True,False,True,External catalog view only; no mutation in Datos.
data_placeholders\master_dataset_catalog.csv	135	smoke,parquet	ParquetFiles 2017.zip,catalogo_raw_schema_v3.csv,/ParquetFiles 2017.zip,/,ParquetFiles 2017.zip,zip,SMOKE_PARQUET,Smoke/Hazard parquet package — needs manifest,INSPECT,,False,294156,D:\Mestrado\GATA_2025_2026\Prueba_aislada\ISO_GATA_20260121_130505\Complementariedad de analisis\Module C\Datos\ParquetFiles 2017.zip,True,False,True,External catalog view only; no mutation in Datos.
data_placeholders\master_dataset_catalog.csv	136	smoke,parquet	ParquetFiles 2022.zip,catalogo_raw_schema_v3.csv,/ParquetFiles 2022.zip,/,ParquetFiles 2022.zip,zip,SMOKE_PARQUET,Smoke/Hazard parquet package — needs manifest,INSPECT,,False,379220,D:\Mestrado\GATA_2025_2026\Prueba_aislada\ISO_GATA_20260121_130505\Complementariedad de analisis\Module C\Datos\ParquetFiles 2022.zip,True,False,True,External catalog view only; no mutation in Datos.
data_placeholders\master_dataset_catalog.csv	138	gfas,smoke	1d31bba15e3fad800323305d5f7f2999.grib,catalogo_raw_schema_v3.csv,/CAM-GFAS (ADS)/1d31bba15e3fad800323305d5f7f2999.grib,CAM-GFAS (ADS)/,1d31bba15e3fad800323305d5f7f2999.grib,grib,SMOKE_GFAS_GRIB,Smoke/Hazard from GFAS (GRIB) — needs metadata,INSPECT,,False,18869838624,D:\Mestrado\GATA_2025_2026\Prueba_aislada\ISO_GATA_20260121_130505\Complementariedad de analisis\Module C\Datos\CAM-GFAS (ADS)\1d31bba15e3fad800323305d5f7f2999.grib,True,False,True,External catalog view only; no mutation in Datos.
data_placeholders\master_dataset_catalog.csv	139	gfas,smoke	28a709743c8f117d31601fa356b12aaa.grib,catalogo_raw_schema_v3.csv,/CAM-GFAS (ADS)/28a709743c8f117d31601fa356b12aaa.grib,CAM-GFAS (ADS)/,28a709743c8f117d31601fa356b12aaa.grib,grib,SMOKE_GFAS_GRIB,Smoke/Hazard from GFAS (GRIB) — needs metadata,INSPECT,,False,18921678840,D:\Mestrado\GATA_2025_2026\Prueba_aislada\ISO_GATA_20260121_130505\Complementariedad de analisis\Module C\Datos\CAM-GFAS (ADS)\28a709743c8f117d31601fa356b12aaa.grib,True,False,True,External catalog view only; no mutation in Datos.
data_placeholders\master_dataset_catalog.csv	140	gfas,smoke	3.grib,catalogo_raw_schema_v3.csv,/CAM-GFAS (ADS)/3.grib,CAM-GFAS (ADS)/,3.grib,grib,SMOKE_GFAS_GRIB,Smoke/Hazard from GFAS (GRIB) — needs metadata,INSPECT,,False,9434919312,D:\Mestrado\GATA_2025_2026\Prueba_aislada\ISO_GATA_20260121_130505\Complementariedad de analisis\Module C\Datos\CAM-GFAS (ADS)\3.grib,True,False,True,External catalog view only; no mutation in Datos.
data_placeholders\master_dataset_catalog.csv	141	gfas,smoke	44b169fbed8a6439031298d2fde781e0.grib,catalogo_raw_schema_v3.csv,/CAM-GFAS (ADS)/44b169fbed8a6439031298d2fde781e0.grib,CAM-GFAS (ADS)/,44b169fbed8a6439031298d2fde781e0.grib,grib,SMOKE_GFAS_GRIB,Smoke/Hazard from GFAS (GRIB) — needs metadata,INSPECT,,False,9460839420,D:\Mestrado\GATA_2025_2026\Prueba_aislada\ISO_GATA_20260121_130505\Complementariedad de analisis\Module C\Datos\CAM-GFAS (ADS)\44b169fbed8a6439031298d2fde781e0.grib,True,False,True,External catalog view only; no mutation in Datos.
data_placeholders\master_dataset_catalog.csv	142	gfas,smoke	473f1c31b519a17a65f2c10a5a0f0a8c.grib,catalogo_raw_schema_v3.csv,/CAM-GFAS (ADS)/473f1c31b519a17a65f2c10a5a0f0a8c.grib,CAM-GFAS (ADS)/,473f1c31b519a17a65f2c10a5a0f0a8c.grib,grib,SMOKE_GFAS_GRIB,Smoke/Hazard from GFAS (GRIB) — needs metadata,INSPECT,,False,9460839420,D:\Mestrado\GATA_2025_2026\Prueba_aislada\ISO_GATA_20260121_130505\Complementariedad de analisis\Module C\Datos\CAM-GFAS (ADS)\473f1c31b519a17a65f2c10a5a0f0a8c.grib,True,False,True,External catalog view only; no mutation in Datos.
data_placeholders\master_dataset_catalog.csv	143	gfas,smoke	4e23d469397788f65d6e9c01bb3b2b89.grib,catalogo_raw_schema_v3.csv,/CAM-GFAS (ADS)/4e23d469397788f65d6e9c01bb3b2b89.grib,CAM-GFAS (ADS)/,4e23d469397788f65d6e9c01bb3b2b89.grib,grib,SMOKE_GFAS_GRIB,Smoke/Hazard from GFAS (GRIB) — needs metadata,INSPECT,,False,9460839420,D:\Mestrado\GATA_2025_2026\Prueba_aislada\ISO_GATA_20260121_130505\Complementariedad de analisis\Module C\Datos\CAM-GFAS (ADS)\4e23d469397788f65d6e9c01bb3b2b89.grib,True,False,True,External catalog view only; no mutation in Datos.
data_placeholders\master_dataset_catalog.csv	144	gfas,smoke	7be5e283f408e2e9ceab00960da1d013.grib,catalogo_raw_schema_v3.csv,/CAM-GFAS (ADS)/7be5e283f408e2e9ceab00960da1d013.grib,CAM-GFAS (ADS)/,7be5e283f408e2e9ceab00960da1d013.grib,grib,SMOKE_GFAS_GRIB,Smoke/Hazard from GFAS (GRIB) — needs metadata,INSPECT,,False,9460839420,D:\Mestrado\GATA_2025_2026\Prueba_aislada\ISO_GATA_20260121_130505\Complementariedad de analisis\Module C\Datos\CAM-GFAS (ADS)\7be5e283f408e2e9ceab00960da1d013.grib,True,False,True,External catalog view only; no mutation in Datos.
data_placeholders\master_dataset_catalog.csv	145	gfas,smoke	_grib_summary.csv,catalogo_raw_schema_v3.csv,/CAM-GFAS (ADS)/_grib_summary.csv,CAM-GFAS (ADS)/,_grib_summary.csv,csv,SMOKE_GFAS_GRIB,GRIB metadata summary (ecCodes output),KEEP,,False,4218,D:\Mestrado\GATA_2025_2026\Prueba_aislada\ISO_GATA_20260121_130505\Complementariedad de analisis\Module C\Datos\CAM-GFAS (ADS)\_grib_summary.csv,True,False,True,External catalog view only; no mutation in Datos.
data_placeholders\master_dataset_catalog.csv	146	gfas,smoke	a04e6c70c962461c4c22f412a7076997.grib,catalogo_raw_schema_v3.csv,/CAM-GFAS (ADS)/a04e6c70c962461c4c22f412a7076997.grib,CAM-GFAS (ADS)/,a04e6c70c962461c4c22f412a7076997.grib,grib,SMOKE_GFAS_GRIB,Smoke/Hazard from GFAS (GRIB) — needs metadata,INSPECT,,False,18921678840,D:\Mestrado\GATA_2025_2026\Prueba_aislada\ISO_GATA_20260121_130505\Complementariedad de analisis\Module C\Datos\CAM-GFAS (ADS)\a04e6c70c962461c4c22f412a7076997.grib,True,False,True,External catalog view only; no mutation in Datos.
data_placeholders\master_dataset_catalog.csv	147	gfas,smoke	ae10857c4d4b68b40119dc1995dff7a0.grib,catalogo_raw_schema_v3.csv,/CAM-GFAS (ADS)/ae10857c4d4b68b40119dc1995dff7a0.grib,CAM-GFAS (ADS)/,ae10857c4d4b68b40119dc1995dff7a0.grib,grib,SMOKE_GFAS_GRIB,Smoke/Hazard from GFAS (GRIB) — needs metadata,INSPECT,,False,18921678840,D:\Mestrado\GATA_2025_2026\Prueba_aislada\ISO_GATA_20260121_130505\Complementariedad de analisis\Module C\Datos\CAM-GFAS (ADS)\ae10857c4d4b68b40119dc1995dff7a0.grib,True,False,True,External catalog view only; no mutation in Datos.
data_placeholders\master_dataset_catalog.csv	148	gfas,smoke	db84922e9d8af13daba65f70341e1845.grib,catalogo_raw_schema_v3.csv,/CAM-GFAS (ADS)/db84922e9d8af13daba65f70341e1845.grib,CAM-GFAS (ADS)/,db84922e9d8af13daba65f70341e1845.grib,grib,SMOKE_GFAS_GRIB,Smoke/Hazard from GFAS (GRIB) — needs metadata,INSPECT,,False,9460839420,D:\Mestrado\GATA_2025_2026\Prueba_aislada\ISO_GATA_20260121_130505\Complementariedad de analisis\Module C\Datos\CAM-GFAS (ADS)\db84922e9d8af13daba65f70341e1845.grib,True,False,True,External catalog view only; no mutation in Datos.
data_placeholders\master_dataset_catalog.csv	149	gfas,smoke	e22519c293be205cefe26ff09aebb9b1.grib,catalogo_raw_schema_v3.csv,/CAM-GFAS (ADS)/e22519c293be205cefe26ff09aebb9b1.grib,CAM-GFAS (ADS)/,e22519c293be205cefe26ff09aebb9b1.grib,grib,SMOKE_GFAS_GRIB,Smoke/Hazard from GFAS (GRIB) — needs metadata,INSPECT,,False,18921678840,D:\Mestrado\GATA_2025_2026\Prueba_aislada\ISO_GATA_20260121_130505\Complementariedad de analisis\Module C\Datos\CAM-GFAS (ADS)\e22519c293be205cefe26ff09aebb9b1.grib,True,False,True,External catalog view only; no mutation in Datos.
data_placeholders\master_dataset_catalog.csv	150	gfas	make_grib_summary.bat,catalogo_raw_schema_v3.csv,/CAM-GFAS (ADS)/make_grib_summary.bat,CAM-GFAS (ADS)/,make_grib_summary.bat,bat,TMP,Helper script for GRIB metadata,IGNORE,,False,1661,D:\Mestrado\GATA_2025_2026\Prueba_aislada\ISO_GATA_20260121_130505\Complementariedad de analisis\Module C\Datos\CAM-GFAS (ADS)\make_grib_summary.bat,True,False,True,External catalog view only; no mutation in Datos.
data_placeholders\master_dataset_catalog.csv	151	gfas	make_grib_summary_FIXED.ps1,catalogo_raw_schema_v3.csv,/CAM-GFAS (ADS)/make_grib_summary_FIXED.ps1,CAM-GFAS (ADS)/,make_grib_summary_FIXED.ps1,ps1,TMP,Helper script for GRIB metadata,IGNORE,,False,1842,D:\Mestrado\GATA_2025_2026\Prueba_aislada\ISO_GATA_20260121_130505\Complementariedad de analisis\Module C\Datos\CAM-GFAS (ADS)\make_grib_summary_FIXED.ps1,True,False,True,External catalog view only; no mutation in Datos.
data_placeholders\master_dataset_catalog.csv	162	gfas	CAM-GFAS (ADS),catalogo_raw_v3.csv,/CAM-GFAS (ADS)/,/,CAM-GFAS (ADS),DIR,,,,,True,,D:\Mestrado\GATA_2025_2026\Prueba_aislada\ISO_GATA_20260121_130505\Complementariedad de analisis\Module C\Datos\CAM-GFAS (ADS),True,False,True,External catalog view only; no mutation in Datos.
data_placeholders\master_dataset_catalog.csv	169	era5	ERA5_d016a6f04c5e420341cf0e7293fcfb56.zip,catalogo_raw_v3.csv,/ERA5_d016a6f04c5e420341cf0e7293fcfb56.zip,/,ERA5_d016a6f04c5e420341cf0e7293fcfb56.zip,zip,,,,,False,33759612,D:\Mestrado\GATA_2025_2026\Prueba_aislada\ISO_GATA_20260121_130505\Complementariedad de analisis\Module C\Datos\ERA5_d016a6f04c5e420341cf0e7293fcfb56.zip,True,False,True,External catalog view only; no mutation in Datos.
data_placeholders\master_dataset_catalog.csv	174	parquet	ParquetFiles 2017.zip,catalogo_raw_v3.csv,/ParquetFiles 2017.zip,/,ParquetFiles 2017.zip,zip,,,,,False,294156,D:\Mestrado\GATA_2025_2026\Prueba_aislada\ISO_GATA_20260121_130505\Complementariedad de analisis\Module C\Datos\ParquetFiles 2017.zip,True,False,True,External catalog view only; no mutation in Datos.
data_placeholders\master_dataset_catalog.csv	175	parquet	ParquetFiles 2022.zip,catalogo_raw_v3.csv,/ParquetFiles 2022.zip,/,ParquetFiles 2022.zip,zip,,,,,False,379220,D:\Mestrado\GATA_2025_2026\Prueba_aislada\ISO_GATA_20260121_130505\Complementariedad de analisis\Module C\Datos\ParquetFiles 2022.zip,True,False,True,External catalog view only; no mutation in Datos.
data_placeholders\master_dataset_catalog.csv	177	gfas	1d31bba15e3fad800323305d5f7f2999.grib,catalogo_raw_v3.csv,/CAM-GFAS (ADS)/1d31bba15e3fad800323305d5f7f2999.grib,CAM-GFAS (ADS)/,1d31bba15e3fad800323305d5f7f2999.grib,grib,,,,,False,18869838624,D:\Mestrado\GATA_2025_2026\Prueba_aislada\ISO_GATA_20260121_130505\Complementariedad de analisis\Module C\Datos\CAM-GFAS (ADS)\1d31bba15e3fad800323305d5f7f2999.grib,True,False,True,External catalog view only; no mutation in Datos.
data_placeholders\master_dataset_catalog.csv	178	gfas	28a709743c8f117d31601fa356b12aaa.grib,catalogo_raw_v3.csv,/CAM-GFAS (ADS)/28a709743c8f117d31601fa356b12aaa.grib,CAM-GFAS (ADS)/,28a709743c8f117d31601fa356b12aaa.grib,grib,,,,,False,18921678840,D:\Mestrado\GATA_2025_2026\Prueba_aislada\ISO_GATA_20260121_130505\Complementariedad de analisis\Module C\Datos\CAM-GFAS (ADS)\28a709743c8f117d31601fa356b12aaa.grib,True,False,True,External catalog view only; no mutation in Datos.
data_placeholders\master_dataset_catalog.csv	179	gfas	3.grib,catalogo_raw_v3.csv,/CAM-GFAS (ADS)/3.grib,CAM-GFAS (ADS)/,3.grib,grib,,,,,False,9434919312,D:\Mestrado\GATA_2025_2026\Prueba_aislada\ISO_GATA_20260121_130505\Complementariedad de analisis\Module C\Datos\CAM-GFAS (ADS)\3.grib,True,False,True,External catalog view only; no mutation in Datos.
data_placeholders\master_dataset_catalog.csv	180	gfas	44b169fbed8a6439031298d2fde781e0.grib,catalogo_raw_v3.csv,/CAM-GFAS (ADS)/44b169fbed8a6439031298d2fde781e0.grib,CAM-GFAS (ADS)/,44b169fbed8a6439031298d2fde781e0.grib,grib,,,,,False,9460839420,D:\Mestrado\GATA_2025_2026\Prueba_aislada\ISO_GATA_20260121_130505\Complementariedad de analisis\Module C\Datos\CAM-GFAS (ADS)\44b169fbed8a6439031298d2fde781e0.grib,True,False,True,External catalog view only; no mutation in Datos.
data_placeholders\master_dataset_catalog.csv	181	gfas	473f1c31b519a17a65f2c10a5a0f0a8c.grib,catalogo_raw_v3.csv,/CAM-GFAS (ADS)/473f1c31b519a17a65f2c10a5a0f0a8c.grib,CAM-GFAS (ADS)/,473f1c31b519a17a65f2c10a5a0f0a8c.grib,grib,,,,,False,9460839420,D:\Mestrado\GATA_2025_2026\Prueba_aislada\ISO_GATA_20260121_130505\Complementariedad de analisis\Module C\Datos\CAM-GFAS (ADS)\473f1c31b519a17a65f2c10a5a0f0a8c.grib,True,False,True,External catalog view only; no mutation in Datos.
data_placeholders\master_dataset_catalog.csv	182	gfas	4e23d469397788f65d6e9c01bb3b2b89.grib,catalogo_raw_v3.csv,/CAM-GFAS (ADS)/4e23d469397788f65d6e9c01bb3b2b89.grib,CAM-GFAS (ADS)/,4e23d469397788f65d6e9c01bb3b2b89.grib,grib,,,,,False,9460839420,D:\Mestrado\GATA_2025_2026\Prueba_aislada\ISO_GATA_20260121_130505\Complementariedad de analisis\Module C\Datos\CAM-GFAS (ADS)\4e23d469397788f65d6e9c01bb3b2b89.grib,True,False,True,External catalog view only; no mutation in Datos.
data_placeholders\master_dataset_catalog.csv	183	gfas	7be5e283f408e2e9ceab00960da1d013.grib,catalogo_raw_v3.csv,/CAM-GFAS (ADS)/7be5e283f408e2e9ceab00960da1d013.grib,CAM-GFAS (ADS)/,7be5e283f408e2e9ceab00960da1d013.grib,grib,,,,,False,9460839420,D:\Mestrado\GATA_2025_2026\Prueba_aislada\ISO_GATA_20260121_130505\Complementariedad de analisis\Module C\Datos\CAM-GFAS (ADS)\7be5e283f408e2e9ceab00960da1d013.grib,True,False,True,External catalog view only; no mutation in Datos.
data_placeholders\master_dataset_catalog.csv	184	gfas	_grib_summary.csv,catalogo_raw_v3.csv,/CAM-GFAS (ADS)/_grib_summary.csv,CAM-GFAS (ADS)/,_grib_summary.csv,csv,,,,,False,4218,D:\Mestrado\GATA_2025_2026\Prueba_aislada\ISO_GATA_20260121_130505\Complementariedad de analisis\Module C\Datos\CAM-GFAS (ADS)\_grib_summary.csv,True,False,True,External catalog view only; no mutation in Datos.
data_placeholders\master_dataset_catalog.csv	185	gfas	a04e6c70c962461c4c22f412a7076997.grib,catalogo_raw_v3.csv,/CAM-GFAS (ADS)/a04e6c70c962461c4c22f412a7076997.grib,CAM-GFAS (ADS)/,a04e6c70c962461c4c22f412a7076997.grib,grib,,,,,False,18921678840,D:\Mestrado\GATA_2025_2026\Prueba_aislada\ISO_GATA_20260121_130505\Complementariedad de analisis\Module C\Datos\CAM-GFAS (ADS)\a04e6c70c962461c4c22f412a7076997.grib,True,False,True,External catalog view only; no mutation in Datos.
data_placeholders\master_dataset_catalog.csv	186	gfas	ae10857c4d4b68b40119dc1995dff7a0.grib,catalogo_raw_v3.csv,/CAM-GFAS (ADS)/ae10857c4d4b68b40119dc1995dff7a0.grib,CAM-GFAS (ADS)/,ae10857c4d4b68b40119dc1995dff7a0.grib,grib,,,,,False,18921678840,D:\Mestrado\GATA_2025_2026\Prueba_aislada\ISO_GATA_20260121_130505\Complementariedad de analisis\Module C\Datos\CAM-GFAS (ADS)\ae10857c4d4b68b40119dc1995dff7a0.grib,True,False,True,External catalog view only; no mutation in Datos.
data_placeholders\master_dataset_catalog.csv	187	gfas	db84922e9d8af13daba65f70341e1845.grib,catalogo_raw_v3.csv,/CAM-GFAS (ADS)/db84922e9d8af13daba65f70341e1845.grib,CAM-GFAS (ADS)/,db84922e9d8af13daba65f70341e1845.grib,grib,,,,,False,9460839420,D:\Mestrado\GATA_2025_2026\Prueba_aislada\ISO_GATA_20260121_130505\Complementariedad de analisis\Module C\Datos\CAM-GFAS (ADS)\db84922e9d8af13daba65f70341e1845.grib,True,False,True,External catalog view only; no mutation in Datos.
data_placeholders\master_dataset_catalog.csv	188	gfas	e22519c293be205cefe26ff09aebb9b1.grib,catalogo_raw_v3.csv,/CAM-GFAS (ADS)/e22519c293be205cefe26ff09aebb9b1.grib,CAM-GFAS (ADS)/,e22519c293be205cefe26ff09aebb9b1.grib,grib,,,,,False,18921678840,D:\Mestrado\GATA_2025_2026\Prueba_aislada\ISO_GATA_20260121_130505\Complementariedad de analisis\Module C\Datos\CAM-GFAS (ADS)\e22519c293be205cefe26ff09aebb9b1.grib,True,False,True,External catalog view only; no mutation in Datos.
data_placeholders\master_dataset_catalog.csv	189	gfas	make_grib_summary.bat,catalogo_raw_v3.csv,/CAM-GFAS (ADS)/make_grib_summary.bat,CAM-GFAS (ADS)/,make_grib_summary.bat,bat,,,,,False,1661,D:\Mestrado\GATA_2025_2026\Prueba_aislada\ISO_GATA_20260121_130505\Complementariedad de analisis\Module C\Datos\CAM-GFAS (ADS)\make_grib_summary.bat,True,False,True,External catalog view only; no mutation in Datos.
data_placeholders\master_dataset_catalog.csv	190	gfas	make_grib_summary_FIXED.ps1,catalogo_raw_v3.csv,/CAM-GFAS (ADS)/make_grib_summary_FIXED.ps1,CAM-GFAS (ADS)/,make_grib_summary_FIXED.ps1,ps1,,,,,False,1842,D:\Mestrado\GATA_2025_2026\Prueba_aislada\ISO_GATA_20260121_130505\Complementariedad de analisis\Module C\Datos\CAM-GFAS (ADS)\make_grib_summary_FIXED.ps1,True,False,True,External catalog view only; no mutation in Datos.
data_placeholders\master_dataset_catalog.csv	202	era5	ERA5_d016a6f04c5e420341cf0e7293fcfb56.zip,zip_manifest_items.csv,,,ERA5_d016a6f04c5e420341cf0e7293fcfb56.zip,.zip,,,,,,37422720,D:\Mestrado\GATA_2025_2026\Prueba_aislada\ISO_GATA_20260121_130505\Complementariedad de analisis\Module C\Datos\ERA5_d016a6f04c5e420341cf0e7293fcfb56.zip,True,False,True,External catalog view only; no mutation in Datos.
data_placeholders\master_dataset_catalog.csv	237	parquet	ParquetFiles_2017.zip,zip_manifest_items.csv,,,ParquetFiles_2017.zip,.zip,,,,,,109502,D:\Mestrado\GATA_2025_2026\Prueba_aislada\ISO_GATA_20260121_130505\Complementariedad de analisis\Module C\Datos\ParquetFiles 2017.zip,True,False,True,External catalog view only; no mutation in Datos.
data_placeholders\master_dataset_catalog.csv	238	parquet	ParquetFiles_2017.zip,zip_manifest_items.csv,,,ParquetFiles_2017.zip,.zip,,,,,,102861,D:\Mestrado\GATA_2025_2026\Prueba_aislada\ISO_GATA_20260121_130505\Complementariedad de analisis\Module C\Datos\ParquetFiles 2017.zip,True,False,True,External catalog view only; no mutation in Datos.
data_placeholders\master_dataset_catalog.csv	239	parquet	ParquetFiles_2017.zip,zip_manifest_items.csv,,,ParquetFiles_2017.zip,.zip,,,,,,104257,D:\Mestrado\GATA_2025_2026\Prueba_aislada\ISO_GATA_20260121_130505\Complementariedad de analisis\Module C\Datos\ParquetFiles 2017.zip,True,False,True,External catalog view only; no mutation in Datos.
data_placeholders\master_dataset_catalog.csv	240	parquet	ParquetFiles_2017.zip,zip_manifest_items.csv,,,ParquetFiles_2017.zip,.zip,,,,,,100622,D:\Mestrado\GATA_2025_2026\Prueba_aislada\ISO_GATA_20260121_130505\Complementariedad de analisis\Module C\Datos\ParquetFiles 2017.zip,True,False,True,External catalog view only; no mutation in Datos.
data_placeholders\master_dataset_catalog.csv	241	parquet	ParquetFiles_2017.zip,zip_manifest_items.csv,,,ParquetFiles_2017.zip,.zip,,,,,,97415,D:\Mestrado\GATA_2025_2026\Prueba_aislada\ISO_GATA_20260121_130505\Complementariedad de analisis\Module C\Datos\ParquetFiles 2017.zip,True,False,True,External catalog view only; no mutation in Datos.
data_placeholders\master_dataset_catalog.csv	242	parquet	ParquetFiles_2017.zip,zip_manifest_items.csv,,,ParquetFiles_2017.zip,.zip,,,,,,110835,D:\Mestrado\GATA_2025_2026\Prueba_aislada\ISO_GATA_20260121_130505\Complementariedad de analisis\Module C\Datos\ParquetFiles 2017.zip,True,False,True,External catalog view only; no mutation in Datos.
data_placeholders\master_dataset_catalog.csv	243	parquet	ParquetFiles_2017.zip,zip_manifest_items.csv,,,ParquetFiles_2017.zip,.zip,,,,,,118848,D:\Mestrado\GATA_2025_2026\Prueba_aislada\ISO_GATA_20260121_130505\Complementariedad de analisis\Module C\Datos\ParquetFiles 2017.zip,True,False,True,External catalog view only; no mutation in Datos.
data_placeholders\master_dataset_catalog.csv	244	parquet	ParquetFiles_2017.zip,zip_manifest_items.csv,,,ParquetFiles_2017.zip,.zip,,,,,,2728,D:\Mestrado\GATA_2025_2026\Prueba_aislada\ISO_GATA_20260121_130505\Complementariedad de analisis\Module C\Datos\ParquetFiles 2017.zip,True,False,True,External catalog view only; no mutation in Datos.
data_placeholders\master_dataset_catalog.csv	245	parquet	ParquetFiles_2017.zip,zip_manifest_items.csv,,,ParquetFiles_2017.zip,.zip,,,,,,95483,D:\Mestrado\GATA_2025_2026\Prueba_aislada\ISO_GATA_20260121_130505\Complementariedad de analisis\Module C\Datos\ParquetFiles 2017.zip,True,False,True,External catalog view only; no mutation in Datos.
data_placeholders\master_dataset_catalog.csv	246	parquet	ParquetFiles_2017.zip,zip_manifest_items.csv,,,ParquetFiles_2017.zip,.zip,,,,,,110083,D:\Mestrado\GATA_2025_2026\Prueba_aislada\ISO_GATA_20260121_130505\Complementariedad de analisis\Module C\Datos\ParquetFiles 2017.zip,True,False,True,External catalog view only; no mutation in Datos.
data_placeholders\master_dataset_catalog.csv	247	parquet	ParquetFiles_2017.zip,zip_manifest_items.csv,,,ParquetFiles_2017.zip,.zip,,,,,,2728,D:\Mestrado\GATA_2025_2026\Prueba_aislada\ISO_GATA_20260121_130505\Complementariedad de analisis\Module C\Datos\ParquetFiles 2017.zip,True,False,True,External catalog view only; no mutation in Datos.
data_placeholders\master_dataset_catalog.csv	248	parquet	ParquetFiles_2017.zip,zip_manifest_items.csv,,,ParquetFiles_2017.zip,.zip,,,,,,115050,D:\Mestrado\GATA_2025_2026\Prueba_aislada\ISO_GATA_20260121_130505\Complementariedad de analisis\Module C\Datos\ParquetFiles 2017.zip,True,False,True,External catalog view only; no mutation in Datos.
data_placeholders\master_dataset_catalog.csv	249	parquet	ParquetFiles_2017.zip,zip_manifest_items.csv,,,ParquetFiles_2017.zip,.zip,,,,,,2728,D:\Mestrado\GATA_2025_2026\Prueba_aislada\ISO_GATA_20260121_130505\Complementariedad de analisis\Module C\Datos\ParquetFiles 2017.zip,True,False,True,External catalog view only; no mutation in Datos.
data_placeholders\master_dataset_catalog.csv	250	parquet	ParquetFiles_2017.zip,zip_manifest_items.csv,,,ParquetFiles_2017.zip,.zip,,,,,,2728,D:\Mestrado\GATA_2025_2026\Prueba_aislada\ISO_GATA_20260121_130505\Complementariedad de analisis\Module C\Datos\ParquetFiles 2017.zip,True,False,True,External catalog view only; no mutation in Datos.
data_placeholders\master_dataset_catalog.csv	251	parquet	ParquetFiles_2017.zip,zip_manifest_items.csv,,,ParquetFiles_2017.zip,.zip,,,,,,95431,D:\Mestrado\GATA_2025_2026\Prueba_aislada\ISO_GATA_20260121_130505\Complementariedad de analisis\Module C\Datos\ParquetFiles 2017.zip,True,False,True,External catalog view only; no mutation in Datos.
data_placeholders\master_dataset_catalog.csv	252	parquet	ParquetFiles_2017.zip,zip_manifest_items.csv,,,ParquetFiles_2017.zip,.zip,,,,,,98634,D:\Mestrado\GATA_2025_2026\Prueba_aislada\ISO_GATA_20260121_130505\Complementariedad de analisis\Module C\Datos\ParquetFiles 2017.zip,True,False,True,External catalog view only; no mutation in Datos.
data_placeholders\master_dataset_catalog.csv	253	parquet	ParquetFiles_2017.zip,zip_manifest_items.csv,,,ParquetFiles_2017.zip,.zip,,,,,,2728,D:\Mestrado\GATA_2025_2026\Prueba_aislada\ISO_GATA_20260121_130505\Complementariedad de analisis\Module C\Datos\ParquetFiles 2017.zip,True,False,True,External catalog view only; no mutation in Datos.
data_placeholders\master_dataset_catalog.csv	254	parquet	ParquetFiles_2017.zip,zip_manifest_items.csv,,,ParquetFiles_2017.zip,.zip,,,,,,106885,D:\Mestrado\GATA_2025_2026\Prueba_aislada\ISO_GATA_20260121_130505\Complementariedad de analisis\Module C\Datos\ParquetFiles 2017.zip,True,False,True,External catalog view only; no mutation in Datos.
data_placeholders\master_dataset_catalog.csv	255	parquet	ParquetFiles_2017.zip,zip_manifest_items.csv,,,ParquetFiles_2017.zip,.zip,,,,,,104804,D:\Mestrado\GATA_2025_2026\Prueba_aislada\ISO_GATA_20260121_130505\Complementariedad de analisis\Module C\Datos\ParquetFiles 2017.zip,True,False,True,External catalog view only; no mutation in Datos.
data_placeholders\master_dataset_catalog.csv	256	parquet	ParquetFiles_2017.zip,zip_manifest_items.csv,,,ParquetFiles_2017.zip,.zip,,,,,,106777,D:\Mestrado\GATA_2025_2026\Prueba_aislada\ISO_GATA_20260121_130505\Complementariedad de analisis\Module C\Datos\ParquetFiles 2017.zip,True,False,True,External catalog view only; no mutation in Datos.
data_placeholders\master_dataset_catalog.csv	257	parquet	ParquetFiles_2017.zip,zip_manifest_items.csv,,,ParquetFiles_2017.zip,.zip,,,,,,108419,D:\Mestrado\GATA_2025_2026\Prueba_aislada\ISO_GATA_20260121_130505\Complementariedad de analisis\Module C\Datos\ParquetFiles 2017.zip,True,False,True,External catalog view only; no mutation in Datos.
data_placeholders\master_dataset_catalog.csv	258	parquet	ParquetFiles_2017.zip,zip_manifest_items.csv,,,ParquetFiles_2017.zip,.zip,,,,,,104569,D:\Mestrado\GATA_2025_2026\Prueba_aislada\ISO_GATA_20260121_130505\Complementariedad de analisis\Module C\Datos\ParquetFiles 2017.zip,True,False,True,External catalog view only; no mutation in Datos.
data_placeholders\master_dataset_catalog.csv	259	parquet	ParquetFiles_2017.zip,zip_manifest_items.csv,,,ParquetFiles_2017.zip,.zip,,,,,,97796,D:\Mestrado\GATA_2025_2026\Prueba_aislada\ISO_GATA_20260121_130505\Complementariedad de analisis\Module C\Datos\ParquetFiles 2017.zip,True,False,True,External catalog view only; no mutation in Datos.
data_placeholders\master_dataset_catalog.csv	260	parquet	ParquetFiles_2022.zip,zip_manifest_items.csv,,,ParquetFiles_2022.zip,.zip,,,,,,113609,D:\Mestrado\GATA_2025_2026\Prueba_aislada\ISO_GATA_20260121_130505\Complementariedad de analisis\Module C\Datos\ParquetFiles 2022.zip,True,False,True,External catalog view only; no mutation in Datos.
data_placeholders\master_dataset_catalog.csv	261	parquet	ParquetFiles_2022.zip,zip_manifest_items.csv,,,ParquetFiles_2022.zip,.zip,,,,,,95968,D:\Mestrado\GATA_2025_2026\Prueba_aislada\ISO_GATA_20260121_130505\Complementariedad de analisis\Module C\Datos\ParquetFiles 2022.zip,True,False,True,External catalog view only; no mutation in Datos.
data_placeholders\master_dataset_catalog.csv	262	parquet	ParquetFiles_2022.zip,zip_manifest_items.csv,,,ParquetFiles_2022.zip,.zip,,,,,,102768,D:\Mestrado\GATA_2025_2026\Prueba_aislada\ISO_GATA_20260121_130505\Complementariedad de analisis\Module C\Datos\ParquetFiles 2022.zip,True,False,True,External catalog view only; no mutation in Datos.
data_placeholders\master_dataset_catalog.csv	263	parquet	ParquetFiles_2022.zip,zip_manifest_items.csv,,,ParquetFiles_2022.zip,.zip,,,,,,111972,D:\Mestrado\GATA_2025_2026\Prueba_aislada\ISO_GATA_20260121_130505\Complementariedad de analisis\Module C\Datos\ParquetFiles 2022.zip,True,False,True,External catalog view only; no mutation in Datos.
data_placeholders\master_dataset_catalog.csv	264	parquet	ParquetFiles_2022.zip,zip_manifest_items.csv,,,ParquetFiles_2022.zip,.zip,,,,,,98170,D:\Mestrado\GATA_2025_2026\Prueba_aislada\ISO_GATA_20260121_130505\Complementariedad de analisis\Module C\Datos\ParquetFiles 2022.zip,True,False,True,External catalog view only; no mutation in Datos.
data_placeholders\master_dataset_catalog.csv	265	parquet	ParquetFiles_2022.zip,zip_manifest_items.csv,,,ParquetFiles_2022.zip,.zip,,,,,,2728,D:\Mestrado\GATA_2025_2026\Prueba_aislada\ISO_GATA_20260121_130505\Complementariedad de analisis\Module C\Datos\ParquetFiles 2022.zip,True,False,True,External catalog view only; no mutation in Datos.
data_placeholders\master_dataset_catalog.csv	266	parquet	ParquetFiles_2022.zip,zip_manifest_items.csv,,,ParquetFiles_2022.zip,.zip,,,,,,108979,D:\Mestrado\GATA_2025_2026\Prueba_aislada\ISO_GATA_20260121_130505\Complementariedad de analisis\Module C\Datos\ParquetFiles 2022.zip,True,False,True,External catalog view only; no mutation in Datos.
data_placeholders\master_dataset_catalog.csv	267	parquet	ParquetFiles_2022.zip,zip_manifest_items.csv,,,ParquetFiles_2022.zip,.zip,,,,,,111650,D:\Mestrado\GATA_2025_2026\Prueba_aislada\ISO_GATA_20260121_130505\Complementariedad de analisis\Module C\Datos\ParquetFiles 2022.zip,True,False,True,External catalog view only; no mutation in Datos.
data_placeholders\master_dataset_catalog.csv	268	parquet	ParquetFiles_2022.zip,zip_manifest_items.csv,,,ParquetFiles_2022.zip,.zip,,,,,,71198,D:\Mestrado\GATA_2025_2026\Prueba_aislada\ISO_GATA_20260121_130505\Complementariedad de analisis\Module C\Datos\ParquetFiles 2022.zip,True,False,True,External catalog view only; no mutation in Datos.
data_placeholders\master_dataset_catalog.csv	269	parquet	ParquetFiles_2022.zip,zip_manifest_items.csv,,,ParquetFiles_2022.zip,.zip,,,,,,98039,D:\Mestrado\GATA_2025_2026\Prueba_aislada\ISO_GATA_20260121_130505\Complementariedad de analisis\Module C\Datos\ParquetFiles 2022.zip,True,False,True,External catalog view only; no mutation in Datos.
data_placeholders\master_dataset_catalog.csv	270	parquet	ParquetFiles_2022.zip,zip_manifest_items.csv,,,ParquetFiles_2022.zip,.zip,,,,,,112539,D:\Mestrado\GATA_2025_2026\Prueba_aislada\ISO_GATA_20260121_130505\Complementariedad de analisis\Module C\Datos\ParquetFiles 2022.zip,True,False,True,External catalog view only; no mutation in Datos.
data_placeholders\master_dataset_catalog.csv	271	parquet	ParquetFiles_2022.zip,zip_manifest_items.csv,,,ParquetFiles_2022.zip,.zip,,,,,,71542,D:\Mestrado\GATA_2025_2026\Prueba_aislada\ISO_GATA_20260121_130505\Complementariedad de analisis\Module C\Datos\ParquetFiles 2022.zip,True,False,True,External catalog view only; no mutation in Datos.
data_placeholders\master_dataset_catalog.csv	272	parquet	ParquetFiles_2022.zip,zip_manifest_items.csv,,,ParquetFiles_2022.zip,.zip,,,,,,114374,D:\Mestrado\GATA_2025_2026\Prueba_aislada\ISO_GATA_20260121_130505\Complementariedad de analisis\Module C\Datos\ParquetFiles 2022.zip,True,False,True,External catalog view only; no mutation in Datos.
data_placeholders\master_dataset_catalog.csv	273	parquet	ParquetFiles_2022.zip,zip_manifest_items.csv,,,ParquetFiles_2022.zip,.zip,,,,,,112470,D:\Mestrado\GATA_2025_2026\Prueba_aislada\ISO_GATA_20260121_130505\Complementariedad de analisis\Module C\Datos\ParquetFiles 2022.zip,True,False,True,External catalog view only; no mutation in Datos.
data_placeholders\master_dataset_catalog.csv	274	parquet	ParquetFiles_2022.zip,zip_manifest_items.csv,,,ParquetFiles_2022.zip,.zip,,,,,,82042,D:\Mestrado\GATA_2025_2026\Prueba_aislada\ISO_GATA_20260121_130505\Complementariedad de analisis\Module C\Datos\ParquetFiles 2022.zip,True,False,True,External catalog view only; no mutation in Datos.
data_placeholders\master_dataset_catalog.csv	275	parquet	ParquetFiles_2022.zip,zip_manifest_items.csv,,,ParquetFiles_2022.zip,.zip,,,,,,99801,D:\Mestrado\GATA_2025_2026\Prueba_aislada\ISO_GATA_20260121_130505\Complementariedad de analisis\Module C\Datos\ParquetFiles 2022.zip,True,False,True,External catalog view only; no mutation in Datos.
data_placeholders\master_dataset_catalog.csv	276	parquet	ParquetFiles_2022.zip,zip_manifest_items.csv,,,ParquetFiles_2022.zip,.zip,,,,,,106327,D:\Mestrado\GATA_2025_2026\Prueba_aislada\ISO_GATA_20260121_130505\Complementariedad de analisis\Module C\Datos\ParquetFiles 2022.zip,True,False,True,External catalog view only; no mutation in Datos.
data_placeholders\master_dataset_catalog.csv	277	parquet	ParquetFiles_2022.zip,zip_manifest_items.csv,,,ParquetFiles_2022.zip,.zip,,,,,,103510,D:\Mestrado\GATA_2025_2026\Prueba_aislada\ISO_GATA_20260121_130505\Complementariedad de analisis\Module C\Datos\ParquetFiles 2022.zip,True,False,True,External catalog view only; no mutation in Datos.
data_placeholders\master_dataset_catalog.csv	278	parquet	ParquetFiles_2022.zip,zip_manifest_items.csv,,,ParquetFiles_2022.zip,.zip,,,,,,2728,D:\Mestrado\GATA_2025_2026\Prueba_aislada\ISO_GATA_20260121_130505\Complementariedad de analisis\Module C\Datos\ParquetFiles 2022.zip,True,False,True,External catalog view only; no mutation in Datos.
data_placeholders\master_dataset_catalog.csv	279	parquet	ParquetFiles_2022.zip,zip_manifest_items.csv,,,ParquetFiles_2022.zip,.zip,,,,,,113565,D:\Mestrado\GATA_2025_2026\Prueba_aislada\ISO_GATA_20260121_130505\Complementariedad de analisis\Module C\Datos\ParquetFiles 2022.zip,True,False,True,External catalog view only; no mutation in Datos.
data_placeholders\master_dataset_catalog.csv	280	parquet	ParquetFiles_2022.zip,zip_manifest_items.csv,,,ParquetFiles_2022.zip,.zip,,,,,,105313,D:\Mestrado\GATA_2025_2026\Prueba_aislada\ISO_GATA_20260121_130505\Complementariedad de analisis\Module C\Datos\ParquetFiles 2022.zip,True,False,True,External catalog view only; no mutation in Datos.
data_placeholders\master_dataset_catalog.csv	281	parquet	ParquetFiles_2022.zip,zip_manifest_items.csv,,,ParquetFiles_2022.zip,.zip,,,,,,102765,D:\Mestrado\GATA_2025_2026\Prueba_aislada\ISO_GATA_20260121_130505\Complementariedad de analisis\Module C\Datos\ParquetFiles 2022.zip,True,False,True,External catalog view only; no mutation in Datos.
data_placeholders\master_dataset_catalog.csv	282	parquet	ParquetFiles_2022.zip,zip_manifest_items.csv,,,ParquetFiles_2022.zip,.zip,,,,,,108911,D:\Mestrado\GATA_2025_2026\Prueba_aislada\ISO_GATA_20260121_130505\Complementariedad de analisis\Module C\Datos\ParquetFiles 2022.zip,True,False,True,External catalog view only; no mutation in Datos.
data_placeholders\master_dataset_catalog.csv	283	parquet	ParquetFiles_2022.zip,zip_manifest_items.csv,,,ParquetFiles_2022.zip,.zip,,,,,,110472,D:\Mestrado\GATA_2025_2026\Prueba_aislada\ISO_GATA_20260121_130505\Complementariedad de analisis\Module C\Datos\ParquetFiles 2022.zip,True,False,True,External catalog view only; no mutation in Datos.
data_placeholders\master_dataset_catalog.csv	284	parquet	ParquetFiles_2022.zip,zip_manifest_items.csv,,,ParquetFiles_2022.zip,.zip,,,,,,104040,D:\Mestrado\GATA_2025_2026\Prueba_aislada\ISO_GATA_20260121_130505\Complementariedad de analisis\Module C\Datos\ParquetFiles 2022.zip,True,False,True,External catalog view only; no mutation in Datos.
data_placeholders\master_dataset_catalog.csv	286	era5	ERA5_d016a6f04c5e420341cf0e7293fcfb56.zip,zip_manifest_items.csv.bak_20260118_181224,,,ERA5_d016a6f04c5e420341cf0e7293fcfb56.zip,.zip,,,,,,37422720,D:\Mestrado\GATA_2025_2026\Complementariedad de análisis\Module C\Datos\ERA5_d016a6f04c5e420341cf0e7293fcfb56.zip,False,False,True,External catalog view only; no mutation in Datos.
data_placeholders\master_dataset_catalog.csv	321	parquet	ParquetFiles_2017.zip,zip_manifest_items.csv.bak_20260118_181224,,,ParquetFiles_2017.zip,.zip,,,,,,109502,D:\Mestrado\GATA_2025_2026\Complementariedad de análisis\Module C\Datos\ParquetFiles 2017.zip,False,False,True,External catalog view only; no mutation in Datos.
data_placeholders\master_dataset_catalog.csv	322	parquet	ParquetFiles_2017.zip,zip_manifest_items.csv.bak_20260118_181224,,,ParquetFiles_2017.zip,.zip,,,,,,102861,D:\Mestrado\GATA_2025_2026\Complementariedad de análisis\Module C\Datos\ParquetFiles 2017.zip,False,False,True,External catalog view only; no mutation in Datos.
data_placeholders\master_dataset_catalog.csv	323	parquet	ParquetFiles_2017.zip,zip_manifest_items.csv.bak_20260118_181224,,,ParquetFiles_2017.zip,.zip,,,,,,104257,D:\Mestrado\GATA_2025_2026\Complementariedad de análisis\Module C\Datos\ParquetFiles 2017.zip,False,False,True,External catalog view only; no mutation in Datos.
data_placeholders\master_dataset_catalog.csv	324	parquet	ParquetFiles_2017.zip,zip_manifest_items.csv.bak_20260118_181224,,,ParquetFiles_2017.zip,.zip,,,,,,100622,D:\Mestrado\GATA_2025_2026\Complementariedad de análisis\Module C\Datos\ParquetFiles 2017.zip,False,False,True,External catalog view only; no mutation in Datos.
data_placeholders\master_dataset_catalog.csv	325	parquet	ParquetFiles_2017.zip,zip_manifest_items.csv.bak_20260118_181224,,,ParquetFiles_2017.zip,.zip,,,,,,97415,D:\Mestrado\GATA_2025_2026\Complementariedad de análisis\Module C\Datos\ParquetFiles 2017.zip,False,False,True,External catalog view only; no mutation in Datos.
data_placeholders\master_dataset_catalog.csv	326	parquet	ParquetFiles_2017.zip,zip_manifest_items.csv.bak_20260118_181224,,,ParquetFiles_2017.zip,.zip,,,,,,110835,D:\Mestrado\GATA_2025_2026\Complementariedad de análisis\Module C\Datos\ParquetFiles 2017.zip,False,False,True,External catalog view only; no mutation in Datos.
data_placeholders\master_dataset_catalog.csv	327	parquet	ParquetFiles_2017.zip,zip_manifest_items.csv.bak_20260118_181224,,,ParquetFiles_2017.zip,.zip,,,,,,118848,D:\Mestrado\GATA_2025_2026\Complementariedad de análisis\Module C\Datos\ParquetFiles 2017.zip,False,False,True,External catalog view only; no mutation in Datos.
data_placeholders\master_dataset_catalog.csv	328	parquet	ParquetFiles_2017.zip,zip_manifest_items.csv.bak_20260118_181224,,,ParquetFiles_2017.zip,.zip,,,,,,2728,D:\Mestrado\GATA_2025_2026\Complementariedad de análisis\Module C\Datos\ParquetFiles 2017.zip,False,False,True,External catalog view only; no mutation in Datos.
data_placeholders\master_dataset_catalog.csv	329	parquet	ParquetFiles_2017.zip,zip_manifest_items.csv.bak_20260118_181224,,,ParquetFiles_2017.zip,.zip,,,,,,95483,D:\Mestrado\GATA_2025_2026\Complementariedad de análisis\Module C\Datos\ParquetFiles 2017.zip,False,False,True,External catalog view only; no mutation in Datos.
data_placeholders\master_dataset_catalog.csv	330	parquet	ParquetFiles_2017.zip,zip_manifest_items.csv.bak_20260118_181224,,,ParquetFiles_2017.zip,.zip,,,,,,110083,D:\Mestrado\GATA_2025_2026\Complementariedad de análisis\Module C\Datos\ParquetFiles 2017.zip,False,False,True,External catalog view only; no mutation in Datos.
data_placeholders\master_dataset_catalog.csv	331	parquet	ParquetFiles_2017.zip,zip_manifest_items.csv.bak_20260118_181224,,,ParquetFiles_2017.zip,.zip,,,,,,2728,D:\Mestrado\GATA_2025_2026\Complementariedad de análisis\Module C\Datos\ParquetFiles 2017.zip,False,False,True,External catalog view only; no mutation in Datos.
data_placeholders\master_dataset_catalog.csv	332	parquet	ParquetFiles_2017.zip,zip_manifest_items.csv.bak_20260118_181224,,,ParquetFiles_2017.zip,.zip,,,,,,115050,D:\Mestrado\GATA_2025_2026\Complementariedad de análisis\Module C\Datos\ParquetFiles 2017.zip,False,False,True,External catalog view only; no mutation in Datos.
data_placeholders\master_dataset_catalog.csv	333	parquet	ParquetFiles_2017.zip,zip_manifest_items.csv.bak_20260118_181224,,,ParquetFiles_2017.zip,.zip,,,,,,2728,D:\Mestrado\GATA_2025_2026\Complementariedad de análisis\Module C\Datos\ParquetFiles 2017.zip,False,False,True,External catalog view only; no mutation in Datos.
data_placeholders\master_dataset_catalog.csv	334	parquet	ParquetFiles_2017.zip,zip_manifest_items.csv.bak_20260118_181224,,,ParquetFiles_2017.zip,.zip,,,,,,2728,D:\Mestrado\GATA_2025_2026\Complementariedad de análisis\Module C\Datos\ParquetFiles 2017.zip,False,False,True,External catalog view only; no mutation in Datos.
data_placeholders\master_dataset_catalog.csv	335	parquet	ParquetFiles_2017.zip,zip_manifest_items.csv.bak_20260118_181224,,,ParquetFiles_2017.zip,.zip,,,,,,95431,D:\Mestrado\GATA_2025_2026\Complementariedad de análisis\Module C\Datos\ParquetFiles 2017.zip,False,False,True,External catalog view only; no mutation in Datos.
data_placeholders\master_dataset_catalog.csv	336	parquet	ParquetFiles_2017.zip,zip_manifest_items.csv.bak_20260118_181224,,,ParquetFiles_2017.zip,.zip,,,,,,98634,D:\Mestrado\GATA_2025_2026\Complementariedad de análisis\Module C\Datos\ParquetFiles 2017.zip,False,False,True,External catalog view only; no mutation in Datos.
data_placeholders\master_dataset_catalog.csv	337	parquet	ParquetFiles_2017.zip,zip_manifest_items.csv.bak_20260118_181224,,,ParquetFiles_2017.zip,.zip,,,,,,2728,D:\Mestrado\GATA_2025_2026\Complementariedad de análisis\Module C\Datos\ParquetFiles 2017.zip,False,False,True,External catalog view only; no mutation in Datos.
data_placeholders\master_dataset_catalog.csv	338	parquet	ParquetFiles_2017.zip,zip_manifest_items.csv.bak_20260118_181224,,,ParquetFiles_2017.zip,.zip,,,,,,106885,D:\Mestrado\GATA_2025_2026\Complementariedad de análisis\Module C\Datos\ParquetFiles 2017.zip,False,False,True,External catalog view only; no mutation in Datos.
data_placeholders\master_dataset_catalog.csv	339	parquet	ParquetFiles_2017.zip,zip_manifest_items.csv.bak_20260118_181224,,,ParquetFiles_2017.zip,.zip,,,,,,104804,D:\Mestrado\GATA_2025_2026\Complementariedad de análisis\Module C\Datos\ParquetFiles 2017.zip,False,False,True,External catalog view only; no mutation in Datos.
data_placeholders\master_dataset_catalog.csv	340	parquet	ParquetFiles_2017.zip,zip_manifest_items.csv.bak_20260118_181224,,,ParquetFiles_2017.zip,.zip,,,,,,106777,D:\Mestrado\GATA_2025_2026\Complementariedad de análisis\Module C\Datos\ParquetFiles 2017.zip,False,False,True,External catalog view only; no mutation in Datos.
data_placeholders\master_dataset_catalog.csv	341	parquet	ParquetFiles_2017.zip,zip_manifest_items.csv.bak_20260118_181224,,,ParquetFiles_2017.zip,.zip,,,,,,108419,D:\Mestrado\GATA_2025_2026\Complementariedad de análisis\Module C\Datos\ParquetFiles 2017.zip,False,False,True,External catalog view only; no mutation in Datos.
data_placeholders\master_dataset_catalog.csv	342	parquet	ParquetFiles_2017.zip,zip_manifest_items.csv.bak_20260118_181224,,,ParquetFiles_2017.zip,.zip,,,,,,104569,D:\Mestrado\GATA_2025_2026\Complementariedad de análisis\Module C\Datos\ParquetFiles 2017.zip,False,False,True,External catalog view only; no mutation in Datos.
data_placeholders\master_dataset_catalog.csv	343	parquet	ParquetFiles_2017.zip,zip_manifest_items.csv.bak_20260118_181224,,,ParquetFiles_2017.zip,.zip,,,,,,97796,D:\Mestrado\GATA_2025_2026\Complementariedad de análisis\Module C\Datos\ParquetFiles 2017.zip,False,False,True,External catalog view only; no mutation in Datos.
data_placeholders\master_dataset_catalog.csv	344	parquet	ParquetFiles_2022.zip,zip_manifest_items.csv.bak_20260118_181224,,,ParquetFiles_2022.zip,.zip,,,,,,113609,D:\Mestrado\GATA_2025_2026\Complementariedad de análisis\Module C\Datos\ParquetFiles 2022.zip,False,False,True,External catalog view only; no mutation in Datos.
data_placeholders\master_dataset_catalog.csv	345	parquet	ParquetFiles_2022.zip,zip_manifest_items.csv.bak_20260118_181224,,,ParquetFiles_2022.zip,.zip,,,,,,95968,D:\Mestrado\GATA_2025_2026\Complementariedad de análisis\Module C\Datos\ParquetFiles 2022.zip,False,False,True,External catalog view only; no mutation in Datos.
data_placeholders\master_dataset_catalog.csv	346	parquet	ParquetFiles_2022.zip,zip_manifest_items.csv.bak_20260118_181224,,,ParquetFiles_2022.zip,.zip,,,,,,102768,D:\Mestrado\GATA_2025_2026\Complementariedad de análisis\Module C\Datos\ParquetFiles 2022.zip,False,False,True,External catalog view only; no mutation in Datos.
data_placeholders\master_dataset_catalog.csv	347	parquet	ParquetFiles_2022.zip,zip_manifest_items.csv.bak_20260118_181224,,,ParquetFiles_2022.zip,.zip,,,,,,111972,D:\Mestrado\GATA_2025_2026\Complementariedad de análisis\Module C\Datos\ParquetFiles 2022.zip,False,False,True,External catalog view only; no mutation in Datos.
data_placeholders\master_dataset_catalog.csv	348	parquet	ParquetFiles_2022.zip,zip_manifest_items.csv.bak_20260118_181224,,,ParquetFiles_2022.zip,.zip,,,,,,98170,D:\Mestrado\GATA_2025_2026\Complementariedad de análisis\Module C\Datos\ParquetFiles 2022.zip,False,False,True,External catalog view only; no mutation in Datos.
data_placeholders\master_dataset_catalog.csv	349	parquet	ParquetFiles_2022.zip,zip_manifest_items.csv.bak_20260118_181224,,,ParquetFiles_2022.zip,.zip,,,,,,2728,D:\Mestrado\GATA_2025_2026\Complementariedad de análisis\Module C\Datos\ParquetFiles 2022.zip,False,False,True,External catalog view only; no mutation in Datos.
data_placeholders\master_dataset_catalog.csv	350	parquet	ParquetFiles_2022.zip,zip_manifest_items.csv.bak_20260118_181224,,,ParquetFiles_2022.zip,.zip,,,,,,108979,D:\Mestrado\GATA_2025_2026\Complementariedad de análisis\Module C\Datos\ParquetFiles 2022.zip,False,False,True,External catalog view only; no mutation in Datos.
data_placeholders\master_dataset_catalog.csv	351	parquet	ParquetFiles_2022.zip,zip_manifest_items.csv.bak_20260118_181224,,,ParquetFiles_2022.zip,.zip,,,,,,111650,D:\Mestrado\GATA_2025_2026\Complementariedad de análisis\Module C\Datos\ParquetFiles 2022.zip,False,False,True,External catalog view only; no mutation in Datos.
data_placeholders\master_dataset_catalog.csv	352	parquet	ParquetFiles_2022.zip,zip_manifest_items.csv.bak_20260118_181224,,,ParquetFiles_2022.zip,.zip,,,,,,71198,D:\Mestrado\GATA_2025_2026\Complementariedad de análisis\Module C\Datos\ParquetFiles 2022.zip,False,False,True,External catalog view only; no mutation in Datos.
data_placeholders\master_dataset_catalog.csv	353	parquet	ParquetFiles_2022.zip,zip_manifest_items.csv.bak_20260118_181224,,,ParquetFiles_2022.zip,.zip,,,,,,98039,D:\Mestrado\GATA_2025_2026\Complementariedad de análisis\Module C\Datos\ParquetFiles 2022.zip,False,False,True,External catalog view only; no mutation in Datos.
data_placeholders\master_dataset_catalog.csv	354	parquet	ParquetFiles_2022.zip,zip_manifest_items.csv.bak_20260118_181224,,,ParquetFiles_2022.zip,.zip,,,,,,112539,D:\Mestrado\GATA_2025_2026\Complementariedad de análisis\Module C\Datos\ParquetFiles 2022.zip,False,False,True,External catalog view only; no mutation in Datos.
data_placeholders\master_dataset_catalog.csv	355	parquet	ParquetFiles_2022.zip,zip_manifest_items.csv.bak_20260118_181224,,,ParquetFiles_2022.zip,.zip,,,,,,71542,D:\Mestrado\GATA_2025_2026\Complementariedad de análisis\Module C\Datos\ParquetFiles 2022.zip,False,False,True,External catalog view only; no mutation in Datos.
data_placeholders\master_dataset_catalog.csv	356	parquet	ParquetFiles_2022.zip,zip_manifest_items.csv.bak_20260118_181224,,,ParquetFiles_2022.zip,.zip,,,,,,114374,D:\Mestrado\GATA_2025_2026\Complementariedad de análisis\Module C\Datos\ParquetFiles 2022.zip,False,False,True,External catalog view only; no mutation in Datos.
data_placeholders\master_dataset_catalog.csv	357	parquet	ParquetFiles_2022.zip,zip_manifest_items.csv.bak_20260118_181224,,,ParquetFiles_2022.zip,.zip,,,,,,112470,D:\Mestrado\GATA_2025_2026\Complementariedad de análisis\Module C\Datos\ParquetFiles 2022.zip,False,False,True,External catalog view only; no mutation in Datos.
data_placeholders\master_dataset_catalog.csv	358	parquet	ParquetFiles_2022.zip,zip_manifest_items.csv.bak_20260118_181224,,,ParquetFiles_2022.zip,.zip,,,,,,82042,D:\Mestrado\GATA_2025_2026\Complementariedad de análisis\Module C\Datos\ParquetFiles 2022.zip,False,False,True,External catalog view only; no mutation in Datos.
data_placeholders\master_dataset_catalog.csv	359	parquet	ParquetFiles_2022.zip,zip_manifest_items.csv.bak_20260118_181224,,,ParquetFiles_2022.zip,.zip,,,,,,99801,D:\Mestrado\GATA_2025_2026\Complementariedad de análisis\Module C\Datos\ParquetFiles 2022.zip,False,False,True,External catalog view only; no mutation in Datos.
data_placeholders\master_dataset_catalog.csv	360	parquet	ParquetFiles_2022.zip,zip_manifest_items.csv.bak_20260118_181224,,,ParquetFiles_2022.zip,.zip,,,,,,106327,D:\Mestrado\GATA_2025_2026\Complementariedad de análisis\Module C\Datos\ParquetFiles 2022.zip,False,False,True,External catalog view only; no mutation in Datos.
data_placeholders\master_dataset_catalog.csv	361	parquet	ParquetFiles_2022.zip,zip_manifest_items.csv.bak_20260118_181224,,,ParquetFiles_2022.zip,.zip,,,,,,103510,D:\Mestrado\GATA_2025_2026\Complementariedad de análisis\Module C\Datos\ParquetFiles 2022.zip,False,False,True,External catalog view only; no mutation in Datos.
data_placeholders\master_dataset_catalog.csv	362	parquet	ParquetFiles_2022.zip,zip_manifest_items.csv.bak_20260118_181224,,,ParquetFiles_2022.zip,.zip,,,,,,2728,D:\Mestrado\GATA_2025_2026\Complementariedad de análisis\Module C\Datos\ParquetFiles 2022.zip,False,False,True,External catalog view only; no mutation in Datos.
data_placeholders\master_dataset_catalog.csv	363	parquet	ParquetFiles_2022.zip,zip_manifest_items.csv.bak_20260118_181224,,,ParquetFiles_2022.zip,.zip,,,,,,113565,D:\Mestrado\GATA_2025_2026\Complementariedad de análisis\Module C\Datos\ParquetFiles 2022.zip,False,False,True,External catalog view only; no mutation in Datos.
data_placeholders\master_dataset_catalog.csv	364	parquet	ParquetFiles_2022.zip,zip_manifest_items.csv.bak_20260118_181224,,,ParquetFiles_2022.zip,.zip,,,,,,105313,D:\Mestrado\GATA_2025_2026\Complementariedad de análisis\Module C\Datos\ParquetFiles 2022.zip,False,False,True,External catalog view only; no mutation in Datos.
data_placeholders\master_dataset_catalog.csv	365	parquet	ParquetFiles_2022.zip,zip_manifest_items.csv.bak_20260118_181224,,,ParquetFiles_2022.zip,.zip,,,,,,102765,D:\Mestrado\GATA_2025_2026\Complementariedad de análisis\Module C\Datos\ParquetFiles 2022.zip,False,False,True,External catalog view only; no mutation in Datos.
data_placeholders\master_dataset_catalog.csv	366	parquet	ParquetFiles_2022.zip,zip_manifest_items.csv.bak_20260118_181224,,,ParquetFiles_2022.zip,.zip,,,,,,108911,D:\Mestrado\GATA_2025_2026\Complementariedad de análisis\Module C\Datos\ParquetFiles 2022.zip,False,False,True,External catalog view only; no mutation in Datos.
data_placeholders\master_dataset_catalog.csv	367	parquet	ParquetFiles_2022.zip,zip_manifest_items.csv.bak_20260118_181224,,,ParquetFiles_2022.zip,.zip,,,,,,110472,D:\Mestrado\GATA_2025_2026\Complementariedad de análisis\Module C\Datos\ParquetFiles 2022.zip,False,False,True,External catalog view only; no mutation in Datos.
data_placeholders\master_dataset_catalog.csv	368	parquet	ParquetFiles_2022.zip,zip_manifest_items.csv.bak_20260118_181224,,,ParquetFiles_2022.zip,.zip,,,,,,104040,D:\Mestrado\GATA_2025_2026\Complementariedad de análisis\Module C\Datos\ParquetFiles 2022.zip,False,False,True,External catalog view only; no mutation in Datos.
data_placeholders\master_inputs_for_pipeline.csv	18	smoke,parquet	"paths.smoke_csv,""D:\Mestrado\GATA_2025_2026\Prueba_aislada\ISO_GATA_20260121_130505\Complementariedad de analisis\Module C\Datos\ParquetFiles 2022.zip"",True,STEP3_SMOKE_INPUT,DATOS_MODC,False,True,Primary smoke source anchor (runtime reconstructs full smoke series from parquet primary)."
manifests\B3_2_runtime_manifest_fresh.csv	27	smoke	"""REGENERATE"",""tables\smoke_days_unit_2015_2024.csv"",""D:\Mestrado\GATA_2025_2026\Prueba_aislada\ISO_GATA_20260121_130505\Complementariedad de analisis\Module C\03_outputs\tables\smoke_days_unit_2015_2024.csv"",""True"",""POST_RUNTIME_ARTIFACT"",""REGENERATE_BY_RUNTIME"",""No usar como baseline pre-runtime."""
manifests\B3_2_runtime_token_scan_fresh.csv	68	smoke	"""D:\Mestrado\GATA_2025_2026\Prueba_aislada\_cleanup_control\ISO_GATA_RECONCILIATION_20260518_201808\scripts\run_b3_2_post.ps1"",""284"",""FINAL_SHA_HIST"",""$crt += """"- Regenerar en runtime: report_auditoria_v2.txt, smoke_days_unit_2015_2024.csv, deliverables_step9, final_manifest.json, final_sha256_checkpoints.txt"""""",""CONTROL_SCRIPT_REFERENCE"",""False"""
manifests\B3_2_runtime_token_scan_fresh.csv	69	smoke	"""D:\Mestrado\GATA_2025_2026\Prueba_aislada\_cleanup_control\ISO_GATA_RECONCILIATION_20260518_201808\scripts\run_b3_2_post.ps1"",""284"",""FINAL_MANIFEST_HIST"",""$crt += """"- Regenerar en runtime: report_auditoria_v2.txt, smoke_days_unit_2015_2024.csv, deliverables_step9, final_manifest.json, final_sha256_checkpoints.txt"""""",""CONTROL_SCRIPT_REFERENCE"",""False"""
manifests\B3_4_final_gate_matrix.csv	7	inputs_resolved	"""inputs_resolved canonical"",""PASS"",""PASS"",""B3_4_inputs_resolved_regate.csv"",""High"",""No"",""OK"""
manifests\B3_4_runtime_risk_register.csv	5	smoke	"""smoke_days regeneraciÃ³n"",""Expected"",""B3_4_output_root_regate.csv"",""validar post-runtime missing_flag"",""No"""
manifests\B3_4_runtime_risk_register.csv	12	inputs_resolved	"""inputs_resolved canÃ³nico"",""PASS"",""B3_4_inputs_resolved_regate.csv"",""gate de rutas"",""No"""
pipeline\moduleC_pipeline_v2.py	242	smoke,smoke_route	from smoke_route_selector import apply_route_meta, detect_smoke_sources, select_smoke_route
pipeline\moduleC_pipeline_v2.py	373	smoke	def _is_forbidden_smoke_output_source(path_value: Path) -> bool:
pipeline\moduleC_pipeline_v2.py	631	inputs_resolved	"report.fail(f""inputs_resolved.json missing and catalog missing: {catalog}"")"
pipeline\moduleC_pipeline_v2.py	656	smoke	"""smoke_csv"": by_key.get(""paths.smoke_csv"", """"),"
pipeline\moduleC_pipeline_v2.py	667	inputs_resolved	"report.log(f""inputs_resolved.json synthesized from catalog: {catalog}"")"
pipeline\moduleC_pipeline_v2.py	676	inputs_resolved	"report.log(f""inputs_resolved.json created at: {inputs_path}"")"
pipeline\moduleC_pipeline_v2.py	741	smoke	def _collect_primary_smoke_anchors(modulec_datos: Path, report: Report) -> Dict[int, float]:
pipeline\moduleC_pipeline_v2.py	744	parquet	"parquet_zips = [modulec_datos / ""ParquetFiles 2017.zip"", modulec_datos / ""ParquetFiles 2022.zip""]"
pipeline\moduleC_pipeline_v2.py	745	parquet	parquet_zips = [p for p in parquet_zips if p.exists()]
pipeline\moduleC_pipeline_v2.py	746	parquet	if not parquet_zips:
pipeline\moduleC_pipeline_v2.py	747	smoke,parquet	"report.fail(f""Primary smoke source missing. Expected parquet zips in: {modulec_datos}"")"
pipeline\moduleC_pipeline_v2.py	749	smoke	# station/year/day -> any(Value > 0). This preserves smoke-day signal from primary source.
pipeline\moduleC_pipeline_v2.py	751	parquet	for zpath in parquet_zips:
pipeline\moduleC_pipeline_v2.py	753	parquet	"entries = [n for n in zf.namelist() if n.lower().endswith("".parquet"")]"
pipeline\moduleC_pipeline_v2.py	755	smoke,parquet	"report.fail(f""Primary smoke parquet zip has no parquet entries: {zpath}"")"
pipeline\moduleC_pipeline_v2.py	762	smoke,parquet	"report.fail(f""Cannot open primary smoke parquet: {vpath}"")"
pipeline\moduleC_pipeline_v2.py	765	smoke,parquet	"report.fail(f""Primary smoke parquet has no layer: {vpath}"")"
pipeline\moduleC_pipeline_v2.py	781	smoke,parquet	"report.fail(""Primary smoke parquet contains no usable day-level records for 2015-2024."")"
pipeline\moduleC_pipeline_v2.py	795	smoke,parquet	"report.fail(""Primary smoke parquet has total absence of smoke signal (all days <= 0)."")"
pipeline\moduleC_pipeline_v2.py	799	smoke	"report.fail(""Primary smoke anchors could not be computed."")"
pipeline\moduleC_pipeline_v2.py	801	smoke	"report.fail(""Primary smoke anchors are degenerate: sum(smoke_days)==0."")"
pipeline\moduleC_pipeline_v2.py	803	smoke	"report.fail(""Primary smoke anchors are degenerate: max(smoke_days)==0."")"
pipeline\moduleC_pipeline_v2.py	806	smoke,parquet	"report.log(f""Primary smoke anchors built from parquet: {anchor_txt}"")"
pipeline\moduleC_pipeline_v2.py	810	smoke	def _fill_smoke_year_series(anchors: Dict[int, float], report: Report) -> Tuple[Dict[int, float], Dict[int, str]]:
pipeline\moduleC_pipeline_v2.py	813	smoke	"report.fail(""No primary smoke anchors available for interpolation."")"
pipeline\moduleC_pipeline_v2.py	823	parquet,direct_year	"methods[y] = ""primary_parquet_direct_year"" if y == y0 else ""primary_parquet_flat_single_anchor"""
pipeline\moduleC_pipeline_v2.py	829	parquet,direct_year	"methods[y] = ""primary_parquet_direct_year"""
pipeline\moduleC_pipeline_v2.py	834	parquet,extrapolated_from_anchors	"method = ""primary_parquet_extrapolated_from_anchors"""
pipeline\moduleC_pipeline_v2.py	837	parquet,extrapolated_from_anchors	"method = ""primary_parquet_extrapolated_from_anchors"""
pipeline\moduleC_pipeline_v2.py	845	parquet,interpolated_from_anchors	"method = ""primary_parquet_interpolated_from_anchors"""
pipeline\moduleC_pipeline_v2.py	855	smoke	"report.fail(""Smoke year series is degenerate after interpolation: sum(smoke_days)==0."")"
pipeline\moduleC_pipeline_v2.py	857	smoke	"report.fail(""Smoke year series is degenerate after interpolation: max(smoke_days)==0."")"
pipeline\moduleC_pipeline_v2.py	861	smoke	def _fill_smoke_year_series_relaxed(anchors: Dict[int, float], method_prefix: str) -> Tuple[Dict[int, float], Dict[int, str]]:
pipeline\moduleC_pipeline_v2.py	873	direct_year	"methods[y] = f""{method_prefix}_direct_year"" if y == y0 else f""{method_prefix}_flat_single_anchor"""
pipeline\moduleC_pipeline_v2.py	879	direct_year	"methods[y] = f""{method_prefix}_direct_year"""
pipeline\moduleC_pipeline_v2.py	883	extrapolated_from_anchors	"method = f""{method_prefix}_extrapolated_from_anchors"""
pipeline\moduleC_pipeline_v2.py	886	extrapolated_from_anchors	"method = f""{method_prefix}_extrapolated_from_anchors"""
pipeline\moduleC_pipeline_v2.py	894	interpolated_from_anchors	"method = f""{method_prefix}_interpolated_from_anchors"""
pipeline\moduleC_pipeline_v2.py	967	gfas	"report.log(f""GFAS XYZ unit anchor extraction complete: units_with_anchor={sampled_units}"")"
pipeline\moduleC_pipeline_v2.py	971	smoke	def _load_modulea_smoke_year_series(smoke_catalog_path: Path, report: Report) -> Tuple[Dict[int, float], Dict[int, str]]:
pipeline\moduleC_pipeline_v2.py	972	smoke	if not smoke_catalog_path.exists():
pipeline\moduleC_pipeline_v2.py	973	smoke	"report.fail(f""v1_moduleA smoke catalog not found: {smoke_catalog_path}"")"
pipeline\moduleC_pipeline_v2.py	974	smoke	_header, rows, _delim = read_csv_rows(smoke_catalog_path)
pipeline\moduleC_pipeline_v2.py	980	smoke	"val = safe_float(r.get(""smoke_days""))"
pipeline\moduleC_pipeline_v2.py	982	smoke	"val = safe_float(r.get(""smoke_hours""))"
pipeline\moduleC_pipeline_v2.py	996	smoke	"report.fail(f""v1_moduleA smoke catalog missing required year={y}"")"
pipeline\moduleC_pipeline_v2.py	1002	smoke	def _degrade_smoke_methods(by_year_method: Dict[int, str], prefix: str) -> Dict[int, str]:
pipeline\moduleC_pipeline_v2.py	1009	smoke,smoke_route	def write_smoke_route_audit(
pipeline\moduleC_pipeline_v2.py	1011	smoke	smoke_csv: Path,
pipeline\moduleC_pipeline_v2.py	1015	smoke,smoke_route	"out_tsv = qa_dir / ""smoke_route_audit.tsv"""
pipeline\moduleC_pipeline_v2.py	1016	smoke	_hdr, rows, _delim = read_csv_rows(smoke_csv)
pipeline\moduleC_pipeline_v2.py	1021	smoke	"sd = safe_float(r.get(""smoke_days""))"
pipeline\moduleC_pipeline_v2.py	1027	smoke	"method_by_year[yy] = (r.get(""smoke_method"") or """").strip()"
pipeline\moduleC_pipeline_v2.py	1039	smoke,smoke_route	"str(route_decision.get(""smoke_route_status"", """")),"
pipeline\moduleC_pipeline_v2.py	1040	smoke,smoke_route	"str(route_decision.get(""smoke_route_decision"", """")),"
pipeline\moduleC_pipeline_v2.py	1056	smoke,smoke_route	"""smoke_route_status"","
pipeline\moduleC_pipeline_v2.py	1057	smoke,smoke_route	"""smoke_route_decision"","
pipeline\moduleC_pipeline_v2.py	1070	smoke	smoke_annual_csv: Path,
pipeline\moduleC_pipeline_v2.py	1071	smoke	smoke_daily_csv: Path,
pipeline\moduleC_pipeline_v2.py	1072	gfas	gfas_daily_summary_csv: Path,
pipeline\moduleC_pipeline_v2.py	1087	gfas	gfas_global_summary: Optional[bool] = None
pipeline\moduleC_pipeline_v2.py	1091	smoke	if smoke_daily_csv.exists():
pipeline\moduleC_pipeline_v2.py	1092	smoke	_hdr, daily_rows, _delim = read_csv_rows(smoke_daily_csv)
pipeline\moduleC_pipeline_v2.py	1093	smoke	"add_row(smoke_daily_csv.name, ""rows"", len(daily_rows), ""row_count"", ""READ"")"
pipeline\moduleC_pipeline_v2.py	1097	smoke	"add_row(smoke_daily_csv.name, ""unit_id_unique"", len(unit_ids), ""distinct unit_id count"", ""READ"")"
pipeline\moduleC_pipeline_v2.py	1098	smoke	"add_row(smoke_daily_csv.name, ""date_unique"", len(dates), ""distinct date count"", ""READ"")"
pipeline\moduleC_pipeline_v2.py	1099	smoke	"add_row(smoke_daily_csv.name, ""year_unique"", len(years), ""distinct year count"", ""READ"")"
pipeline\moduleC_pipeline_v2.py	1106	smoke	"v = safe_float(r.get(""smoke_day_score""))"
pipeline\moduleC_pipeline_v2.py	1122	smoke	smoke_daily_csv.name,
pipeline\moduleC_pipeline_v2.py	1129	smoke	smoke_daily_csv.name,
pipeline\moduleC_pipeline_v2.py	1136	smoke	missing_inputs.append(str(smoke_daily_csv))
pipeline\moduleC_pipeline_v2.py	1137	smoke	"add_row(smoke_daily_csv.name, ""exists"", 0, ""missing file"", ""FAIL"")"
pipeline\moduleC_pipeline_v2.py	1139	smoke	if smoke_annual_csv.exists():
pipeline\moduleC_pipeline_v2.py	1140	smoke	_hdr, annual_rows, _delim = read_csv_rows(smoke_annual_csv)
pipeline\moduleC_pipeline_v2.py	1141	smoke	"add_row(smoke_annual_csv.name, ""rows"", len(annual_rows), ""row_count"", ""READ"")"
pipeline\moduleC_pipeline_v2.py	1145	smoke	"v = safe_float(r.get(""smoke_days""))"
pipeline\moduleC_pipeline_v2.py	1155	smoke	smoke_annual_csv.name,
pipeline\moduleC_pipeline_v2.py	1162	smoke	missing_inputs.append(str(smoke_annual_csv))
pipeline\moduleC_pipeline_v2.py	1163	smoke	"add_row(smoke_annual_csv.name, ""exists"", 0, ""missing file"", ""FAIL"")"
pipeline\moduleC_pipeline_v2.py	1165	gfas	if gfas_daily_summary_csv.exists():
pipeline\moduleC_pipeline_v2.py	1166	gfas	hdr, gfas_rows, _delim = read_csv_rows(gfas_daily_summary_csv)
pipeline\moduleC_pipeline_v2.py	1167	gfas	"add_row(gfas_daily_summary_csv.name, ""rows"", len(gfas_rows), ""row_count"", ""READ"")"
pipeline\moduleC_pipeline_v2.py	1171	gfas	gfas_global_summary = not has_unit_id
pipeline\moduleC_pipeline_v2.py	1173	gfas	gfas_daily_summary_csv.name,
pipeline\moduleC_pipeline_v2.py	1175	gfas	1 if gfas_global_summary else 0,
pipeline\moduleC_pipeline_v2.py	1177	gfas	"""GLOBAL_ONLY"" if gfas_global_summary else ""UNIT_LEVEL"","
pipeline\moduleC_pipeline_v2.py	1180	gfas	gfas_daily_summary_csv.name,
pipeline\moduleC_pipeline_v2.py	1187	gfas	missing_inputs.append(str(gfas_daily_summary_csv))
pipeline\moduleC_pipeline_v2.py	1188	gfas	"add_row(gfas_daily_summary_csv.name, ""exists"", 0, ""missing file"", ""FAIL"")"
pipeline\moduleC_pipeline_v2.py	1199	smoke	"hours = safe_float(r.get(""smoke_hours_equiv""))"
pipeline\moduleC_pipeline_v2.py	1214	smoke	"""iech_equals_smoke_hours_equiv_all_rows"","
pipeline\moduleC_pipeline_v2.py	1221	smoke	"""expo_person_hours_equals_pop_times_smoke_hours_all_rows"","
pipeline\moduleC_pipeline_v2.py	1233	gfas	elif daily_homogeneous and annual_homogeneous and gfas_global_summary and iech_collapsed:
pipeline\moduleC_pipeline_v2.py	1235	gfas	elif daily_homogeneous and gfas_global_summary:
pipeline\moduleC_pipeline_v2.py	1265	smoke,smoke_route	def write_smoke_route_source_trace_audit(
pipeline\moduleC_pipeline_v2.py	1272	smoke,smoke_route	"out_tsv = qa_dir / ""smoke_route_source_trace_audit.tsv"""
pipeline\moduleC_pipeline_v2.py	1275	smoke,inputs_resolved	"[""TRACE-001"", ""PASS"" if str(sources.get(""smoke_csv_input"", """")) else ""HOLD"", str(sources.get(""smoke_csv_input"", """")), ""inputs_resolved.paths.smoke_csv""],"
pipeline\moduleC_pipeline_v2.py	1276	smoke	"[""TRACE-002"", ""PASS"" if bool(sources.get(""modulea_validated"")) else ""HOLD"", str(bool(sources.get(""modulea_validated""))), ""validated v1 moduleA smoke catalog""],"
pipeline\moduleC_pipeline_v2.py	1277	gfas	"[""TRACE-003"", ""PASS"" if bool(sources.get(""gfas_exists"")) else ""HOLD"", str(bool(sources.get(""gfas_exists""))), ""GFAS directory physical presence""],"
pipeline\moduleC_pipeline_v2.py	1278	era5	"[""TRACE-004"", ""PASS"" if bool(sources.get(""era5_exists"")) else ""HOLD"", str(bool(sources.get(""era5_exists""))), ""ERA5 zip physical presence""],"
pipeline\moduleC_pipeline_v2.py	1279	gfas,inputs_resolved	"[""TRACE-005"", ""PASS"" if ""gfas"" in payload else ""HOLD"", str(""gfas"" in payload), ""inputs_resolved contains GFAS trace tokens""],"
pipeline\moduleC_pipeline_v2.py	1280	era5,inputs_resolved	"[""TRACE-006"", ""PASS"" if ""era5"" in payload else ""HOLD"", str(""era5"" in payload), ""inputs_resolved contains ERA5 trace tokens""],"
pipeline\moduleC_pipeline_v2.py	1282	smoke,smoke_route	"[""TRACE-008"", ""PASS"", str(route_decision.get(""smoke_route_decision"", """")), ""selector smoke_route_decision""],"
pipeline\moduleC_pipeline_v2.py	1287	gfas,era5	def write_gfas_era5_presence_audit(qa_dir: Path, sources: Dict[str, object]) -> None:
pipeline\moduleC_pipeline_v2.py	1289	gfas,era5	"out_tsv = qa_dir / ""gfas_era5_presence_audit.tsv"""
pipeline\moduleC_pipeline_v2.py	1291	gfas	"[""PRES-001"", ""PASS"" if bool(sources.get(""gfas_exists"")) else ""HOLD"", str(sources.get(""gfas_dir"", """")), ""GFAS directory path""],"
pipeline\moduleC_pipeline_v2.py	1292	gfas	"[""PRES-002"", ""PASS"" if int(sources.get(""gfas_grib_count"") or 0) > 0 else ""HOLD"", int(sources.get(""gfas_grib_count"") or 0), ""GFAS grib file count""],"
pipeline\moduleC_pipeline_v2.py	1293	gfas	"[""PRES-003"", ""PASS"" if int(sources.get(""gfas_total_bytes"") or 0) > 0 else ""HOLD"", int(sources.get(""gfas_total_bytes"") or 0), ""GFAS total bytes""],"
pipeline\moduleC_pipeline_v2.py	1294	era5	"[""PRES-004"", ""PASS"" if bool(sources.get(""era5_exists"")) else ""HOLD"", str(sources.get(""era5_zip"", """")), ""ERA5 zip path""],"
pipeline\moduleC_pipeline_v2.py	1295	parquet	"[""PRES-005"", ""PASS"" if int(sources.get(""parquet_zip_count"") or 0) > 0 else ""HOLD"", int(sources.get(""parquet_zip_count"") or 0), ""Parquet proxy zip count""],"
pipeline\moduleC_pipeline_v2.py	1300	gfas,era5	def write_gfas_era5_decoder_audit(
pipeline\moduleC_pipeline_v2.py	1307	gfas,era5	"out_tsv = qa_dir / ""gfas_era5_decoder_audit.tsv"""
pipeline\moduleC_pipeline_v2.py	1309	gfas,era5	"selected_real = str(route_decision.get(""route_selected"", """")) == ""v0_gfas_era5_real"""
pipeline\moduleC_pipeline_v2.py	1314	gfas	"[""gfas_grib_count"", int(sources.get(""gfas_grib_count"") or 0), ""PASS"" if int(sources.get(""gfas_grib_count"") or 0) > 0 else ""HOLD"", """"],"
pipeline\moduleC_pipeline_v2.py	1315	era5	"[""era5_exists"", 1 if bool(sources.get(""era5_exists"")) else 0, ""PASS"" if bool(sources.get(""era5_exists"")) else ""HOLD"", """"],"
pipeline\moduleC_pipeline_v2.py	1318	smoke,smoke_route	"str(route_decision.get(""smoke_route_decision"", """")),"
pipeline\moduleC_pipeline_v2.py	1324	gfas,era5	"checkpoints = qa_dir / ""gfas_era5_decoder_checkpoints.tsv"""
pipeline\moduleC_pipeline_v2.py	1330	gfas	"""GDAL-only GFAS decoder probe with Portugal negative-longitude crop."","
pipeline\moduleC_pipeline_v2.py	1332	gfas	"[""gfas_probe"", ""gfas_grib_count"", int(sources.get(""gfas_grib_count"") or 0), str(sources.get(""gfas_dir"", """"))],"
pipeline\moduleC_pipeline_v2.py	1333	era5	"[""era5_probe"", ""era5_exists"", 1 if bool(sources.get(""era5_exists"")) else 0, str(sources.get(""era5_zip"", """"))],"
pipeline\moduleC_pipeline_v2.py	1365	gfas	"classification = ""GFAS_PACKING_WARNING_CLASSIFIED"""
pipeline\moduleC_pipeline_v2.py	1379	gfas	"raise FileNotFoundError(f""GFAS source GRIB missing: {src}"")"
pipeline\moduleC_pipeline_v2.py	1458	smoke,smoke_route	def _smoke_route_v0_audit_rows(unexplained_warnings_count: int, failed: bool, detail: str) -> List[List[object]]:
pipeline\moduleC_pipeline_v2.py	1461	gfas	"[""backend_gfas"", ""GDAL"", ""PASS"", ""GFAS decoded through GDAL-only message extraction path.""],"
pipeline\moduleC_pipeline_v2.py	1462	era5	"[""backend_era5"", ""GDAL"", ""PASS"", ""ERA5 10U/10V validated through GDAL.""],"
pipeline\moduleC_pipeline_v2.py	1463	gfas	"[""eccodes_for_gfas"", ""REJECTED_OR_FORBIDDEN"", ""PASS"", ""ecCodes is not used as GFAS decoder backend.""],"
pipeline\moduleC_pipeline_v2.py	1464	smoke	"[""smoke_claim_level"", ""OPERATIONAL_PROXY"", ""PASS"", ""Atmospheric proxy only (non-health validated).""],"
pipeline\moduleC_pipeline_v2.py	1470	gfas	"[""backend_gfas"", ""GDAL"", ""HOLD"", ""GFAS GDAL path failed during probe.""],"
pipeline\moduleC_pipeline_v2.py	1471	era5	"[""backend_era5"", ""GDAL"", ""HOLD"", ""ERA5 GDAL probe not completed.""],"
pipeline\moduleC_pipeline_v2.py	1472	gfas	"[""eccodes_for_gfas"", ""REJECTED_OR_FORBIDDEN"", ""PASS"", ""ecCodes is not used as GFAS decoder backend.""],"
pipeline\moduleC_pipeline_v2.py	1473	smoke	"[""smoke_claim_level"", ""OPERATIONAL_PROXY"", ""HOLD"", ""Proxy route blocked until decoder probe succeeds.""],"
pipeline\moduleC_pipeline_v2.py	1480	gfas,era5	def decode_gfas_era5_gdal_proxy(modulec_datos: Path, qa_dir: Path, report: Report) -> Dict[str, object]:
pipeline\moduleC_pipeline_v2.py	1500	gfas,era5	"[""runtime"", ""none"", ""NO_WARNINGS"", ""1"", ""NONE"", ""PASS"", ""No warning captured in GFAS/ERA5 GDAL decoder path.""]"
pipeline\moduleC_pipeline_v2.py	1510	gfas	"gfas_dir = modulec_datos / ""CAM-GFAS (ADS)"""
pipeline\moduleC_pipeline_v2.py	1511	gfas	"edge_summary = gfas_dir / ""_grib_edge_summary.csv"""
pipeline\moduleC_pipeline_v2.py	1513	gfas	"raise FileNotFoundError(f""GFAS edge summary not found: {edge_summary}"")"
pipeline\moduleC_pipeline_v2.py	1519	pm2p5	"if ""pm2p5fire"" in s1 or ""pm2p5fire"" in sl:"
pipeline\moduleC_pipeline_v2.py	1522	pm2p5	"raise RuntimeError(""No PM2P5FIRE candidate rows found in _grib_edge_summary.csv"")"
pipeline\moduleC_pipeline_v2.py	1525	gfas	gfas_xyz_rows: List[List[object]] = []
pipeline\moduleC_pipeline_v2.py	1535	gfas	src_grib = gfas_dir / file_name
pipeline\moduleC_pipeline_v2.py	1546	gfas,pm2p5	"extracted_msg = qa_dir / f""gfas_pm2p5fire_{year_int}_message1.grib"""
pipeline\moduleC_pipeline_v2.py	1549	gfas,pm2p5	"xyz_path = qa_dir / f""gfas_pm2p5fire_{year_int}_portugal.xyz"""
pipeline\moduleC_pipeline_v2.py	1563	gfas,pm2p5	"warning_rows.extend(_capture_warning_rows(""gdal_translate"", f""GFAS_PM2P5_{year_int}"", stdout + ""\n"" + stderr))"
pipeline\moduleC_pipeline_v2.py	1575	gfas,pm2p5	"methods[year_int] = ""gfas_pm2p5fire_gdal_message1_negative_lon_proxy"""
pipeline\moduleC_pipeline_v2.py	1611	smoke	"""smoke_day_score"": daily_score,"
pipeline\moduleC_pipeline_v2.py	1613	gfas,pm2p5	"""method"": ""gfas_pm2p5fire_gdal_negative_lon"","
pipeline\moduleC_pipeline_v2.py	1619	gfas	gfas_xyz_rows.append([file_name, date_iso, x, y, v])
pipeline\moduleC_pipeline_v2.py	1622	pm2p5	"raise RuntimeError(""PM2P5FIRE decoder produced no annual anchors within 2015-2024."")"
pipeline\moduleC_pipeline_v2.py	1624	smoke	filled_vals, filled_methods = _fill_smoke_year_series(anchors, report)
pipeline\moduleC_pipeline_v2.py	1631	gfas,pm2p5	"fallback_method = str(filled_methods.get(y, ""gfas_pm2p5fire_unknown""))"
pipeline\moduleC_pipeline_v2.py	1632	parquet	"if fallback_method.startswith(""primary_parquet_""):"
pipeline\moduleC_pipeline_v2.py	1633	gfas,pm2p5,parquet	"fallback_method = ""gfas_pm2p5fire_"" + fallback_method[len(""primary_parquet_"") :]"
pipeline\moduleC_pipeline_v2.py	1638	gfas,pm2p5	"qa_dir / ""gfas_pm2p5fire_message_inventory.tsv"","
pipeline\moduleC_pipeline_v2.py	1654	gfas,pm2p5	"qa_dir / ""gfas_pm2p5fire_portugal_xyz.csv"","
pipeline\moduleC_pipeline_v2.py	1656	gfas	gfas_xyz_rows,
pipeline\moduleC_pipeline_v2.py	1660	gfas,pm2p5	"qa_dir / ""gfas_pm2p5fire_portugal_daily_summary.csv"","
pipeline\moduleC_pipeline_v2.py	1672	smoke	"""smoke_day_score"","
pipeline\moduleC_pipeline_v2.py	1678	era5	"era5_candidates = sorted(modulec_datos.glob(""*ERA5*.zip""))"
pipeline\moduleC_pipeline_v2.py	1679	era5	era5_zip = era5_candidates[0] if era5_candidates else None
pipeline\moduleC_pipeline_v2.py	1680	era5	if era5_zip is None or not era5_zip.exists():
pipeline\moduleC_pipeline_v2.py	1681	era5	"raise FileNotFoundError(""ERA5 zip not found for decoder probe."")"
pipeline\moduleC_pipeline_v2.py	1682	era5	"era5_vsi = f""/vsizip/{era5_zip.as_posix()}/data.grib"""
pipeline\moduleC_pipeline_v2.py	1683	era5	rc_i, out_i, err_i = _run_external([gdalinfo, era5_vsi], timeout_sec=180)
pipeline\moduleC_pipeline_v2.py	1684	era5	"warning_rows.extend(_capture_warning_rows(""gdalinfo"", ""ERA5_INFO"", out_i + ""\n"" + err_i))"
pipeline\moduleC_pipeline_v2.py	1686	era5	"raise RuntimeError(f""gdalinfo failed for ERA5: rc={rc_i}"")"
pipeline\moduleC_pipeline_v2.py	1691	era5	"raise RuntimeError(""ERA5 10U/10V not detected in GDAL probe."")"
pipeline\moduleC_pipeline_v2.py	1693	era5	"era5_u_xyz = qa_dir / ""era5_10u_portugal.xyz"""
pipeline\moduleC_pipeline_v2.py	1694	era5	"era5_v_xyz = qa_dir / ""era5_10v_portugal.xyz"""
pipeline\moduleC_pipeline_v2.py	1695	era5	"rc_u, out_u, err_u = _run_external([gdal_translate, ""-of"", ""XYZ"", ""-b"", ""1"", era5_vsi, str(era5_u_xyz)], timeout_sec=240)"
pipeline\moduleC_pipeline_v2.py	1696	era5	"warning_rows.extend(_capture_warning_rows(""gdal_translate"", ""ERA5_10U_XYZ"", out_u + ""\n"" + err_u))"
pipeline\moduleC_pipeline_v2.py	1698	era5	"raise RuntimeError(f""gdal_translate ERA5 band1 failed rc={rc_u}"")"
pipeline\moduleC_pipeline_v2.py	1699	era5	"rc_v, out_v, err_v = _run_external([gdal_translate, ""-of"", ""XYZ"", ""-b"", ""2"", era5_vsi, str(era5_v_xyz)], timeout_sec=240)"
pipeline\moduleC_pipeline_v2.py	1700	era5	"warning_rows.extend(_capture_warning_rows(""gdal_translate"", ""ERA5_10V_XYZ"", out_v + ""\n"" + err_v))"
pipeline\moduleC_pipeline_v2.py	1702	era5	"raise RuntimeError(f""gdal_translate ERA5 band2 failed rc={rc_v}"")"
pipeline\moduleC_pipeline_v2.py	1704	era5	u_stats = _parse_xyz_stats(era5_u_xyz)
pipeline\moduleC_pipeline_v2.py	1705	era5	v_stats = _parse_xyz_stats(era5_v_xyz)
pipeline\moduleC_pipeline_v2.py	1706	era5	era5_wind_rows: List[List[object]] = []
pipeline\moduleC_pipeline_v2.py	1708	era5	"era5_wind_rows.append([""10U"", x, y, v])"
pipeline\moduleC_pipeline_v2.py	1710	era5	"era5_wind_rows.append([""10V"", x, y, v])"
pipeline\moduleC_pipeline_v2.py	1712	era5	"qa_dir / ""era5_wind_portugal_xyz.csv"","
pipeline\moduleC_pipeline_v2.py	1714	era5	era5_wind_rows,
pipeline\moduleC_pipeline_v2.py	1718	era5	"qa_dir / ""era5_10u10v_inventory.tsv"","
pipeline\moduleC_pipeline_v2.py	1721	era5	"[""era5_zip_path"", str(era5_zip), ""PASS"", """"],"
pipeline\moduleC_pipeline_v2.py	1722	era5	"[""era5_has_10u"", 1 if has_10u else 0, ""PASS"" if has_10u else ""BLOCKED"", """"],"
pipeline\moduleC_pipeline_v2.py	1723	era5	"[""era5_has_10v"", 1 if has_10v else 0, ""PASS"" if has_10v else ""BLOCKED"", """"],"
pipeline\moduleC_pipeline_v2.py	1724	era5	"[""era5_10u_rows"", int(u_stats.get(""rows"", 0)), ""PASS"" if int(u_stats.get(""rows"", 0)) > 0 else ""BLOCKED"", """"],"
pipeline\moduleC_pipeline_v2.py	1725	era5	"[""era5_10v_rows"", int(v_stats.get(""rows"", 0)), ""PASS"" if int(v_stats.get(""rows"", 0)) > 0 else ""BLOCKED"", """"],"
pipeline\moduleC_pipeline_v2.py	1726	era5	"[""era5_10u_nonzero"", int(u_stats.get(""nonzero"", 0)), ""PASS"" if int(u_stats.get(""nonzero"", 0)) > 0 else ""BLOCKED"", """"],"
pipeline\moduleC_pipeline_v2.py	1727	era5	"[""era5_10v_nonzero"", int(v_stats.get(""nonzero"", 0)), ""PASS"" if int(v_stats.get(""nonzero"", 0)) > 0 else ""BLOCKED"", """"],"
pipeline\moduleC_pipeline_v2.py	1733	smoke,smoke_route	"qa_dir / ""smoke_route_v0_audit.tsv"","
pipeline\moduleC_pipeline_v2.py	1735	smoke,smoke_route	"_smoke_route_v0_audit_rows(unexplained_count, failed=False, detail=""""),"
pipeline\moduleC_pipeline_v2.py	1742	gfas,pm2p5	"result[""spatial_scope""] = ""GFAS_PM2P5FIRE_PORTUGAL_GLOBAL_DAILY_MAX"""
pipeline\moduleC_pipeline_v2.py	1744	gfas,pm2p5,era5	"result[""reason""] = ""GFAS/ERA5 GDAL-only decoder probe produced PM2P5FIRE + ERA5 artifacts."""
pipeline\moduleC_pipeline_v2.py	1746	gfas,era5	"""GFAS/ERA5 decoder probe complete: """
pipeline\moduleC_pipeline_v2.py	1755	gfas,era5	"""GFAS_ERA5_DECODER"","
pipeline\moduleC_pipeline_v2.py	1765	smoke,smoke_route	"qa_dir / ""smoke_route_v0_audit.tsv"","
pipeline\moduleC_pipeline_v2.py	1767	smoke,smoke_route	_smoke_route_v0_audit_rows(1, failed=True, detail=str(exc)),
pipeline\moduleC_pipeline_v2.py	1769	gfas,era5	"report.log(f""GFAS/ERA5 decoder probe blocked: {exc}"")"
pipeline\moduleC_pipeline_v2.py	1773	smoke	def smoke_prepare(
pipeline\moduleC_pipeline_v2.py	1783	smoke	"smoke_path = Path(str(inputs[""paths""].get(""smoke_csv"", """")))"
pipeline\moduleC_pipeline_v2.py	1784	smoke	if smoke_path:
pipeline\moduleC_pipeline_v2.py	1785	smoke	if _is_forbidden_smoke_output_source(smoke_path):
pipeline\moduleC_pipeline_v2.py	1786	smoke	"report.log(f""smoke_csv rejected (forbidden canonical source under 03_outputs\\tables): {smoke_path}"")"
pipeline\moduleC_pipeline_v2.py	1788	smoke	"report.log(f""smoke_csv input registered: {smoke_path}"")"
pipeline\moduleC_pipeline_v2.py	1793	smoke,smoke_route	"if route_selected == ""NO-GO_SMOKE_ROUTE"":"
pipeline\moduleC_pipeline_v2.py	1794	smoke,smoke_route	"report.fail(""NO-GO_SMOKE_ROUTE: no smoke route available."")"
pipeline\moduleC_pipeline_v2.py	1798	smoke	by_year, by_year_method = _load_modulea_smoke_year_series(modulea_path, report)
pipeline\moduleC_pipeline_v2.py	1799	parquet	"elif route_selected in (""v0_parquet_proxy_degraded"", ""BLOCKED_DECODER_REQUIRED""):"
pipeline\moduleC_pipeline_v2.py	1800	smoke	anchors = _collect_primary_smoke_anchors(modulec_datos, report)
pipeline\moduleC_pipeline_v2.py	1801	smoke	by_year, by_year_method = _fill_smoke_year_series(anchors, report)
pipeline\moduleC_pipeline_v2.py	1802	smoke	"by_year_method = _degrade_smoke_methods(by_year_method, ""proxy_degraded"")"
pipeline\moduleC_pipeline_v2.py	1804	parquet	"report.log(""BLOCKED_DECODER_REQUIRED: using v0_parquet_proxy_degraded for diagnostic output only."")"
pipeline\moduleC_pipeline_v2.py	1805	gfas,era5	"elif route_selected == ""v0_gfas_era5_real"":"
pipeline\moduleC_pipeline_v2.py	1808	gfas,era5	"report.fail(""v0_gfas_era5_real selected but decoder payload is unavailable."")"
pipeline\moduleC_pipeline_v2.py	1814	gfas,era5	"report.fail(""v0_gfas_era5_real selected but by_year decoder output is empty."")"
pipeline\moduleC_pipeline_v2.py	1816	smoke	"report.fail(f""Unknown smoke route_selected value: {route_selected}"")"
pipeline\moduleC_pipeline_v2.py	1829	gfas,era5	"if route_selected == ""v0_gfas_era5_real"" and global_replicated_assignment and decoder_payload:"
pipeline\moduleC_pipeline_v2.py	1836	gfas,pm2p5,smoke	"vals_u, meth_u = _fill_smoke_year_series_relaxed(anchors, ""gfas_pm2p5fire_gdal_unit"")"
pipeline\moduleC_pipeline_v2.py	1856	gfas	"unit_assignment = ""UNIT_ZONAL_MAX_FROM_GFAS_XYZ_ANCHORS"""
pipeline\moduleC_pipeline_v2.py	1857	gfas,smoke	"report.log(""GFAS smoke route upgraded to unit-level zonal anchors from XYZ."")"
pipeline\moduleC_pipeline_v2.py	1859	gfas	"report.log(""GFAS XYZ unit anchors available but no spatial spread detected; keeping global replication."")"
pipeline\moduleC_pipeline_v2.py	1861	smoke	"out_path = tables_dir / ""smoke_days_unit_2015_2024.csv"""
pipeline\moduleC_pipeline_v2.py	1866	smoke	"smoke_method = """""
pipeline\moduleC_pipeline_v2.py	1869	gfas,pm2p5,smoke	"smoke_method = unit_year_methods.get(uid, {}).get(y, ""gfas_pm2p5fire_gdal_unit_unknown"")"
pipeline\moduleC_pipeline_v2.py	1872	smoke,parquet	"smoke_method = by_year_method.get(y, ""primary_parquet_unknown"")"
pipeline\moduleC_pipeline_v2.py	1874	smoke	"report.fail(f""Primary smoke series missing required year: {y}"")"
pipeline\moduleC_pipeline_v2.py	1875	gfas,era5	"if route_selected == ""v0_gfas_era5_real"" and global_replicated_assignment:"
pipeline\moduleC_pipeline_v2.py	1876	smoke	"if (not use_unit_series) and (""replicated_to_nuts3"" not in smoke_method):"
pipeline\moduleC_pipeline_v2.py	1877	smoke	"smoke_method = f""{smoke_method}_replicated_to_nuts3_from_portugal_global"""
pipeline\moduleC_pipeline_v2.py	1878	smoke	"rows_out.append([uid, y, sd, """", """", smoke_method, 0])"
pipeline\moduleC_pipeline_v2.py	1882	smoke	"[""unit_id"", ""year"", ""smoke_days"", ""smoke_score_mean"", ""smoke_score_p80"", ""smoke_method"", ""smoke_missing_flag""],"
pipeline\moduleC_pipeline_v2.py	1887	gfas,smoke,era5	# Alias required by route-v0 GFAS/ERA5 audits (same payload as canonical smoke table).
pipeline\moduleC_pipeline_v2.py	1888	smoke	"alias_path = tables_dir / ""smoke_days_nuts3_annual_2015_2024.csv"""
pipeline\moduleC_pipeline_v2.py	1891	smoke	"[""unit_id"", ""year"", ""smoke_days"", ""smoke_score_mean"", ""smoke_score_p80"", ""smoke_method"", ""smoke_missing_flag""],"
pipeline\moduleC_pipeline_v2.py	1896	gfas,era5	# Optional daily proxy table generated when v0_gfas_era5_real decoder probe is available.
pipeline\moduleC_pipeline_v2.py	1897	gfas,era5	"if route_selected == ""v0_gfas_era5_real"" and decoder_payload:"
pipeline\moduleC_pipeline_v2.py	1900	smoke	"daily_out = tables_dir / ""smoke_day_score_nuts3_daily.csv"""
pipeline\moduleC_pipeline_v2.py	1904	smoke	"day_score = d.get(""smoke_day_score"", """")"
pipeline\moduleC_pipeline_v2.py	1912	gfas,pm2p5	"day_method = ""gfas_pm2p5fire_gdal_unit_negative_lon"""
pipeline\moduleC_pipeline_v2.py	1926	smoke	"[""unit_id"", ""date"", ""year"", ""smoke_day_score"", ""source_file"", ""method"", ""spatial_assignment""],"
pipeline\moduleC_pipeline_v2.py	2196	smoke	"smoke_csv = tables_dir / ""smoke_days_unit_2015_2024.csv"""
pipeline\moduleC_pipeline_v2.py	2198	smoke	for p in (pop_csv, smoke_csv, rec_csv):
pipeline\moduleC_pipeline_v2.py	2203	smoke	smoke_rows = read_csv_rows(smoke_csv)[1]
pipeline\moduleC_pipeline_v2.py	2204	smoke	if has_missing_flag(pop_rows) or has_missing_flag(smoke_rows):
pipeline\moduleC_pipeline_v2.py	2217	smoke	smoke = {}
pipeline\moduleC_pipeline_v2.py	2218	smoke	for r in smoke_rows:
pipeline\moduleC_pipeline_v2.py	2221	smoke	"sd = safe_float(r.get(""smoke_days""))"
pipeline\moduleC_pipeline_v2.py	2224	smoke	smoke.setdefault(uid, {})[int(y)] = sd
pipeline\moduleC_pipeline_v2.py	2235	smoke	sd = smoke.get(uid, {}).get(y, None)
pipeline\moduleC_pipeline_v2.py	2237	smoke	"report.fail(f""Missing smoke_days for {uid} {y}"")"
pipeline\moduleC_pipeline_v2.py	2242	smoke	"rows_out.append([uid, y, sd, hours, p, expo, iech, ""IECH=smoke_days*24;pop=interp(2015,2020,2025)""])"
pipeline\moduleC_pipeline_v2.py	2244	smoke	"write_csv(iech_hist_csv, [""unit_id"", ""year"", ""smoke_days"", ""smoke_hours_equiv"", ""pop"", ""expo_person_hours"", ""IECH"", ""method_flags""], rows_out, delim="";"")"
pipeline\moduleC_pipeline_v2.py	2262	smoke	"smoke_csv = tables_dir / ""smoke_days_unit_2015_2024.csv"""
pipeline\moduleC_pipeline_v2.py	2264	smoke	if not smoke_csv.exists() or not pop_csv.exists():
pipeline\moduleC_pipeline_v2.py	2265	smoke	"report.fail(""Missing smoke or pop table for scenarios."")"
pipeline\moduleC_pipeline_v2.py	2267	smoke	smoke_rows = read_csv_rows(smoke_csv)[1]
pipeline\moduleC_pipeline_v2.py	2268	smoke	if has_missing_flag(smoke_rows):
pipeline\moduleC_pipeline_v2.py	2269	smoke	"report.fail(""Placeholder detected (smoke missing_flag=1). Scenarios not computed."")"
pipeline\moduleC_pipeline_v2.py	2271	smoke	smoke_by_unit: Dict[str, List[float]] = {}
pipeline\moduleC_pipeline_v2.py	2272	smoke	for r in smoke_rows:
pipeline\moduleC_pipeline_v2.py	2274	smoke	"sd = safe_float(r.get(""smoke_days""))"
pipeline\moduleC_pipeline_v2.py	2276	smoke	smoke_by_unit.setdefault(uid, []).append(sd)
pipeline\moduleC_pipeline_v2.py	2278	smoke	if not smoke_by_unit:
pipeline\moduleC_pipeline_v2.py	2279	smoke	"report.fail(""No smoke data to compute scenarios."")"
pipeline\moduleC_pipeline_v2.py	2281	smoke	baseline = {u: (sum(vs) / len(vs)) for u, vs in smoke_by_unit.items() if vs}
pipeline\moduleC_pipeline_v2.py	2319	smoke	"write_csv(scen_csv, [""unit_id"", ""year"", ""scenario"", ""smoke_days"", ""smoke_hours_equiv"", ""pop"", ""expo_person_hours"", ""IECH"", ""delta_vs_S0"", ""method_flags""], rows_out, delim="";"")"
pipeline\moduleC_pipeline_v2.py	2343	smoke	"smoke_csv = tables_dir / ""smoke_days_unit_2015_2024.csv"""
pipeline\moduleC_pipeline_v2.py	2346	smoke	if not iech_hist.exists() or not scen.exists() or not smoke_csv.exists():
pipeline\moduleC_pipeline_v2.py	2349	smoke	smoke_rows = read_csv_rows(smoke_csv)[1]
pipeline\moduleC_pipeline_v2.py	2352	smoke	if not rows_hist or not rows_scen or not smoke_rows:
pipeline\moduleC_pipeline_v2.py	2355	smoke	smoke_unique_by_year: Dict[int, set] = {}
pipeline\moduleC_pipeline_v2.py	2356	smoke	for r in smoke_rows:
pipeline\moduleC_pipeline_v2.py	2358	smoke	"v = safe_float(r.get(""smoke_days""))"
pipeline\moduleC_pipeline_v2.py	2361	smoke	smoke_unique_by_year.setdefault(int(y), set()).add(round(v, 8))
pipeline\moduleC_pipeline_v2.py	2362	smoke	smoke_homogeneous = bool(smoke_unique_by_year) and all(len(vals) <= 1 for vals in smoke_unique_by_year.values())
pipeline\moduleC_pipeline_v2.py	2368	smoke	"hours = safe_float(r.get(""smoke_hours_equiv""))"
pipeline\moduleC_pipeline_v2.py	2380	inputs_resolved	"if (qa_dir / ""inputs_resolved.json"").exists():"
pipeline\moduleC_pipeline_v2.py	2382	inputs_resolved	"payload = json.loads((qa_dir / ""inputs_resolved.json"").read_text(encoding=""utf-8-sig""))"
pipeline\moduleC_pipeline_v2.py	2385	smoke,smoke_route	"route_selected = str(meta.get(""smoke_route_selected"") or meta.get(""smoke_route_mode"") or """").strip()"
pipeline\moduleC_pipeline_v2.py	2386	smoke,smoke_route	"route_status = str(meta.get(""smoke_route_status"") or """").strip()"
pipeline\moduleC_pipeline_v2.py	2387	smoke,smoke_route	"route_decision = str(meta.get(""smoke_route_decision"") or """").strip()"
pipeline\moduleC_pipeline_v2.py	2395	smoke	if smoke_homogeneous:
pipeline\moduleC_pipeline_v2.py	2396	smoke	"blocked_claims.append(""Spatial ranking from smoke proxy is blocked because every year has one value across units."")"
pipeline\moduleC_pipeline_v2.py	2398	smoke	"allowed_claims.append(""Smoke proxy contains unit-level spread and can support internal prioritization."")"
pipeline\moduleC_pipeline_v2.py	2400	smoke	"blocked_claims.append(""IECH ranking is blocked because IECH collapses to smoke_hours_equiv in all comparable rows."")"
pipeline\moduleC_pipeline_v2.py	2402	smoke	"allowed_claims.append(""IECH differs from smoke_hours_equiv in at least one row."")"
pipeline\moduleC_pipeline_v2.py	2417	smoke,smoke_route	"lines.append(f""- smoke_route_selected: {route_selected or 'UNKNOWN'}"")"
pipeline\moduleC_pipeline_v2.py	2418	smoke,smoke_route	"lines.append(f""- smoke_route_status: {route_status or 'UNKNOWN'}"")"
pipeline\moduleC_pipeline_v2.py	2419	smoke,smoke_route	"lines.append(f""- smoke_route_decision: {route_decision or 'UNKNOWN'}"")"
pipeline\moduleC_pipeline_v2.py	2423	smoke	"lines.append(f""- smoke rows: {len(smoke_rows)}"")"
pipeline\moduleC_pipeline_v2.py	2429	smoke	"lines.append(f""- smoke_homogeneous_by_year: {smoke_homogeneous}"")"
pipeline\moduleC_pipeline_v2.py	2430	smoke	"lines.append(""- smoke unique values by year:"")"
pipeline\moduleC_pipeline_v2.py	2431	smoke	for y in sorted(smoke_unique_by_year.keys()):
pipeline\moduleC_pipeline_v2.py	2432	smoke	"lines.append(f""  - {y}: {len(smoke_unique_by_year[y])} unique values"")"
pipeline\moduleC_pipeline_v2.py	2433	smoke	"lines.append(f""- iech_equals_smoke_hours_equiv_all_rows: {iech_collapsed} ({iech_eq}/{iech_comp})"")"
pipeline\moduleC_pipeline_v2.py	2448	smoke	"lines.append(""- Unit-level smoke derivation from spatial overlay, not global daily replication."")"
pipeline\moduleC_pipeline_v2.py	2453	smoke,smoke_route	"lines.append(f""- `{qa_dir / 'smoke_route_audit.tsv'}`"")"
pipeline\moduleC_pipeline_v2.py	2454	smoke,smoke_route	"lines.append(f""- `{qa_dir / 'smoke_route_v0_audit.tsv'}`"")"
pipeline\moduleC_pipeline_v2.py	2460	smoke	"lines.append(""- This document intentionally avoids territorial ranking language when smoke or IECH differentiation is blocked."")"
pipeline\moduleC_pipeline_v2.py	2542	inputs_resolved	"inputs_path = qa_dir / ""inputs_resolved.json"""
pipeline\moduleC_pipeline_v2.py	2546	smoke	sources = detect_smoke_sources(Path(args.modulec_datos), inputs)
pipeline\moduleC_pipeline_v2.py	2547	smoke,smoke_route	route_decision = select_smoke_route(sources, decoder_available=False)
pipeline\moduleC_pipeline_v2.py	2550	gfas,era5	decoder_payload = decode_gfas_era5_gdal_proxy(Path(args.modulec_datos), qa_dir, report)
pipeline\moduleC_pipeline_v2.py	2552	smoke,smoke_route	route_decision = select_smoke_route(sources, decoder_available=True)
pipeline\moduleC_pipeline_v2.py	2556	smoke,smoke_route	"report.log(f""smoke route selected: {route_decision.get('route_selected')} ({route_decision.get('smoke_route_decision')})"")"
pipeline\moduleC_pipeline_v2.py	2557	smoke,smoke_route	write_smoke_route_source_trace_audit(qa_dir, inputs, sources, route_decision)
pipeline\moduleC_pipeline_v2.py	2558	gfas,era5	write_gfas_era5_presence_audit(qa_dir, sources)
pipeline\moduleC_pipeline_v2.py	2559	gfas,era5	write_gfas_era5_decoder_audit(
pipeline\moduleC_pipeline_v2.py	2580	smoke	smoke_csv = smoke_prepare(
pipeline\moduleC_pipeline_v2.py	2590	smoke,smoke_route	write_smoke_route_audit(qa_dir, smoke_csv, route_decision)
pipeline\moduleC_pipeline_v2.py	2594	smoke	for p in (smoke_csv, pop_csv, rec_csv):
pipeline\moduleC_pipeline_v2.py	2598	smoke	smoke_rows = read_csv_rows(smoke_csv)[1]
pipeline\moduleC_pipeline_v2.py	2599	smoke	"nan_count, total, ratio = count_nan_ratio(smoke_rows, ""smoke_days"")"
pipeline\moduleC_pipeline_v2.py	2601	smoke	"report.fail(f""smoke_days NaN ratio {ratio:.2%} ({nan_count}/{total}) exceeds 5%"")"
pipeline\moduleC_pipeline_v2.py	2602	smoke	if has_missing_flag(smoke_rows):
pipeline\moduleC_pipeline_v2.py	2603	smoke	"report.fail(""smoke_days has missing_flag=1; placeholder detected"")"
pipeline\moduleC_pipeline_v2.py	2604	smoke	"smoke_vals = [safe_float(r.get(""smoke_days"")) for r in smoke_rows]"
pipeline\moduleC_pipeline_v2.py	2605	smoke	smoke_vals = [v for v in smoke_vals if v is not None]
pipeline\moduleC_pipeline_v2.py	2606	smoke	if not smoke_vals:
pipeline\moduleC_pipeline_v2.py	2607	smoke	"report.fail(""smoke_days table has no numeric values."")"
pipeline\moduleC_pipeline_v2.py	2608	smoke	if sum(smoke_vals) <= 0.0:
pipeline\moduleC_pipeline_v2.py	2609	smoke	"report.fail(""smoke_days degenerate: sum(smoke_days)==0."")"
pipeline\moduleC_pipeline_v2.py	2610	smoke	if max(smoke_vals) <= 0.0:
pipeline\moduleC_pipeline_v2.py	2611	smoke	"report.fail(""smoke_days degenerate: max(smoke_days)==0."")"
pipeline\moduleC_pipeline_v2.py	2612	smoke	"smoke_methods = [(r.get(""smoke_method"") or """").strip().lower() for r in smoke_rows]"
pipeline\moduleC_pipeline_v2.py	2613	smoke	"if any(m == ""proxy_fill_unit_mean"" for m in smoke_methods):"
pipeline\moduleC_pipeline_v2.py	2614	smoke	"report.fail(""Forbidden smoke_method detected: proxy_fill_unit_mean."")"
pipeline\moduleC_pipeline_v2.py	2632	smoke	smoke_annual_csv=smoke_csv,
pipeline\moduleC_pipeline_v2.py	2633	smoke	"smoke_daily_csv=tables_dir / ""smoke_day_score_nuts3_daily.csv"","
pipeline\moduleC_pipeline_v2.py	2634	gfas,pm2p5	"gfas_daily_summary_csv=qa_dir / ""gfas_pm2p5fire_portugal_daily_summary.csv"","
pipeline\moduleC_pipeline_v2.py	2656	smoke	smoke_csv,
pipeline\moduleC_preflight.py	14	smoke,smoke_route	from smoke_route_selector import apply_route_meta, detect_smoke_sources, select_smoke_route
pipeline\moduleC_preflight.py	44	smoke	def _is_forbidden_smoke_output_source(path_value: Path) -> bool:
pipeline\moduleC_preflight.py	86	smoke	"""smoke_csv"": by_key.get(""paths.smoke_csv"", """"),"
pipeline\moduleC_preflight.py	142	inputs_resolved	"inputs_path = qa_dir / ""inputs_resolved.json"""
pipeline\moduleC_preflight.py	151	smoke	"old_smoke = Path(str(merged_paths.get(""smoke_csv"", """"))) if merged_paths.get(""smoke_csv"") else None"
pipeline\moduleC_preflight.py	152	smoke	if old_smoke is not None and old_smoke.as_posix().strip():
pipeline\moduleC_preflight.py	153	smoke	if _is_forbidden_smoke_output_source(old_smoke):
pipeline\moduleC_preflight.py	154	smoke	rejected_sources.append(str(old_smoke))
pipeline\moduleC_preflight.py	155	smoke	"report_lines.append(f""[{now_iso()}] smoke_csv rejected from prior inputs (forbidden 03_outputs source): {old_smoke}"")"
pipeline\moduleC_preflight.py	168	smoke	"""rejected_smoke_sources"": rejected_sources,"
pipeline\moduleC_preflight.py	174	smoke	sources = detect_smoke_sources(modulec_datos, merged)
pipeline\moduleC_preflight.py	175	smoke,smoke_route	decision = select_smoke_route(sources, decoder_available=False)
pipeline\moduleC_preflight.py	178	smoke,smoke_route	"f""[{now_iso()}] smoke route preflight selected={decision.get('route_selected')} decision={decision.get('smoke_route_decision')}"""
pipeline\moduleC_preflight.py	181	smoke	"report_lines.append(f""[{now_iso()}] WARN smoke route preflight detection failed: {exc}"")"
pipeline\moduleC_preflight.py	185	inputs_resolved	"report_lines.append(f""[{now_iso()}] inputs_resolved.json refreshed from catalog: {inputs_path}"")"
pipeline\moduleC_preflight.py	196	smoke	"smoke_path = Path(str(paths.get(""smoke_csv"", """")))"
pipeline\moduleC_preflight.py	197	smoke	if not smoke_path.exists():
pipeline\moduleC_preflight.py	198	smoke	"missing.append(f""smoke_csv -> {smoke_path}"")"
pipeline\moduleC_preflight.py	199	smoke	if _is_forbidden_smoke_output_source(smoke_path):
pipeline\moduleC_preflight.py	200	smoke	"missing.append(f""smoke_csv forbidden source under 03_outputs/tables -> {smoke_path}"")"
pipeline\qa_gate_v2.py	15	smoke	"Path(""tables/smoke_days_unit_2015_2024.csv""),"
pipeline\qa_gate_v2.py	35	smoke	"Path(""tables/smoke_days_unit_2015_2024.csv""),"
pipeline\qa_gate_v2.py	252	inputs_resolved	"inputs_json = output_root / ""qa/inputs_resolved.json"""
pipeline\qa_gate_v2.py	255	inputs_resolved	"notes.append(""inputs_resolved.json missing for canon traceability"")"
pipeline\qa_gate_v2.py	267	inputs_resolved	"notes.append(""inputs_resolved.json meta missing objectives_canon_path/objectives_canon_sha256"")"
pipeline\qa_gate_v2.py	273	smoke,smoke_route	"route_selected = str(meta.get(""smoke_route_selected"") or meta.get(""smoke_route_mode"") or """").strip()"
pipeline\qa_gate_v2.py	274	smoke,smoke_route	"route_decision = str(meta.get(""smoke_route_decision"") or """").strip()"
pipeline\qa_gate_v2.py	276	smoke	"holds.append(""HOLD SMOKE ROUTE"")"
pipeline\qa_gate_v2.py	277	smoke,smoke_route,inputs_resolved	"notes.append(""inputs_resolved.json meta missing smoke_route_selected/smoke_route_mode"")"
pipeline\qa_gate_v2.py	278	smoke,parquet,smoke_route	"elif route_selected in (""BLOCKED_DECODER_REQUIRED"", ""v0_parquet_proxy_degraded"", ""NO-GO_SMOKE_ROUTE""):"
pipeline\qa_gate_v2.py	279	smoke	"holds.append(""HOLD SMOKE ROUTE"")"
pipeline\qa_gate_v2.py	280	smoke	"notes.append(f""smoke route blocked/degraded: route_selected={route_selected}; route_decision={route_decision}"")"
pipeline\qa_gate_v2.py	283	inputs_resolved	"notes.append(f""could not parse inputs_resolved.json canon meta: {exc}"")"
pipeline\qa_smoke_route_selector_map.tsv	3	gfas,smoke,era5,smoke_route	selector_priority pipeline/smoke_route_selector.py select_smoke_route route_priority list and route_selected decision Selector applies v1 -> v0_gfas_era5_real -> BLOCKED_DECODER_REQUIRED -> degraded proxy Maintain same priority and forbid proxy as scientific closure Regression to proxy-first behavior would reopen Falla 3 smoke_route_selector.py lines 8-227
pipeline\qa_smoke_route_selector_map.tsv	4	gfas,era5,inputs_resolved	inputs_traceability pipeline/moduleC_preflight.py ensure_inputs_json + pipeline/moduleC_pipeline_v2.py main apply_route_meta + inputs_resolved write meta and paths include GFAS/ERA5 trace and blocked/degraded fields Keep GFAS/ERA5 trace always materialized in inputs_resolved.json Loss of traceability would block causal audit moduleC_preflight.py lines 173-186 and moduleC_pipeline_v2.py main
pipeline\qa_smoke_route_selector_map.tsv	5	gfas,smoke,era5	"decoder_root_cause pipeline/moduleC_pipeline_v2.py smoke_prepare v0_gfas_era5_real branch Previously failed with \""decoder not implemented\"" on real route Connect GDAL-only decoder and use real-route outputs when probe passes Without decoder, runtime falls back to degraded proxy and smoke remains homogeneous moduleC_pipeline_v2.py smoke_prepare + decode_gfas_era5_gdal_proxy"
pipeline\qa_smoke_route_selector_map.tsv	6	gfas,pm2p5,era5	gfas_decoder pipeline/moduleC_pipeline_v2.py decode_gfas_era5_gdal_proxy extract first message by next-GRIB boundary + GDAL translate with negative-lon crop Generate PM2P5FIRE inventories, XYZ and daily summaries; classify warnings Unclassified warnings or failed extraction must keep BLOCKED state moduleC_pipeline_v2.py new decoder block
pipeline\qa_smoke_route_selector_map.tsv	7	gfas,era5	era5_decoder pipeline/moduleC_pipeline_v2.py decode_gfas_era5_gdal_proxy ERA5 validated with GDAL info + band1/2 XYZ (10U/10V) Keep ERA5 trace and inventory in QA artifacts Missing 10U/10V evidence invalidates v0_gfas_era5_real claim moduleC_pipeline_v2.py new decoder block
pipeline\qa_smoke_route_selector_map.tsv	8	gfas,smoke	smoke_outputs_unit pipeline/moduleC_pipeline_v2.py smoke_prepare writes smoke_days_unit_2015_2024.csv and alias smoke_days_nuts3_annual_2015_2024.csv When v0 real is active, values must come from GFAS decoder payload Route may still be spatially homogeneous and must stay scientifically blocked moduleC_pipeline_v2.py smoke_prepare
pipeline\qa_smoke_route_selector_map.tsv	9	gfas,smoke,era5	smoke_day_score_daily pipeline/moduleC_pipeline_v2.py smoke_prepare + decoder payload write smoke_day_score_nuts3_daily.csv from decoded daily scores Maintain daily proxy artifact and route label for diagnostics Daily artifact missing weakens route reproducibility moduleC_pipeline_v2.py smoke_prepare and decode_gfas_era5_gdal_proxy
pipeline\qa_smoke_route_selector_map.tsv	10	smoke,smoke_route	smoke_route_audits pipeline/moduleC_pipeline_v2.py write_smoke_route_audit + smoke_route_v0_audit.tsv route-level audits include status/decision and v0 backend metadata Keep explicit PROXY/HEALTH blocks even when decoder path is active Mislabelled route can overstate scientific validity moduleC_pipeline_v2.py audit writers
pipeline\qa_smoke_route_selector_map.tsv	11	smoke	iech_generation pipeline/moduleC_pipeline_v2.py iech_compute IECH formula can collapse to smoke_hours_equiv under full-pop exposure Maintain BLOCKED_POPULATION_EXPOSURE_CLAIM when cancellation occurs False differentiated health claim risk moduleC_pipeline_v2.py lines around iech_compute + scientific gate
pipeline\qa_smoke_route_selector_map.tsv	12	smoke,smoke_route	causal_matrix_propagation pipeline/RUN_QGIS/STEP7_MATRIZ_CAUSAL/step7_matriz_causal.py build_causal_matrix smoke_route_blocked is propagated to missing_components and threshold statuses Keep causal matrix blocked while smoke/IECH claims are blocked Downstream matrix cannot close independently from blocked smoke route step7_matriz_causal.py lines 1339-1355 and 2150-2184
pipeline\qa_smoke_route_selector_map.tsv	13	smoke	brief_gate pipeline/RUN_QGIS/STEP7_MATRIZ_CAUSAL/step7_matriz_causal.py + pipeline/scientific_threshold_gate.py generate_brief + audit_brief_claims Brief includes route declaration and scientific gate audits forbidden phrases Maintain brief claim blocking while smoke/IECH constraints remain active Policy overclaim risk if blocked phrases slip through step7 + scientific_threshold_gate
pipeline\qa_smoke_route_selector_map.tsv	15	gfas,era5	final_packaging pipeline/RUN_QGIS/STEP9_FINAL_MASTER_PACK/run_step9_final_master_pack.ps1 requiredRel list includes GFAS/ERA5 decoder artifacts final zip contains source-trace, decoder, warning, and claim-gate artifacts Keep traceability files mandatory for closure package Packaging without decoder evidence can hide route defects step9 requiredRel list
pipeline\scientific_threshold_gate.py	76	smoke	def evaluate_smoke_spatial(smoke_csv: Path) -> Tuple[str, str, Dict[int, int]]:
pipeline\scientific_threshold_gate.py	77	smoke	if not smoke_csv.exists():
pipeline\scientific_threshold_gate.py	78	smoke	"return ""BLOCKED_FOR_REQUIRED_VARIABLE"", ""smoke_days_unit_2015_2024.csv missing"", {}"
pipeline\scientific_threshold_gate.py	79	smoke	rows = read_csv_rows(smoke_csv)
pipeline\scientific_threshold_gate.py	81	smoke	"return ""BLOCKED_FOR_REQUIRED_VARIABLE"", ""smoke_days_unit_2015_2024.csv empty"", {}"
pipeline\scientific_threshold_gate.py	85	smoke	"v = safe_float(r.get(""smoke_days""))"
pipeline\scientific_threshold_gate.py	90	smoke	"return ""BLOCKED_FOR_REQUIRED_VARIABLE"", ""No numeric year/smoke_days pairs"", {}"
pipeline\scientific_threshold_gate.py	95	smoke	"""BLOCKED_SPATIAL_SMOKE_CLAIM"","
pipeline\scientific_threshold_gate.py	96	smoke	"""Years with <=1 unique smoke_days across units: "" + "","".join(str(y) for y in sorted(blocked_years)),"
pipeline\scientific_threshold_gate.py	99	smoke	"return ""THRESHOLD_DEFINED_AS_INTERNAL_STATISTICAL_CLASSIFICATION"", ""Smoke spatial differentiation detected."", unique_counts"
pipeline\scientific_threshold_gate.py	117	smoke	def evaluate_health_claim_support(smoke_csv: Path) -> Tuple[str, str]:
pipeline\scientific_threshold_gate.py	118	smoke	if not smoke_csv.exists():
pipeline\scientific_threshold_gate.py	119	smoke	"return ""BLOCKED_FOR_REQUIRED_VARIABLE"", ""smoke table missing"""
pipeline\scientific_threshold_gate.py	120	smoke	rows = read_csv_rows(smoke_csv)
pipeline\scientific_threshold_gate.py	122	smoke	"return ""BLOCKED_FOR_REQUIRED_VARIABLE"", ""smoke table empty"""
pipeline\scientific_threshold_gate.py	136	smoke	"return ""BLOCKED_FOR_HEALTH_EXPOSURE_CLAIM"", ""Proxy-only smoke table; pollutant concentration thresholds unavailable."""
pipeline\scientific_threshold_gate.py	139	smoke,smoke_route	def evaluate_smoke_route_trace(inputs_json: Path) -> Tuple[str, str, str]:
pipeline\scientific_threshold_gate.py	141	inputs_resolved	"return ""BLOCKED_FOR_REQUIRED_VARIABLE"", ""inputs_resolved.json missing"", """""
pipeline\scientific_threshold_gate.py	145	inputs_resolved	"return ""BLOCKED_FOR_REQUIRED_VARIABLE"", f""inputs_resolved.json parse error: {exc}"", """""
pipeline\scientific_threshold_gate.py	147	inputs_resolved	"return ""BLOCKED_FOR_REQUIRED_VARIABLE"", ""inputs_resolved.json is not an object"", """""
pipeline\scientific_threshold_gate.py	151	smoke,smoke_route	"route_selected = str(meta.get(""smoke_route_selected"") or meta.get(""smoke_route_mode"") or """").strip()"
pipeline\scientific_threshold_gate.py	152	smoke,smoke_route	"route_decision = str(meta.get(""smoke_route_decision"") or """").strip()"
pipeline\scientific_threshold_gate.py	154	smoke,smoke_route,inputs_resolved	"return ""BLOCKED_FOR_REQUIRED_VARIABLE"", ""smoke_route_selected missing in inputs_resolved meta"", """""
pipeline\scientific_threshold_gate.py	156	gfas,era5	"if route_selected in (""v1_moduleA_validated"", ""v0_gfas_era5_real""):"
pipeline\scientific_threshold_gate.py	168	parquet	"if route_selected == ""v0_parquet_proxy_degraded"":"
pipeline\scientific_threshold_gate.py	170	smoke	"""BLOCKED_SPATIAL_SMOKE_CLAIM"","
pipeline\scientific_threshold_gate.py	174	smoke,smoke_route	"if route_selected == ""NO-GO_SMOKE_ROUTE"":"
pipeline\scientific_threshold_gate.py	176	smoke,smoke_route	"""BLOCKED_NO_GO_SMOKE_ROUTE"","
pipeline\scientific_threshold_gate.py	198	smoke	"hours = safe_float(r.get(""smoke_hours_equiv""))"
pipeline\scientific_threshold_gate.py	205	smoke	"return ""BLOCKED_FOR_REQUIRED_VARIABLE"", ""No comparable IECH/smoke_hours_equiv rows"""
pipeline\scientific_threshold_gate.py	207	smoke	"return ""BLOCKED_POPULATION_EXPOSURE_CLAIM"", f""IECH equals smoke_hours_equiv in {equal_rows}/{comparable} rows"""
pipeline\scientific_threshold_gate.py	208	smoke	"return ""THRESHOLD_DEFINED_AS_INDEXED_METHOD"", f""IECH differs from smoke_hours_equiv in {comparable - equal_rows}/{comparable} rows"""
pipeline\scientific_threshold_gate.py	260	smoke	"""BLOCKED_SPATIAL_SMOKE_CLAIM"": [r""smoke hotspot"", r""spatially differentiated smoke exposure"", r""most exposed by smoke""],"
pipeline\scientific_threshold_gate.py	291	smoke	"smoke_csv = output_root / ""tables"" / ""smoke_days_unit_2015_2024.csv"""
pipeline\scientific_threshold_gate.py	296	inputs_resolved	"inputs_json = output_root / ""qa"" / ""inputs_resolved.json"""
pipeline\scientific_threshold_gate.py	376	smoke,smoke_route	route_status, route_obs, route_selected = evaluate_smoke_route_trace(inputs_json)
pipeline\scientific_threshold_gate.py	378	smoke	"""SMOKE-ROUTE-001"","
pipeline\scientific_threshold_gate.py	379	smoke	"""Smoke route selector priority"","
pipeline\scientific_threshold_gate.py	381	smoke,smoke_route	"""meta.smoke_route_selected/meta.smoke_route_decision"","
pipeline\scientific_threshold_gate.py	383	gfas,smoke,era5,parquet,smoke_route	"""priority=v1_moduleA_validated>v0_gfas_era5_real>BLOCKED_DECODER_REQUIRED>v0_parquet_proxy_degraded>NO-GO_SMOKE_ROUTE"","
pipeline\scientific_threshold_gate.py	384	smoke	"""SRC-GATE-SMOKE-ROUTE"","
pipeline\scientific_threshold_gate.py	388	smoke	"""Scientific closure with degraded or blocked smoke route."","
pipeline\scientific_threshold_gate.py	392	smoke	smoke_status, smoke_obs, smoke_unique = evaluate_smoke_spatial(smoke_csv)
pipeline\scientific_threshold_gate.py	394	smoke	"""SMOKE-011"","
pipeline\scientific_threshold_gate.py	395	smoke	"""Smoke spatial differentiation"","
pipeline\scientific_threshold_gate.py	396	smoke	str(smoke_csv),
pipeline\scientific_threshold_gate.py	397	smoke	"""smoke_days by unit/year"","
pipeline\scientific_threshold_gate.py	398	smoke	smoke_obs,
pipeline\scientific_threshold_gate.py	399	smoke	"""count_unique(smoke_days across units by year) must be > 1"","
pipeline\scientific_threshold_gate.py	400	smoke	"""SRC-GATE-SMOKE-SPATIAL"","
pipeline\scientific_threshold_gate.py	402	smoke	smoke_status,
pipeline\scientific_threshold_gate.py	403	smoke	"""Smoke proxy can be used as common baseline when blocked."","
pipeline\scientific_threshold_gate.py	404	smoke	"""Spatially differentiated smoke exposure claim when n_unique<=1."","
pipeline\scientific_threshold_gate.py	405	smoke	"""NO-GO_SCIENTIFIC_THRESHOLD"" if smoke_status.startswith(""BLOCKED"") else ""NONE"","
pipeline\scientific_threshold_gate.py	408	smoke	health_status, health_obs = evaluate_health_claim_support(smoke_csv)
pipeline\scientific_threshold_gate.py	410	smoke	"""SMOKE-001"","
pipeline\scientific_threshold_gate.py	412	smoke	str(smoke_csv),
pipeline\scientific_threshold_gate.py	419	smoke	"""Proxy-only smoke interpretation (non-health claim)."","
pipeline\scientific_threshold_gate.py	420	smoke	"""Health/epidemiological exposure claims from proxy-only smoke data."","
pipeline\scientific_threshold_gate.py	429	smoke	"""IECH vs smoke_hours_equiv"","
pipeline\scientific_threshold_gate.py	431	smoke	"""IECH must not collapse to smoke_hours_equiv for all rows when used for exposure claim."","
pipeline\scientific_threshold_gate.py	436	smoke	"""Population exposure differentiation claim when IECH fully cancels to smoke_hours_equiv."","
pipeline\scientific_threshold_gate.py	447	smoke	"""No unexplained warning allowed in smoke route decoder evidence."","
pipeline\scientific_threshold_gate.py	492	inputs_resolved	"add_evidence(""inputs_resolved"", inputs_json)"
pipeline\scientific_threshold_gate.py	493	smoke	"add_evidence(""smoke_table"", smoke_csv)"
pipeline\smoke_route_selector.py	10	gfas,era5	"""v0_gfas_era5_real"","
pipeline\smoke_route_selector.py	12	parquet	"""v0_parquet_proxy_degraded"","
pipeline\smoke_route_selector.py	13	smoke,smoke_route	"""NO-GO_SMOKE_ROUTE"","
pipeline\smoke_route_selector.py	17	smoke	"""smoke_v1_modulea"","
pipeline\smoke_route_selector.py	18	smoke	"""smoke_modulea_catalog"","
pipeline\smoke_route_selector.py	19	smoke	"""smoke_catalog_v1"","
pipeline\smoke_route_selector.py	20	smoke	"""smoke_catalog"","
pipeline\smoke_route_selector.py	36	smoke	def _is_modulea_smoke_catalog(path: Path) -> bool:
pipeline\smoke_route_selector.py	43	smoke	"has_smoke = ""smoke_days"" in header or ""smoke_hours"" in header"
pipeline\smoke_route_selector.py	45	smoke	return has_year and has_smoke and has_unit
pipeline\smoke_route_selector.py	52	smoke	def detect_smoke_sources(modulec_datos: Path, inputs: Dict[str, object]) -> Dict[str, object]:
pipeline\smoke_route_selector.py	57	smoke	"smoke_csv_raw = str(paths.get(""smoke_csv"", """")).strip()"
pipeline\smoke_route_selector.py	58	smoke	smoke_csv_path = Path(smoke_csv_raw) if smoke_csv_raw else None
pipeline\smoke_route_selector.py	65	smoke	"smoke_root = modulec_datos / ""01_std"" / ""smoke"""
pipeline\smoke_route_selector.py	66	smoke	if smoke_root.exists():
pipeline\smoke_route_selector.py	67	smoke	"for p in sorted(smoke_root.rglob(""*.csv"")):"
pipeline\smoke_route_selector.py	77	smoke	if smoke_csv_path is not None and cand.exists():
pipeline\smoke_route_selector.py	78	parquet	# The parquet proxy path must not be interpreted as v1.
pipeline\smoke_route_selector.py	79	parquet	"if ""parquetfiles"" in _norm(cand):"
pipeline\smoke_route_selector.py	81	smoke	if _is_modulea_smoke_catalog(cand):
pipeline\smoke_route_selector.py	85	gfas	"gfas_dir = modulec_datos / ""CAM-GFAS (ADS)"""
pipeline\smoke_route_selector.py	86	gfas	"gfas_gribs = sorted(gfas_dir.glob(""*.grib"")) if gfas_dir.exists() else []"
pipeline\smoke_route_selector.py	87	gfas	gfas_total_bytes = sum(int(p.stat().st_size) for p in gfas_gribs) if gfas_gribs else 0
pipeline\smoke_route_selector.py	89	era5	"era5_candidates = sorted(modulec_datos.glob(""*ERA5*.zip""))"
pipeline\smoke_route_selector.py	90	era5	era5_zip = era5_candidates[0] if era5_candidates else None
pipeline\smoke_route_selector.py	92	parquet	parquet_candidates = [
pipeline\smoke_route_selector.py	93	parquet	"modulec_datos / ""ParquetFiles 2017.zip"","
pipeline\smoke_route_selector.py	94	parquet	"modulec_datos / ""ParquetFiles 2022.zip"","
pipeline\smoke_route_selector.py	96	parquet	parquet_existing = [p for p in parquet_candidates if p.exists()]
pipeline\smoke_route_selector.py	99	smoke	"""smoke_csv_input"": str(smoke_csv_path) if smoke_csv_path else """","
pipeline\smoke_route_selector.py	102	gfas	"""gfas_dir"": str(gfas_dir) if gfas_dir.exists() else """","
pipeline\smoke_route_selector.py	103	gfas	"""gfas_exists"": gfas_dir.exists(),"
pipeline\smoke_route_selector.py	104	gfas	"""gfas_grib_count"": len(gfas_gribs),"
pipeline\smoke_route_selector.py	105	gfas	"""gfas_total_bytes"": int(gfas_total_bytes),"
pipeline\smoke_route_selector.py	106	era5	"""era5_zip"": str(era5_zip) if era5_zip else """","
pipeline\smoke_route_selector.py	107	era5	"""era5_exists"": era5_zip is not None and era5_zip.exists(),"
pipeline\smoke_route_selector.py	108	parquet	"""parquet_zip_count"": len(parquet_existing),"
pipeline\smoke_route_selector.py	109	parquet	"""parquet_zip_paths"": [str(p) for p in parquet_existing],"
pipeline\smoke_route_selector.py	113	smoke,smoke_route	def select_smoke_route(sources: Dict[str, object], decoder_available: bool = False) -> Dict[str, object]:
pipeline\smoke_route_selector.py	115	gfas	"gfas_ok = bool(sources.get(""gfas_exists"")) and int(sources.get(""gfas_grib_count"") or 0) > 0"
pipeline\smoke_route_selector.py	116	era5	"era5_ok = bool(sources.get(""era5_exists""))"
pipeline\smoke_route_selector.py	117	parquet	"parquet_ok = int(sources.get(""parquet_zip_count"") or 0) > 0"
pipeline\smoke_route_selector.py	122	smoke,smoke_route	"""smoke_route_status"": """","
pipeline\smoke_route_selector.py	123	smoke,smoke_route	"""smoke_route_decision"": """","
pipeline\smoke_route_selector.py	141	smoke,smoke_route	"""smoke_route_status"": ""SCIENTIFIC_PRIMARY"","
pipeline\smoke_route_selector.py	142	smoke,smoke_route	"""smoke_route_decision"": ""THRESHOLD_DEFINED_AS_INDEXED_METHOD"","
pipeline\smoke_route_selector.py	148	smoke	"""reason"": ""Validated module A smoke catalog available."","
pipeline\smoke_route_selector.py	155	gfas,era5	if gfas_ok and era5_ok:
pipeline\smoke_route_selector.py	159	gfas,era5	"""route_selected"": ""v0_gfas_era5_real"","
pipeline\smoke_route_selector.py	160	smoke,smoke_route	"""smoke_route_status"": ""SCIENTIFIC_PRIMARY_REAL"","
pipeline\smoke_route_selector.py	161	smoke,smoke_route	"""smoke_route_decision"": ""THRESHOLD_DEFINED_AS_INDEXED_METHOD"","
pipeline\smoke_route_selector.py	163	smoke	"""iech_decision"": ""IECH_ROUTE_REAL_SMOKE"","
pipeline\smoke_route_selector.py	167	gfas,era5	"""reason"": ""GFAS + ERA5 detected and decoder is available."","
pipeline\smoke_route_selector.py	177	smoke,parquet,smoke_route	"""smoke_route_status"": ""PROXY_DEGRADED"" if parquet_ok else ""BLOCKED"","
pipeline\smoke_route_selector.py	178	smoke,smoke_route	"""smoke_route_decision"": ""BLOCKED_DECODER_REQUIRED"","
pipeline\smoke_route_selector.py	184	gfas	"""required_decoder"": ""GFAS_GRIB_TO_DAILY_PT_GRID"","
pipeline\smoke_route_selector.py	185	gfas,era5	"""required_inputs"": ""GFAS + ERA5 u10/v10"","
pipeline\smoke_route_selector.py	186	gfas,era5	"""reason"": ""GFAS and ERA5 exist but no robust decoder is wired in runtime."","
pipeline\smoke_route_selector.py	187	parquet	"""operational_fallback_route"": ""v0_parquet_proxy_degraded"" if parquet_ok else """","
pipeline\smoke_route_selector.py	188	parquet	"""allowed_use"": ""diagnostic_only"" if parquet_ok else """","
pipeline\smoke_route_selector.py	194	parquet	if parquet_ok:
pipeline\smoke_route_selector.py	197	parquet	"""route_selected"": ""v0_parquet_proxy_degraded"","
pipeline\smoke_route_selector.py	198	smoke,smoke_route	"""smoke_route_status"": ""PROXY_DEGRADED"","
pipeline\smoke_route_selector.py	199	smoke,smoke_route	"""smoke_route_decision"": ""BLOCKED_SPATIAL_SMOKE_CLAIM"","
pipeline\smoke_route_selector.py	205	parquet	"""reason"": ""Only parquet proxy route is available."","
pipeline\smoke_route_selector.py	214	smoke,smoke_route	"""route_selected"": ""NO-GO_SMOKE_ROUTE"","
pipeline\smoke_route_selector.py	215	smoke,smoke_route	"""smoke_route_status"": ""BLOCKED"","
pipeline\smoke_route_selector.py	216	smoke,smoke_route	"""smoke_route_decision"": ""NO-GO_SMOKE_ROUTE"","
pipeline\smoke_route_selector.py	222	smoke	"""reason"": ""No smoke route available."","
pipeline\smoke_route_selector.py	235	gfas,smoke	"paths[""smoke_gfas_dir""] = str(sources.get(""gfas_dir"", """"))"
pipeline\smoke_route_selector.py	236	smoke,era5	"paths[""smoke_era5_zip""] = str(sources.get(""era5_zip"", """"))"
pipeline\smoke_route_selector.py	238	smoke	"paths[""smoke_modulea_catalog""] = str(sources.get(""modulea_catalog_path""))"
pipeline\smoke_route_selector.py	241	smoke,smoke_route	"meta[""smoke_route_mode""] = str(decision.get(""route_selected"", """"))"
pipeline\smoke_route_selector.py	242	smoke,smoke_route	"meta[""smoke_route_selected""] = str(decision.get(""route_selected"", """"))"
pipeline\smoke_route_selector.py	243	smoke,smoke_route	"meta[""smoke_route_status""] = str(decision.get(""smoke_route_status"", """"))"
pipeline\smoke_route_selector.py	244	smoke,smoke_route	"meta[""smoke_route_decision""] = str(decision.get(""smoke_route_decision"", """"))"
pipeline\smoke_route_selector.py	252	smoke,smoke_route	"meta[""smoke_route_reason""] = str(decision.get(""reason"", """"))"
pipeline\smoke_route_selector.py	253	smoke,smoke_route	"meta[""smoke_route_operational_fallback""] = str(decision.get(""operational_fallback_route"", """"))"
pipeline\smoke_route_selector.py	254	smoke,smoke_route	"meta[""smoke_route_allowed_use""] = str(decision.get(""allowed_use"", """"))"
pipeline\smoke_route_selector.py	255	smoke,smoke_route	"meta[""smoke_route_forbidden_use""] = str(decision.get(""forbidden_use"", """"))"
pipeline\smoke_route_selector.py	256	smoke,smoke_route	"meta[""smoke_route_detected_sources""] = {"
pipeline\smoke_route_selector.py	259	gfas	"""gfas_dir"": str(sources.get(""gfas_dir"", """")),"
pipeline\smoke_route_selector.py	260	gfas	"""gfas_grib_count"": int(sources.get(""gfas_grib_count"") or 0),"
pipeline\smoke_route_selector.py	261	gfas	"""gfas_total_bytes"": int(sources.get(""gfas_total_bytes"") or 0),"
pipeline\smoke_route_selector.py	262	era5	"""era5_zip"": str(sources.get(""era5_zip"", """")),"
pipeline\smoke_route_selector.py	263	era5	"""era5_exists"": bool(sources.get(""era5_exists"")),"
pipeline\smoke_route_selector.py	264	parquet	"""parquet_zip_count"": int(sources.get(""parquet_zip_count"") or 0),"
pipeline\smoke_route_selector.py	265	parquet	"""parquet_zip_paths"": list(sources.get(""parquet_zip_paths"", [])),"
pipeline\validate_modulec_objectives_canon.py	37	humo	"""objective_name"": ""Humo v0/v1 declarado y limpio"","
pipeline\validate_modulec_objectives_canon.py	38	parquet	"""required_database"": ""ParquetFiles 2017.zip + ParquetFiles 2022.zip"","
pipeline\validate_modulec_objectives_canon.py	39	smoke,smoke_route	"""required_output"": [""tables/smoke_days_unit_2015_2024.csv"", ""tables/smoke_days_municipio_2015_2024.csv"", ""qa/smoke_route_audit.tsv""],"
pipeline\validate_modulec_objectives_canon.py	41	humo	"""validation_rule"": ""Fuente humo no contaminada por 03_outputs/tables; tablas no degeneradas."","
pipeline\validate_modulec_objectives_canon.py	54	smoke	"""required_database"": ""Smoke + GHSL"","
pipeline\validate_modulec_objectives_canon.py	92	smoke	"""required_database"": ""Outputs IECH/smoke/pop/recurrence/WRB/WUI"","
pipeline\validate_modulec_objectives_canon.py	132	inputs_resolved	"""qa/inputs_resolved.json"","
pipeline\validate_modulec_objectives_canon.py	229	smoke	def _check_smoke_inputs_clean(inputs: Dict[str, object]) -> Tuple[bool, str]:
pipeline\validate_modulec_objectives_canon.py	231	smoke	"smoke = Path(str((paths or {}).get(""smoke_csv"", """")))"
pipeline\validate_modulec_objectives_canon.py	232	smoke	if not smoke.exists():
pipeline\validate_modulec_objectives_canon.py	233	smoke	"return False, f""smoke_csv missing: {smoke}"""
pipeline\validate_modulec_objectives_canon.py	234	smoke	"smoke_norm = str(smoke).replace(""/"", ""\\"").lower()"
pipeline\validate_modulec_objectives_canon.py	235	smoke	"if ""\\03_outputs\\tables\\"" in smoke_norm:"
pipeline\validate_modulec_objectives_canon.py	236	smoke	"return False, f""smoke_csv contaminated: {smoke}"""
pipeline\validate_modulec_objectives_canon.py	237	smoke,parquet	"if ""parquetfiles"" not in smoke.name.lower() and smoke.suffix.lower() not in ("".zip"", "".parquet""):"
pipeline\validate_modulec_objectives_canon.py	238	smoke	"return True, f""smoke_csv unusual source (accepted with warning): {smoke}"""
pipeline\validate_modulec_objectives_canon.py	239	smoke	"return True, f""smoke_csv source OK: {smoke}"""
pipeline\validate_modulec_objectives_canon.py	318	inputs_resolved	"""qa/inputs_resolved.json"","
pipeline\validate_modulec_objectives_canon.py	338	smoke	ok, reason = _check_smoke_inputs_clean(inputs)
pipeline\validate_modulec_objectives_canon.py	343	smoke,smoke_route	"route_selected = str(meta.get(""smoke_route_selected"") or meta.get(""smoke_route_mode"") or """").strip()"
pipeline\validate_modulec_objectives_canon.py	344	smoke,smoke_route	"route_decision = str(meta.get(""smoke_route_decision"") or """").strip()"
pipeline\validate_modulec_objectives_canon.py	345	smoke,parquet,smoke_route	"if route_selected in (""BLOCKED_DECODER_REQUIRED"", ""v0_parquet_proxy_degraded"", ""NO-GO_SMOKE_ROUTE""):"
pipeline\validate_modulec_objectives_canon.py	346	smoke	"return False, f""smoke route blocked/degraded: route_selected={route_selected}; route_decision={route_decision}"""
pipeline\validate_modulec_objectives_canon.py	347	smoke	"smoke_unit = output_root / ""tables"" / ""smoke_days_unit_2015_2024.csv"""
pipeline\validate_modulec_objectives_canon.py	348	smoke	rows = read_csv_rows(smoke_unit) if smoke_unit.exists() else []
pipeline\validate_modulec_objectives_canon.py	349	smoke	"vals = [safe_float(r.get(""smoke_days"")) for r in rows]"
pipeline\validate_modulec_objectives_canon.py	352	smoke	"return False, ""smoke_days table has no numeric values."""
pipeline\validate_modulec_objectives_canon.py	354	smoke	"return False, ""smoke_days table degenerate (max <= 0)."""
pipeline\validate_modulec_objectives_canon.py	427	inputs_resolved	"inputs_path = qa_dir / ""inputs_resolved.json"""
pipeline\validate_modulec_objectives_canon.py	483	smoke	has_smoke = False
pipeline\validate_modulec_objectives_canon.py	485	smoke	"has_smoke = bool(((inputs.get(""paths"", {}) if isinstance(inputs, dict) else {}) or {}).get(""smoke_csv""))"
pipeline\validate_modulec_objectives_canon.py	487	smoke	has_smoke = False
pipeline\validate_modulec_objectives_canon.py	488	smoke	if has_smoke:
pipeline\validate_modulec_objectives_canon.py	489	smoke	spec_ok, spec_reason = _check_smoke_inputs_clean(inputs)
pipeline\validate_modulec_objectives_canon.py	494	inputs_resolved	"spec_reason = ""inputs_resolved pending preflight refresh"""
PIPELINE_CANON_HANDOFF\03_PIPELINE_SEQUENCE_MAP.md	10	inputs_resolved	| 5. Runtime ModuleC v2 | RUN_ModuleC_Pipeline_OSGeo4W.cmd --pipeline-v2 -> moduleC_pipeline_v2.py | inputs_resolved + datos canónicos | tablas/maps/qa runtime | exitcode+QA coherentes | ejecución parcial | traceback/fallo bloqueante | Depende de 4 |
PIPELINE_CANON_HANDOFF\07_DO_NOT_TOUCH_REGISTER.md	8	parquet	- Archivos grandes/sensibles: .gpkg, .zip, .grib, .parquet, .tif/.tiff, .nc, .7z, .rar, .geojson
PIPELINE_CANON_HANDOFF\07_DO_NOT_TOUCH_REGISTER.md	10	smoke	eport_auditoria_v2.txt, smoke_days_unit_2015_2024.csv, deliverables/final manifest/sha)
PIPELINE_CANON_HANDOFF\08_OUTPUT_CONTRACT.md	12	smoke	-  ables\smoke_days_unit_2015_2024.csv (puede quedar EXPECTED_REGENERATE_BY_RUNTIME)
PIPELINE_CANON_HANDOFF\08_OUTPUT_CONTRACT.md	15	inputs_resolved	- qa\inputs_resolved.json
PIPELINE_CANON_HANDOFF\08_OUTPUT_CONTRACT.md	19	smoke	-  ables\smoke_days_unit_2015_2024.csv (si aplica recalculo)
PIPELINE_CANON_HANDOFF\08_OUTPUT_CONTRACT.md	28	inputs_resolved	- qa\inputs_resolved.json
PIPELINE_CANON_HANDOFF\12_OBJECTIVES_CANON_MODULEC_IECH.md	24	smoke	## OC-03 Smoke Route (v0/v1 declared)
PIPELINE_CANON_HANDOFF\12_OBJECTIVES_CANON_MODULEC_IECH.md	25	parquet	- Current expected route in this repo: v0 primary/provisional from Parquet anchors.
PIPELINE_CANON_HANDOFF\12_OBJECTIVES_CANON_MODULEC_IECH.md	27	smoke	- `03_outputs/tables/smoke_days_unit_2015_2024.csv`
PIPELINE_CANON_HANDOFF\12_OBJECTIVES_CANON_MODULEC_IECH.md	28	smoke	- `03_outputs/tables/smoke_days_municipio_2015_2024.csv`
PIPELINE_CANON_HANDOFF\12_OBJECTIVES_CANON_MODULEC_IECH.md	29	smoke,smoke_route	- `03_outputs/qa/smoke_route_audit.tsv`
PIPELINE_CANON_HANDOFF\12_OBJECTIVES_CANON_MODULEC_IECH.md	30	smoke	- Rule: reject legacy smoke source under `03_outputs/tables` as primary input.
PIPELINE_CANON_HANDOFF\12_OBJECTIVES_CANON_MODULEC_IECH.md	94	inputs_resolved	- `03_outputs/qa/inputs_resolved.json`
PIPELINE_CANON_HANDOFF\12_OBJECTIVES_CANON_MODULEC_IECH.md	109	smoke	- `NO-GO`: critical scientific/runtime failure (no IECH/smoke/pop/fire base or non-reproducible runtime).
PIPELINE_CANON_HANDOFF\PIPELINE_CANON_FINAL_CONTAMINATION_SCAN.csv	74	smoke	"""CONTROL_SCRIPTS"",""D:\Mestrado\GATA_2025_2026\Prueba_aislada\_cleanup_control\ISO_GATA_RECONCILIATION_20260518_201808\scripts\run_b3_2_post.ps1"",""284"",""deliverables_step9"",""CONTROL_REFERENCE"",""Referencia usada en scripts de auditoría/control"",""$crt += """"- Regenerar en runtime: report_auditoria_v2.txt, smoke_days_unit_2015_2024.csv, deliverables_step9, final_manifest.json, final_sha256_checkpoints.txt"""""""
tests\test_causal_matrix_blocks_if_smoke_route_blocked.py	10	smoke,smoke_route	def test_scientific_gate_blocks_when_smoke_route_is_blocked_decoder_required(tmp_path):
tests\test_causal_matrix_blocks_if_smoke_route_blocked.py	17	smoke	"(output_root / ""tables"" / ""smoke_days_unit_2015_2024.csv"").write_text("
tests\test_causal_matrix_blocks_if_smoke_route_blocked.py	18	smoke	"""unit_id;year;smoke_days\nA;2015;10\nB;2015;20\n"","
tests\test_causal_matrix_blocks_if_smoke_route_blocked.py	22	smoke	"""unit_id;year;smoke_days;smoke_hours_equiv;pop;expo_person_hours;IECH\n"""
tests\test_causal_matrix_blocks_if_smoke_route_blocked.py	38	smoke,parquet	"""paths"": {""smoke_csv"": ""D:\\fake\\ParquetFiles 2022.zip""},"
tests\test_causal_matrix_blocks_if_smoke_route_blocked.py	40	smoke,smoke_route	"""smoke_route_selected"": ""BLOCKED_DECODER_REQUIRED"","
tests\test_causal_matrix_blocks_if_smoke_route_blocked.py	41	smoke,smoke_route	"""smoke_route_decision"": ""BLOCKED_DECODER_REQUIRED"","
tests\test_causal_matrix_blocks_if_smoke_route_blocked.py	44	inputs_resolved	"(output_root / ""qa"" / ""inputs_resolved.json"").write_text(json.dumps(inputs_payload), encoding=""utf-8"")"
tests\test_causal_matrix_blocks_if_smoke_route_blocked.py	57	smoke	"route_rows = [r for r in rows if r.get(""threshold_id"") == ""SMOKE-ROUTE-001""]"
tests\test_causal_matrix_blocks_if_smoke_route_blocked.py	58	smoke	"assert route_rows, ""Missing SMOKE-ROUTE-001 gate row"""
tests\test_final_bundle_blocks_stale_payload.py	14	gfas,pm2p5	"assert ""qa\\gfas_pm2p5fire_message_inventory.tsv"" in text"
tests\test_final_bundle_blocks_stale_payload.py	16	smoke	"assert ""tables\\smoke_day_score_nuts3_daily.csv"" in text"
tests\test_iech_blocks_population_cancellation.py	14	smoke	"""unit_id;year;smoke_days;smoke_hours_equiv;pop;expo_person_hours;IECH\n"""
tests\test_iech_blocks_population_cancellation.py	21	smoke	"assert ""IECH equals smoke_hours_equiv"" in obs"
tests\test_inputs_resolved_traces_gfas_era5.py	7	gfas,era5	def test_apply_route_meta_writes_gfas_era5_trace(tmp_path):
tests\test_inputs_resolved_traces_gfas_era5.py	10	smoke,smoke_route	import smoke_route_selector as selector  # type: ignore
tests\test_inputs_resolved_traces_gfas_era5.py	14	gfas	"gfas_dir = data / ""CAM-GFAS (ADS)"""
tests\test_inputs_resolved_traces_gfas_era5.py	15	gfas	gfas_dir.mkdir(parents=True, exist_ok=True)
tests\test_inputs_resolved_traces_gfas_era5.py	16	gfas	"(gfas_dir / ""dummy.grib"").write_bytes(b""grib"")"
tests\test_inputs_resolved_traces_gfas_era5.py	17	era5	"era5_zip = data / ""ERA5_demo.zip"""
tests\test_inputs_resolved_traces_gfas_era5.py	18	era5	"era5_zip.write_bytes(b""zip"")"
tests\test_inputs_resolved_traces_gfas_era5.py	19	parquet	"(data / ""ParquetFiles 2022.zip"").write_bytes(b""zip"")"
tests\test_inputs_resolved_traces_gfas_era5.py	21	smoke,parquet	"inputs = {""paths"": {""smoke_csv"": str(data / ""ParquetFiles 2022.zip"")}, ""meta"": {}}"
tests\test_inputs_resolved_traces_gfas_era5.py	22	smoke	sources = selector.detect_smoke_sources(data, inputs)
tests\test_inputs_resolved_traces_gfas_era5.py	23	smoke,smoke_route	decision = selector.select_smoke_route(sources, decoder_available=False)
tests\test_inputs_resolved_traces_gfas_era5.py	26	gfas,smoke	"assert enriched[""paths""][""smoke_gfas_dir""] == str(gfas_dir)"
tests\test_inputs_resolved_traces_gfas_era5.py	27	smoke,era5	"assert enriched[""paths""][""smoke_era5_zip""] == str(era5_zip)"
tests\test_inputs_resolved_traces_gfas_era5.py	28	smoke,smoke_route	"assert enriched[""meta""][""smoke_route_selected""] == ""BLOCKED_DECODER_REQUIRED"""
tests\test_inputs_resolved_traces_gfas_era5.py	29	smoke,smoke_route	"assert enriched[""meta""][""smoke_route_decision""] == ""BLOCKED_DECODER_REQUIRED"""
tests\test_scientific_threshold_gate_contract.py	18	smoke	"output_root / ""tables"" / ""smoke_days_unit_2015_2024.csv"","
tests\test_scientific_threshold_gate_contract.py	19	smoke	"""unit_id;year;smoke_days\nA;2015;10\nB;2015;10\n"","
tests\test_smoke_outputs_block_homogeneous_proxy.py	7	smoke	def test_homogeneous_smoke_days_is_blocked(tmp_path):
tests\test_smoke_outputs_block_homogeneous_proxy.py	12	smoke	"smoke_csv = tmp_path / ""smoke_days_unit_2015_2024.csv"""
tests\test_smoke_outputs_block_homogeneous_proxy.py	13	smoke	smoke_csv.write_text(
tests\test_smoke_outputs_block_homogeneous_proxy.py	14	smoke	"""unit_id;year;smoke_days\n"""
tests\test_smoke_outputs_block_homogeneous_proxy.py	21	smoke	status, obs, _counts = gate.evaluate_smoke_spatial(smoke_csv)
tests\test_smoke_outputs_block_homogeneous_proxy.py	22	smoke	"assert status == ""BLOCKED_SPATIAL_SMOKE_CLAIM"""
tests\test_smoke_outputs_block_homogeneous_proxy.py	23	smoke	"assert ""<=1 unique smoke_days"" in obs"
tests\test_smoke_route_blocks_parquet_proxy_as_final.py	7	parquet	def test_parquet_proxy_is_degraded_and_not_scientific_go(tmp_path):
tests\test_smoke_route_blocks_parquet_proxy_as_final.py	10	smoke,smoke_route	import smoke_route_selector as selector  # type: ignore
tests\test_smoke_route_blocks_parquet_proxy_as_final.py	14	parquet	"(data / ""ParquetFiles 2017.zip"").write_bytes(b""zip"")"
tests\test_smoke_route_blocks_parquet_proxy_as_final.py	15	parquet	"(data / ""ParquetFiles 2022.zip"").write_bytes(b""zip"")"
tests\test_smoke_route_blocks_parquet_proxy_as_final.py	17	smoke,parquet	"sources = selector.detect_smoke_sources(data, {""paths"": {""smoke_csv"": str(data / ""ParquetFiles 2022.zip"")}})"
tests\test_smoke_route_blocks_parquet_proxy_as_final.py	18	smoke,smoke_route	decision = selector.select_smoke_route(sources, decoder_available=False)
tests\test_smoke_route_blocks_parquet_proxy_as_final.py	20	parquet	"assert decision[""route_selected""] == ""v0_parquet_proxy_degraded"""
tests\test_smoke_route_selector_prefers_gfas_era5.py	7	gfas,smoke,era5,parquet,smoke_route	def test_smoke_route_selector_prefers_gfas_era5_over_parquet_final(tmp_path):
tests\test_smoke_route_selector_prefers_gfas_era5.py	10	smoke,smoke_route	import smoke_route_selector as selector  # type: ignore
tests\test_smoke_route_selector_prefers_gfas_era5.py	14	gfas	"(data / ""CAM-GFAS (ADS)"").mkdir(parents=True, exist_ok=True)"
tests\test_smoke_route_selector_prefers_gfas_era5.py	15	gfas	"(data / ""CAM-GFAS (ADS)"" / ""dummy.grib"").write_bytes(b""grib"")"
tests\test_smoke_route_selector_prefers_gfas_era5.py	16	era5	"(data / ""ERA5_demo.zip"").write_bytes(b""zip"")"
tests\test_smoke_route_selector_prefers_gfas_era5.py	17	parquet	"(data / ""ParquetFiles 2017.zip"").write_bytes(b""zip"")"
tests\test_smoke_route_selector_prefers_gfas_era5.py	18	parquet	"(data / ""ParquetFiles 2022.zip"").write_bytes(b""zip"")"
tests\test_smoke_route_selector_prefers_gfas_era5.py	20	smoke,parquet	"inputs = {""paths"": {""smoke_csv"": str(data / ""ParquetFiles 2022.zip"")}}"
tests\test_smoke_route_selector_prefers_gfas_era5.py	21	smoke	sources = selector.detect_smoke_sources(data, inputs)
tests\test_smoke_route_selector_prefers_gfas_era5.py	22	smoke,smoke_route	decision = selector.select_smoke_route(sources, decoder_available=False)
tests\test_smoke_route_selector_prefers_gfas_era5.py	25	parquet	"assert decision[""operational_fallback_route""] == ""v0_parquet_proxy_degraded"""
tests\test_smoke_route_selector_prefers_gfas_era5.py	29	smoke,smoke_route	def test_smoke_route_selector_enables_real_route_when_decoder_available(tmp_path):
tests\test_smoke_route_selector_prefers_gfas_era5.py	32	smoke,smoke_route	import smoke_route_selector as selector  # type: ignore
tests\test_smoke_route_selector_prefers_gfas_era5.py	36	gfas	"(data / ""CAM-GFAS (ADS)"").mkdir(parents=True, exist_ok=True)"
tests\test_smoke_route_selector_prefers_gfas_era5.py	37	gfas	"(data / ""CAM-GFAS (ADS)"" / ""dummy.grib"").write_bytes(b""grib"")"
tests\test_smoke_route_selector_prefers_gfas_era5.py	38	era5	"(data / ""ERA5_demo.zip"").write_bytes(b""zip"")"
tests\test_smoke_route_selector_prefers_gfas_era5.py	39	parquet	"(data / ""ParquetFiles 2017.zip"").write_bytes(b""zip"")"
tests\test_smoke_route_selector_prefers_gfas_era5.py	40	parquet	"(data / ""ParquetFiles 2022.zip"").write_bytes(b""zip"")"
tests\test_smoke_route_selector_prefers_gfas_era5.py	42	smoke,parquet	"sources = selector.detect_smoke_sources(data, {""paths"": {""smoke_csv"": str(data / ""ParquetFiles 2022.zip"")}})"
tests\test_smoke_route_selector_prefers_gfas_era5.py	43	smoke,smoke_route	decision = selector.select_smoke_route(sources, decoder_available=True)
tests\test_smoke_route_selector_prefers_gfas_era5.py	45	gfas,era5	"assert decision[""route_selected""] == ""v0_gfas_era5_real"""
tests\test_smoke_route_selector_prefers_gfas_era5.py	46	smoke,smoke_route	"assert decision[""smoke_route_status""] == ""SCIENTIFIC_PRIMARY_REAL"""
tests\test_spatial_collapse_contracts.py	27	smoke,smoke_route	def test_smoke_route_v0_audit_rows_contract():
tests\test_spatial_collapse_contracts.py	29	smoke,smoke_route	"rows = mod._smoke_route_v0_audit_rows(0, failed=False, detail="""")"
tests\test_spatial_collapse_contracts.py	31	gfas	"assert by_metric[""backend_gfas""][1] == ""GDAL"""
tests\test_spatial_collapse_contracts.py	32	gfas	"assert by_metric[""eccodes_for_gfas""][1] == ""REJECTED_OR_FORBIDDEN"""
tests\test_spatial_collapse_contracts.py	45	smoke	"tables / ""smoke_days_unit_2015_2024.csv"","
tests\test_spatial_collapse_contracts.py	46	smoke	"""unit_id;year;smoke_days;smoke_method\n"""
tests\test_spatial_collapse_contracts.py	47	gfas	"""A;2017;100;gfas_proxy\n"""
tests\test_spatial_collapse_contracts.py	48	gfas	"""B;2017;100;gfas_proxy\n"""
tests\test_spatial_collapse_contracts.py	49	gfas	"""A;2022;10;gfas_proxy\n"""
tests\test_spatial_collapse_contracts.py	50	gfas	"""B;2022;10;gfas_proxy\n"","
tests\test_spatial_collapse_contracts.py	53	smoke	"tables / ""smoke_day_score_nuts3_daily.csv"","
tests\test_spatial_collapse_contracts.py	54	smoke	"""unit_id;date;year;smoke_day_score;source_file;method;spatial_assignment\n"""
tests\test_spatial_collapse_contracts.py	61	gfas,pm2p5	"qa / ""gfas_pm2p5fire_portugal_daily_summary.csv"","
tests\test_spatial_collapse_contracts.py	62	smoke	"""date;year;source_file;rows;numeric;zero;nonzero;min;max;mean;smoke_day_score\n"""
tests\test_spatial_collapse_contracts.py	68	smoke	"""unit_id;year;smoke_days;smoke_hours_equiv;pop;expo_person_hours;IECH\n"""
tests\test_spatial_collapse_contracts.py	76	smoke	"""unit_id;year;scenario;smoke_days;smoke_hours_equiv;pop;expo_person_hours;IECH;delta_vs_S0\n"""
tests\test_spatial_collapse_contracts.py	81	inputs_resolved	"qa / ""inputs_resolved.json"","
tests\test_spatial_collapse_contracts.py	85	gfas,smoke,era5,smoke_route	"""smoke_route_selected"": ""v0_gfas_era5_real"","
tests\test_spatial_collapse_contracts.py	86	smoke,smoke_route	"""smoke_route_status"": ""SCIENTIFIC_PRIMARY_REAL"","
tests\test_spatial_collapse_contracts.py	87	smoke,smoke_route	"""smoke_route_decision"": ""THRESHOLD_DEFINED_AS_INDEXED_METHOD"","
tests\test_spatial_collapse_contracts.py	96	smoke	"smoke_annual_csv=tables / ""smoke_days_unit_2015_2024.csv"","
tests\test_spatial_collapse_contracts.py	97	smoke	"smoke_daily_csv=tables / ""smoke_day_score_nuts3_daily.csv"","
tests\test_spatial_collapse_contracts.py	98	gfas,pm2p5	"gfas_daily_summary_csv=qa / ""gfas_pm2p5fire_portugal_daily_summary.csv"","
tests\test_spatial_collapse_contracts.py	113	smoke	"assert ""smoke hotspot"" not in text"
tests\test_spatial_collapse_contracts.py	114	smoke	"assert ""spatially differentiated smoke exposure"" not in text"
tests\test_spatial_collapse_contracts.py	115	smoke	"assert ""most exposed by smoke"" not in text"
tests\test_spatial_collapse_contracts.py	116	smoke	"assert ""spatial ranking from smoke proxy is blocked"" in text"
tests\test_step7_block_helpers.py	17	smoke	def test_step7_smoke_homogeneous_helper_blocks(tmp_path):
tests\test_step7_block_helpers.py	19	smoke	"smoke = tmp_path / ""smoke_days_unit_2015_2024.csv"""
tests\test_step7_block_helpers.py	20	smoke	smoke.write_text(
tests\test_step7_block_helpers.py	21	smoke	"""unit_id;year;smoke_days\n"""
tests\test_step7_block_helpers.py	26	smoke	assert mod._smoke_spatial_homogeneous(smoke) is True
tests\test_step7_block_helpers.py	33	smoke	"""unit_id;year;smoke_days;smoke_hours_equiv;pop;expo_person_hours;IECH\n"""
tests\test_warning_inventory_gate.py	15	gfas,pm2p5	"""gdal_translate\tGFAS_PM2P5_2022\tGENERIC_WARNING_UNCLASSIFIED\t0\tUNKNOWN\tBLOCKED\twarning test\n"","
tests\test_warning_inventory_gate.py	32	gfas,pm2p5	"""gdal_translate\tGFAS_PM2P5_2022\tGFAS_PACKING_WARNING_CLASSIFIED\t1\tLOW\tPASS\tnumPts * (numBits in a Group) ...\n"","
tools\MODULEC_ENVIRONMENT_IMPLEMENTATION.md	10	smoke	- `tools/setup_profile2_python_smoke.ps1`
tools\MODULEC_ENVIRONMENT_IMPLEMENTATION.md	21	smoke	.\tools\setup_profile2_python_smoke.ps1
tools\MODULEC_ENVIRONMENT_IMPLEMENTATION.md	67	smoke	- `setup_profile2_python_smoke.ps1` instala solo `pandas` en venv local para smoke tabular.
tools\setup_profile2_python_smoke.ps1	19	smoke	"Write-Host ""PROFILE_2_PYTHON_SMOKE ready"""
tools\setup_profile2_python_smoke.ps1	24	smoke	"Write-Host ""Safe smoke checks:"""
validation\validate_github_export.ps1	34	parquet	$forbiddenExt=@('.gpkg','.tif','.tiff','.parquet','.grib','.nc','.7z','.rar','.zip')
docs\audits\SMOKE_ROUTE_SELECTOR_ROOT_CAUSE_AUDIT.md	1	smoke	# SMOKE ROUTE SELECTOR ROOT CAUSE AUDIT
docs\audits\SMOKE_ROUTE_SELECTOR_ROOT_CAUSE_AUDIT.md	6	smoke	- Objective: isolate the active smoke-route root cause before implementation edits.
docs\audits\SMOKE_ROUTE_SELECTOR_ROOT_CAUSE_AUDIT.md	13	smoke,smoke_route	- `pipeline/smoke_route_selector.py`
docs\audits\SMOKE_ROUTE_SELECTOR_ROOT_CAUSE_AUDIT.md	22	smoke,smoke_route	- File: `pipeline/smoke_route_selector.py`
docs\audits\SMOKE_ROUTE_SELECTOR_ROOT_CAUSE_AUDIT.md	23	gfas,smoke,era5,parquet,smoke_route	- Evidence: route order is `v1_moduleA_validated -> v0_gfas_era5_real -> BLOCKED_DECODER_REQUIRED -> v0_parquet_proxy_degraded -> NO-GO_SMOKE_ROUTE`.
docs\audits\SMOKE_ROUTE_SELECTOR_ROOT_CAUSE_AUDIT.md	27	gfas,smoke,era5	"- Evidence before this intervention: `smoke_prepare` failed explicitly when `route_selected == ""v0_gfas_era5_real""` with \""decoder not implemented\""."
docs\audits\SMOKE_ROUTE_SELECTOR_ROOT_CAUSE_AUDIT.md	29	smoke,parquet	3. With decoder unavailable, runtime downgraded to parquet proxy and kept homogeneous smoke.
docs\audits\SMOKE_ROUTE_SELECTOR_ROOT_CAUSE_AUDIT.md	31	parquet	- Evidence: `BLOCKED_DECODER_REQUIRED` plus `proxy_degraded_primary_parquet_*` methods and `unique_values=1` per year.
docs\audits\SMOKE_ROUTE_SELECTOR_ROOT_CAUSE_AUDIT.md	35	smoke	- Evidence: `IECH` collapses to `smoke_hours_equiv`, gate emits `BLOCKED_POPULATION_EXPOSURE_CLAIM` and `BLOCKED_IECH_RANKING`.
docs\audits\SMOKE_ROUTE_SELECTOR_ROOT_CAUSE_AUDIT.md	39	smoke,smoke_route	- Evidence: `SMOKE_ROUTE_BLOCKED` injected into `missing_components`, then `threshold_gate_status` is blocked.
docs\audits\SMOKE_ROUTE_SELECTOR_ROOT_CAUSE_AUDIT.md	42	gfas,era5	The open Falla 3 root cause was no longer selector priority; it was the missing executable GFAS/ERA5 decoder branch in runtime.
docs\audits\spatial_collapse_root_cause_audit.md	9	smoke	- `smoke_day_score_nuts3_daily.csv` has 52 rows, 26 units, 2 dates, and one unique score per date/year.
docs\audits\spatial_collapse_root_cause_audit.md	10	smoke	- `smoke_days_nuts3_annual_2015_2024.csv` has one unique `smoke_days` value for each year 2015-2024 across all units.
docs\audits\spatial_collapse_root_cause_audit.md	11	gfas,pm2p5	- `gfas_pm2p5fire_portugal_daily_summary.csv` is Portugal-global (no `unit_id`; no per-unit lat/lon join in summary table).
docs\audits\spatial_collapse_root_cause_audit.md	12	smoke	- `IECH_unit_2015_2024.csv` collapses mathematically (`IECH == smoke_hours_equiv` in 260/260; `expo_person_hours == pop * smoke_hours_equiv` in 260/260).
docs\audits\spatial_collapse_root_cause_audit.md	16	gfas,era5	- Decoder GDAL-only is operational and traces GFAS/ERA5 correctly.
docs\audits\spatial_collapse_root_cause_audit.tsv	2	smoke	smoke_day_score_nuts3_daily.csv rows 52 row count READ
docs\audits\spatial_collapse_root_cause_audit.tsv	3	smoke	smoke_day_score_nuts3_daily.csv unit_id_unique 26 distinct unit_id count READ
docs\audits\spatial_collapse_root_cause_audit.tsv	4	smoke	smoke_day_score_nuts3_daily.csv date_unique 2 distinct date count READ
docs\audits\spatial_collapse_root_cause_audit.tsv	5	smoke	smoke_day_score_nuts3_daily.csv year_unique 2 distinct year count READ
docs\audits\spatial_collapse_root_cause_audit.tsv	6	smoke	smoke_day_score_nuts3_daily.csv all_units_same_score_by_date 1 2017-01-02:1,2022-01-02:1 HOMOGENEOUS
docs\audits\spatial_collapse_root_cause_audit.tsv	7	smoke	smoke_day_score_nuts3_daily.csv all_units_same_score_by_year 1 2017:1,2022:1 HOMOGENEOUS
docs\audits\spatial_collapse_root_cause_audit.tsv	8	smoke	smoke_day_score_nuts3_daily.csv spatial_variation_detected 0 no unit-level variation inside same date HOMOGENEOUS
docs\audits\spatial_collapse_root_cause_audit.tsv	9	smoke	smoke_days_nuts3_annual_2015_2024.csv rows 260 row count READ
docs\audits\spatial_collapse_root_cause_audit.tsv	10	smoke	smoke_days_nuts3_annual_2015_2024.csv spatial_homogeneous_flag_derived 1 2015:1,2016:1,2017:1,2018:1,2019:1,2020:1,2021:1,2022:1,2023:1,2024:1 HOMOGENEOUS
docs\audits\spatial_collapse_root_cause_audit.tsv	11	gfas,pm2p5	gfas_pm2p5fire_portugal_daily_summary.csv rows 2 row count READ
docs\audits\spatial_collapse_root_cause_audit.tsv	12	gfas,pm2p5	gfas_pm2p5fire_portugal_daily_summary.csv is_portugal_global_summary 1 no unit_id column in daily summary GLOBAL_ONLY
docs\audits\spatial_collapse_root_cause_audit.tsv	13	gfas,pm2p5	gfas_pm2p5fire_portugal_daily_summary.csv has_lat_lon_or_cell_for_zonal_assignment 0 no per-unit lat/lon join key in summary NO_COORDS
docs\audits\spatial_collapse_root_cause_audit.tsv	15	smoke	IECH_unit_2015_2024.csv iech_equals_smoke_hours_equiv_all_rows 1 260/260 COLLAPSED
docs\audits\spatial_collapse_root_cause_audit.tsv	16	smoke	IECH_unit_2015_2024.csv expo_person_hours_equals_pop_times_smoke_hours_all_rows 1 260/260 IDENTITY
docs\canon\SCIENTIFIC_THRESHOLD_DECLARATION_REGISTER.md	6	gfas,smoke,era5	This register is the compact machine/human layer for smoke-route v0 GFAS/ERA5 and claim gating.
docs\canon\SCIENTIFIC_THRESHOLD_DECLARATION_REGISTER.md	10	gfas,pm2p5,pm2.5,smoke,smoke_route	| GFAS_PM2P5FIRE_PROXY_V0 | smoke_route_v0 | PM2P5FIRE | CAMS-GFAS read through GDAL | operational proxy only; not health concentration | internal_operational_proxy | proxy atmosférico operativo / smoke_day_score v0 | exposición sanitaria validada / PM2.5 superficial validado / claim epidemiológico directo | BLOCKED_HEALTH_EXPOSURE_CLAIM | implemented | GDAL-only backend, ecCodes forbidden for GFAS decode path |
docs\canon\SCIENTIFIC_THRESHOLD_DECLARATION_REGISTER.md	11	gfas	| GFAS_PORTUGAL_NEGATIVE_LON_GDAL_WINDOW | spatial_crop | GDAL geotransform covering -180..180 | GDAL geotransform from GFAS | -projwin -10.0 43.0 -6.0 36.5 | methodological_gate | Portugal crop usable for GFAS GDAL grid | 0-360 longitude convention as main route for this GDAL grid | BLOCKED_PORTUGAL_CROP_CONVENTION | implemented | 350..354 route rejected for primary crop |
docs\canon\SCIENTIFIC_THRESHOLD_DECLARATION_REGISTER.md	12	gfas	| GDAL_GFAS_PACKING_WARNING_CLASSIFICATION | runtime_warning_gate | GDAL stderr/stdout warning inventory | warning_inventory.tsv generated during runtime | no unexplained warning allowed | methodological_gate | warning classified only if values are directly verified and reproducible | silent warning suppression or GO with unexplained warning | BLOCKED_UNEXPLAINED_WARNING | implemented | packing warning is allowed only when evidence rows are reproducible |
docs\canon\SCIENTIFIC_THRESHOLD_DECLARATION_REGISTER.tsv	2	gfas,pm2p5,pm2.5,smoke,smoke_route	GFAS_PM2P5FIRE_PROXY_V0 smoke_route_v0 PM2P5FIRE CAMS-GFAS read through GDAL operational proxy only; not health concentration internal_operational_proxy proxy atmosférico operativo / smoke_day_score v0 exposición sanitaria validada / PM2.5 superficial validado / claim epidemiológico directo BLOCKED_HEALTH_EXPOSURE_CLAIM implemented GDAL-only backend, ecCodes forbidden for GFAS decode path
docs\canon\SCIENTIFIC_THRESHOLD_DECLARATION_REGISTER.tsv	3	gfas	GFAS_PORTUGAL_NEGATIVE_LON_GDAL_WINDOW spatial_crop GDAL geotransform covering -180..180 GDAL geotransform from GFAS -projwin -10.0 43.0 -6.0 36.5 methodological_gate Portugal crop usable for GFAS GDAL grid 0-360 longitude convention as main route for this GDAL grid BLOCKED_PORTUGAL_CROP_CONVENTION implemented 350..354 route rejected for primary crop
docs\canon\SCIENTIFIC_THRESHOLD_DECLARATION_REGISTER.tsv	4	gfas	GDAL_GFAS_PACKING_WARNING_CLASSIFICATION runtime_warning_gate GDAL stderr/stdout warning inventory warning_inventory.tsv generated during runtime no unexplained warning allowed methodological_gate warning classified only if values are directly verified and reproducible silent warning suppression or GO with unexplained warning BLOCKED_UNEXPLAINED_WARNING implemented packing warning is allowed only when evidence rows are reproducible
docs\canon\SCIENTIFIC_THRESHOLD_DECLARATION_REGISTER_MODULE_C.md	13	smoke	If threshold definitions or required variables are missing in critical IECH/smoke/population/recurrence components, the scientific decision must be:
docs\canon\SCIENTIFIC_THRESHOLD_DECLARATION_REGISTER_MODULE_C.md	30	smoke	1. Smoke spatial differentiation:
docs\canon\SCIENTIFIC_THRESHOLD_DECLARATION_REGISTER_MODULE_C.md	31	smoke	- if `count_unique(smoke_days across units by year) <= 1` then `BLOCKED_SPATIAL_SMOKE_CLAIM`
docs\canon\SCIENTIFIC_THRESHOLD_DECLARATION_REGISTER_MODULE_C.md	34	smoke	- proxy-only smoke sources -> `BLOCKED_FOR_HEALTH_EXPOSURE_CLAIM`
pipeline\RUN_QGIS\qgis_build_products.py	69	smoke	"if any(tok in cl for tok in [""iech"",""value"",""val"",""score"",""index"",""idx"",""days"",""pop"",""rec"",""mean"",""smoke""]):"
pipeline\RUN_QGIS\qgis_build_products.py	191	inputs_resolved	"inputs_json = os.path.join(qa_dir, ""inputs_resolved.json"")"
pipeline\RUN_QGIS\qgis_build_products.py	193	inputs_resolved	"raise RuntimeError(f""Falta inputs_resolved.json: {inputs_json}"")"
pipeline\RUN_QGIS\qgis_build_products.py	203	smoke	"smoke_long  = os.path.join(tables_dir, ""smoke_days_unit_2015_2024.csv"")"
pipeline\RUN_QGIS\qgis_build_products.py	205	smoke	missing = [p for p in [iech_long, scen_long, pop_any, rec_file, smoke_long] if not os.path.isfile(p)]
pipeline\RUN_QGIS\qgis_build_products.py	212	smoke	"smoke_wide  = os.path.join(wide_dir, ""SMOKE_wide.csv"")"
pipeline\RUN_QGIS\qgis_build_products.py	227	smoke	# SMOKE long -> pivot year
pipeline\RUN_QGIS\qgis_build_products.py	228	smoke	"meta[""SMOKE""] = pivot_long_to_wide("
pipeline\RUN_QGIS\qgis_build_products.py	229	smoke	smoke_long, smoke_wide,
pipeline\RUN_QGIS\qgis_build_products.py	232	smoke	"val_pref=[""smoke_days"",""days"",""smoke"",""value"",""idx""],"
pipeline\RUN_QGIS\qgis_build_products.py	233	smoke	"out_prefix=""SMOKE_"""
pipeline\RUN_QGIS\qgis_build_products.py	327	smoke	"t_smoke = load_table_layer(smoke_wide, ""SMOKE_wide"")"
pipeline\RUN_QGIS\qgis_build_products.py	348	smoke	for tab in [t_iech, t_rec, t_smoke, t_pop, t_scen]:
pipeline\RUN_QGIS\qgis_step2_rebuild_nuts3_pt.py	65	inputs_resolved	"inputs_json = os.path.join(qa_dir, ""inputs_resolved.json"")"
pipeline\RUN_QGIS\qgis_step2_rebuild_nuts3_pt.py	67	inputs_resolved	"raise RuntimeError(f""Falta inputs_resolved.json: {inputs_json}"")"
pipeline\RUN_QGIS\qgis_step2_rebuild_nuts3_pt.py	76	smoke	"smoke_wide = os.path.join(wide_dir, ""SMOKE_wide.csv"")"
pipeline\RUN_QGIS\qgis_step2_rebuild_nuts3_pt.py	80	smoke	missing = [p for p in [iech_wide, rec_wide, smoke_wide, pop_wide, scen_wide] if not os.path.isfile(p)]
pipeline\RUN_QGIS\qgis_step2_rebuild_nuts3_pt.py	132	smoke	"t_smoke = load_table_layer(smoke_wide, ""SMOKE_wide"")"
pipeline\RUN_QGIS\qgis_step2_rebuild_nuts3_pt.py	154	smoke	for tab in [t_iech, t_rec, t_smoke, t_pop, t_scen]:
pipeline\RUN_QGIS\qgis_step5_municipios_caop.py	222	inputs_resolved	"inputs_path = os.path.join(qa_dir, ""inputs_resolved.json"")"
pipeline\RUN_QGIS\qgis_step5_municipios_caop.py	224	inputs_resolved	"raise RuntimeError(f""Falta inputs_resolved.json: {inputs_path}"")"
pipeline\RUN_QGIS\qgis_step5_municipios_caop.py	264	inputs_resolved	"""inputs_resolved"": inputs_path,"
pipeline\RUN_QGIS\qgis_step5_municipios_caop.py	293	inputs_resolved	"raise RuntimeError(""No pude cargar CAOP municipios desde zip (inputs_resolved)."")"
pipeline\RUN_QGIS\STEP7_MATRIZ_CAUSAL\patch_inputs_resolved_step7.py	15	inputs_resolved	"inputs_p  = qa_dir / ""inputs_resolved.json"""
pipeline\RUN_QGIS\STEP7_MATRIZ_CAUSAL\patch_inputs_resolved_step7.py	26	smoke	"""smoke_days_unit_2015_2024.csv"","
pipeline\RUN_QGIS\STEP7_MATRIZ_CAUSAL\patch_inputs_resolved_step7.py	36	inputs_resolved	"bak = inputs_p.with_name(f""inputs_resolved.json.bak_step7_{iso_now()}"")"
pipeline\RUN_QGIS\STEP7_MATRIZ_CAUSAL\patch_inputs_resolved_step7.py	51	inputs_resolved	"obj = {""inputs_resolved_original"": obj, ""derived_step7_tables"": payload}"
pipeline\RUN_QGIS\STEP7_MATRIZ_CAUSAL\patch_inputs_resolved_step7.py	55	inputs_resolved	"print("" - inputs_resolved.json ="", inputs_p)"
pipeline\RUN_QGIS\STEP7_MATRIZ_CAUSAL\step7_matriz_causal.py	215	inputs_resolved	def load_inputs_resolved(output_root: Path) -> Dict[str, object]:
pipeline\RUN_QGIS\STEP7_MATRIZ_CAUSAL\step7_matriz_causal.py	216	inputs_resolved	"inputs_path = output_root / ""qa"" / ""inputs_resolved.json"""
pipeline\RUN_QGIS\STEP7_MATRIZ_CAUSAL\step7_matriz_causal.py	218	inputs_resolved	"raise FileNotFoundError(f""Missing inputs_resolved.json: {inputs_path}"")"
pipeline\RUN_QGIS\STEP7_MATRIZ_CAUSAL\step7_matriz_causal.py	225	inputs_resolved	"raise ValueError(""Invalid inputs_resolved.json: missing 'paths' dictionary."")"
pipeline\RUN_QGIS\STEP7_MATRIZ_CAUSAL\step7_matriz_causal.py	344	smoke	def smoke_year_series_from_unit_csv(smoke_unit_csv: Path) -> Dict[int, float]:
pipeline\RUN_QGIS\STEP7_MATRIZ_CAUSAL\step7_matriz_causal.py	345	smoke	_hdr, rows, _delim = read_csv_rows(smoke_unit_csv)
pipeline\RUN_QGIS\STEP7_MATRIZ_CAUSAL\step7_matriz_causal.py	349	smoke	"sd = safe_float(r.get(""smoke_days""))"
pipeline\RUN_QGIS\STEP7_MATRIZ_CAUSAL\step7_matriz_causal.py	357	smoke	"raise RuntimeError(f""smoke_days_unit missing year {y}"")"
pipeline\RUN_QGIS\STEP7_MATRIZ_CAUSAL\step7_matriz_causal.py	362	smoke	def write_smoke_table(unit_ids: List[str], smoke_by_year: Dict[int, float], out_csv: Path) -> None:
pipeline\RUN_QGIS\STEP7_MATRIZ_CAUSAL\step7_matriz_causal.py	366	smoke	"rows.append([uid, y, smoke_by_year[y], """", """", ""derived_from_unit_smoke_year_mean"", 0])"
pipeline\RUN_QGIS\STEP7_MATRIZ_CAUSAL\step7_matriz_causal.py	369	smoke	"[""unit_id"", ""year"", ""smoke_days"", ""smoke_score_mean"", ""smoke_score_p80"", ""smoke_method"", ""smoke_missing_flag""],"
pipeline\RUN_QGIS\STEP7_MATRIZ_CAUSAL\step7_matriz_causal.py	384	inputs_resolved	"raise RuntimeError(""paths.ghsl_pop missing in inputs_resolved."")"
pipeline\RUN_QGIS\STEP7_MATRIZ_CAUSAL\step7_matriz_causal.py	709	smoke	def compute_iech(pop_csv: Path, smoke_csv: Path, out_hist_csv: Path, out_mean_csv: Path) -> None:
pipeline\RUN_QGIS\STEP7_MATRIZ_CAUSAL\step7_matriz_causal.py	711	smoke	smoke_rows = read_csv_rows(smoke_csv)[1]
pipeline\RUN_QGIS\STEP7_MATRIZ_CAUSAL\step7_matriz_causal.py	725	smoke	smoke_by_u_y: Dict[str, Dict[int, float]] = defaultdict(dict)
pipeline\RUN_QGIS\STEP7_MATRIZ_CAUSAL\step7_matriz_causal.py	726	smoke	for r in smoke_rows:
pipeline\RUN_QGIS\STEP7_MATRIZ_CAUSAL\step7_matriz_causal.py	729	smoke	"sd = safe_float(r.get(""smoke_days""))"
pipeline\RUN_QGIS\STEP7_MATRIZ_CAUSAL\step7_matriz_causal.py	731	smoke	smoke_by_u_y[uid][int(y)] = sd
pipeline\RUN_QGIS\STEP7_MATRIZ_CAUSAL\step7_matriz_causal.py	737	smoke	sd = smoke_by_u_y.get(uid, {}).get(y, None)
pipeline\RUN_QGIS\STEP7_MATRIZ_CAUSAL\step7_matriz_causal.py	739	smoke	"raise RuntimeError(f""Missing smoke_days for unit {uid} year {y}"")"
pipeline\RUN_QGIS\STEP7_MATRIZ_CAUSAL\step7_matriz_causal.py	744	smoke	"rows_hist.append([uid, y, sd, h, p, expo, iech, ""IECH=smoke_days*24;pop=interp(2015,2020,2025)""])"
pipeline\RUN_QGIS\STEP7_MATRIZ_CAUSAL\step7_matriz_causal.py	746	smoke	"write_csv(out_hist_csv, [""unit_id"", ""year"", ""smoke_days"", ""smoke_hours_equiv"", ""pop"", ""expo_person_hours"", ""IECH"", ""method_flags""], rows_hist, delim="";"")"
pipeline\RUN_QGIS\STEP7_MATRIZ_CAUSAL\step7_matriz_causal.py	761	smoke	def compute_scenarios(smoke_csv: Path, pop_csv: Path, out_scen_csv: Path, out_mean_csv: Path) -> None:
pipeline\RUN_QGIS\STEP7_MATRIZ_CAUSAL\step7_matriz_causal.py	762	smoke	smoke_rows = read_csv_rows(smoke_csv)[1]
pipeline\RUN_QGIS\STEP7_MATRIZ_CAUSAL\step7_matriz_causal.py	765	smoke	smoke_by_u: Dict[str, List[float]] = defaultdict(list)
pipeline\RUN_QGIS\STEP7_MATRIZ_CAUSAL\step7_matriz_causal.py	766	smoke	for r in smoke_rows:
pipeline\RUN_QGIS\STEP7_MATRIZ_CAUSAL\step7_matriz_causal.py	768	smoke	"sd = safe_float(r.get(""smoke_days""))"
pipeline\RUN_QGIS\STEP7_MATRIZ_CAUSAL\step7_matriz_causal.py	770	smoke	smoke_by_u[uid].append(sd)
pipeline\RUN_QGIS\STEP7_MATRIZ_CAUSAL\step7_matriz_causal.py	771	smoke	if not smoke_by_u:
pipeline\RUN_QGIS\STEP7_MATRIZ_CAUSAL\step7_matriz_causal.py	772	smoke	"raise RuntimeError(""No smoke values found for scenarios."")"
pipeline\RUN_QGIS\STEP7_MATRIZ_CAUSAL\step7_matriz_causal.py	774	smoke	baseline = {u: (sum(vs) / len(vs)) for u, vs in smoke_by_u.items() if vs}
pipeline\RUN_QGIS\STEP7_MATRIZ_CAUSAL\step7_matriz_causal.py	808	smoke	"write_csv(out_scen_csv, [""unit_id"", ""year"", ""scenario"", ""smoke_days"", ""smoke_hours_equiv"", ""pop"", ""expo_person_hours"", ""IECH"", ""delta_vs_S0"", ""method_flags""], rows, delim="";"")"
pipeline\RUN_QGIS\STEP7_MATRIZ_CAUSAL\step7_matriz_causal.py	1245	smoke	def _mean_by_unit(smoke_csv: Path) -> Dict[str, float]:
pipeline\RUN_QGIS\STEP7_MATRIZ_CAUSAL\step7_matriz_causal.py	1246	smoke	rows = read_csv_rows(smoke_csv)[1]
pipeline\RUN_QGIS\STEP7_MATRIZ_CAUSAL\step7_matriz_causal.py	1250	smoke	"sd = safe_float(r.get(""smoke_days""))"
pipeline\RUN_QGIS\STEP7_MATRIZ_CAUSAL\step7_matriz_causal.py	1256	smoke	def _smoke_spatial_homogeneous(smoke_csv: Path) -> bool:
pipeline\RUN_QGIS\STEP7_MATRIZ_CAUSAL\step7_matriz_causal.py	1257	smoke	if not smoke_csv.exists():
pipeline\RUN_QGIS\STEP7_MATRIZ_CAUSAL\step7_matriz_causal.py	1259	smoke	rows = read_csv_rows(smoke_csv)[1]
pipeline\RUN_QGIS\STEP7_MATRIZ_CAUSAL\step7_matriz_causal.py	1263	smoke	"v = safe_float(r.get(""smoke_days""))"
pipeline\RUN_QGIS\STEP7_MATRIZ_CAUSAL\step7_matriz_causal.py	1280	smoke	"hours = safe_float(r.get(""smoke_hours_equiv""))"
pipeline\RUN_QGIS\STEP7_MATRIZ_CAUSAL\step7_matriz_causal.py	1310	smoke	smoke_csv: Path,
pipeline\RUN_QGIS\STEP7_MATRIZ_CAUSAL\step7_matriz_causal.py	1318	smoke,smoke_route	smoke_route_blocked: bool = False,
pipeline\RUN_QGIS\STEP7_MATRIZ_CAUSAL\step7_matriz_causal.py	1319	smoke,smoke_route	"smoke_route_context: str = """","
pipeline\RUN_QGIS\STEP7_MATRIZ_CAUSAL\step7_matriz_causal.py	1321	smoke	smoke_mean = _mean_by_unit(smoke_csv)
pipeline\RUN_QGIS\STEP7_MATRIZ_CAUSAL\step7_matriz_causal.py	1345	smoke	smoke_mean_u = smoke_mean.get(uid)
pipeline\RUN_QGIS\STEP7_MATRIZ_CAUSAL\step7_matriz_causal.py	1373	smoke,smoke_route	if smoke_route_blocked:
pipeline\RUN_QGIS\STEP7_MATRIZ_CAUSAL\step7_matriz_causal.py	1374	smoke,smoke_route	"missing_components.append(""SMOKE_ROUTE_BLOCKED"")"
pipeline\RUN_QGIS\STEP7_MATRIZ_CAUSAL\step7_matriz_causal.py	1396	smoke	"""smoke_days_mean_2015_2024"": smoke_mean_u,"
pipeline\RUN_QGIS\STEP7_MATRIZ_CAUSAL\step7_matriz_causal.py	1419	smoke,smoke_route	"""smoke_route_context"": smoke_route_context,"
pipeline\RUN_QGIS\STEP7_MATRIZ_CAUSAL\step7_matriz_causal.py	1428	smoke	"""smoke_days_mean_2015_2024"","
pipeline\RUN_QGIS\STEP7_MATRIZ_CAUSAL\step7_matriz_causal.py	1451	smoke,smoke_route	"""smoke_route_context"","
pipeline\RUN_QGIS\STEP7_MATRIZ_CAUSAL\step7_matriz_causal.py	1614	smoke,smoke_route	def write_smoke_route_audit(output_root: Path, inputs: Dict[str, object], smoke_unit_csv: Path, smoke_muni_csv: Path) -> None:
pipeline\RUN_QGIS\STEP7_MATRIZ_CAUSAL\step7_matriz_causal.py	1617	smoke,smoke_route	"out_tsv = qa_dir / ""smoke_route_audit.tsv"""
pipeline\RUN_QGIS\STEP7_MATRIZ_CAUSAL\step7_matriz_causal.py	1619	smoke	unit_rows = read_csv_rows(smoke_unit_csv)[1] if smoke_unit_csv.exists() else []
pipeline\RUN_QGIS\STEP7_MATRIZ_CAUSAL\step7_matriz_causal.py	1624	smoke	"sd = safe_float(r.get(""smoke_days""))"
pipeline\RUN_QGIS\STEP7_MATRIZ_CAUSAL\step7_matriz_causal.py	1630	smoke	"method_by_year[yy] = (r.get(""smoke_method"") or """").strip()"
pipeline\RUN_QGIS\STEP7_MATRIZ_CAUSAL\step7_matriz_causal.py	1645	smoke,smoke_route	"str(meta.get(""smoke_route_selected"", """")),"
pipeline\RUN_QGIS\STEP7_MATRIZ_CAUSAL\step7_matriz_causal.py	1646	smoke,smoke_route	"str(meta.get(""smoke_route_status"", """")),"
pipeline\RUN_QGIS\STEP7_MATRIZ_CAUSAL\step7_matriz_causal.py	1647	smoke,smoke_route	"str(meta.get(""smoke_route_decision"", """")),"
pipeline\RUN_QGIS\STEP7_MATRIZ_CAUSAL\step7_matriz_causal.py	1663	smoke,smoke_route	"""smoke_route_status"","
pipeline\RUN_QGIS\STEP7_MATRIZ_CAUSAL\step7_matriz_causal.py	1664	smoke,smoke_route	"""smoke_route_decision"","
pipeline\RUN_QGIS\STEP7_MATRIZ_CAUSAL\step7_matriz_causal.py	1882	smoke	"""- S1: mitigation scenario with 20% reduction in smoke intensity proxy relative to S0.\n"""
pipeline\RUN_QGIS\STEP7_MATRIZ_CAUSAL\step7_matriz_causal.py	1898	smoke	"smoke_unit = tables / ""smoke_days_unit_2015_2024.csv"""
pipeline\RUN_QGIS\STEP7_MATRIZ_CAUSAL\step7_matriz_causal.py	1979	smoke	"lines.append(""- IECH = `smoke_days * 24` con ponderación poblacional por interpolación GHSL en cada unidad."")"
pipeline\RUN_QGIS\STEP7_MATRIZ_CAUSAL\step7_matriz_causal.py	1994	humo	"lines.append(""## Resultados humo"")"
pipeline\RUN_QGIS\STEP7_MATRIZ_CAUSAL\step7_matriz_causal.py	1995	smoke	"lines.append(f""- Filas smoke NUTS3: {_table_rowcount(smoke_unit)}."")"
pipeline\RUN_QGIS\STEP7_MATRIZ_CAUSAL\step7_matriz_causal.py	1996	humo	"lines.append(""- Serie anual reconstruida/derivada según ruta de humo seleccionada."")"
pipeline\RUN_QGIS\STEP7_MATRIZ_CAUSAL\step7_matriz_causal.py	1997	smoke,smoke_route	"route_selected = str(meta.get(""smoke_route_selected"", """")) if isinstance(meta, dict) else """""
pipeline\RUN_QGIS\STEP7_MATRIZ_CAUSAL\step7_matriz_causal.py	1998	smoke,smoke_route	"route_decision = str(meta.get(""smoke_route_decision"", """")) if isinstance(meta, dict) else """""
pipeline\RUN_QGIS\STEP7_MATRIZ_CAUSAL\step7_matriz_causal.py	1999	smoke,smoke_route	"route_status = str(meta.get(""smoke_route_status"", """")) if isinstance(meta, dict) else """""
pipeline\RUN_QGIS\STEP7_MATRIZ_CAUSAL\step7_matriz_causal.py	2000	smoke,smoke_route	"route_reason = str(meta.get(""smoke_route_reason"", """")) if isinstance(meta, dict) else """""
pipeline\RUN_QGIS\STEP7_MATRIZ_CAUSAL\step7_matriz_causal.py	2056	inputs_resolved	"lines.append(f""- `{output_root / 'qa' / 'inputs_resolved.json'}`"")"
pipeline\RUN_QGIS\STEP7_MATRIZ_CAUSAL\step7_matriz_causal.py	2102	inputs_resolved	inputs = load_inputs_resolved(output_root)
pipeline\RUN_QGIS\STEP7_MATRIZ_CAUSAL\step7_matriz_causal.py	2129	smoke	# Smoke municipal from unit smoke annual means
pipeline\RUN_QGIS\STEP7_MATRIZ_CAUSAL\step7_matriz_causal.py	2130	smoke	"smoke_unit_csv = tables_dir / ""smoke_days_unit_2015_2024.csv"""
pipeline\RUN_QGIS\STEP7_MATRIZ_CAUSAL\step7_matriz_causal.py	2131	smoke	"smoke_muni_csv = tables_dir / ""smoke_days_municipio_2015_2024.csv"""
pipeline\RUN_QGIS\STEP7_MATRIZ_CAUSAL\step7_matriz_causal.py	2132	smoke	if not smoke_unit_csv.exists():
pipeline\RUN_QGIS\STEP7_MATRIZ_CAUSAL\step7_matriz_causal.py	2133	smoke	"raise FileNotFoundError(f""Missing unit smoke table from runtime: {smoke_unit_csv}"")"
pipeline\RUN_QGIS\STEP7_MATRIZ_CAUSAL\step7_matriz_causal.py	2134	smoke	smoke_years = smoke_year_series_from_unit_csv(smoke_unit_csv)
pipeline\RUN_QGIS\STEP7_MATRIZ_CAUSAL\step7_matriz_causal.py	2136	smoke	write_smoke_table(muni_ids, smoke_years, smoke_muni_csv)
pipeline\RUN_QGIS\STEP7_MATRIZ_CAUSAL\step7_matriz_causal.py	2137	smoke	"log_line(run_log, ""Municipal smoke table generated"")"
pipeline\RUN_QGIS\STEP7_MATRIZ_CAUSAL\step7_matriz_causal.py	2155	smoke	compute_iech(pop_muni_csv, smoke_muni_csv, iech_muni_csv, iech_muni_mean_csv)
pipeline\RUN_QGIS\STEP7_MATRIZ_CAUSAL\step7_matriz_causal.py	2159	smoke	compute_scenarios(smoke_muni_csv, pop_muni_csv, scen_muni_csv, scen_muni_mean_csv)
pipeline\RUN_QGIS\STEP7_MATRIZ_CAUSAL\step7_matriz_causal.py	2184	smoke	"smoke_unit_csv = tables_dir / ""smoke_days_unit_2015_2024.csv"""
pipeline\RUN_QGIS\STEP7_MATRIZ_CAUSAL\step7_matriz_causal.py	2188	smoke,smoke_route	"route_selected = str(meta.get(""smoke_route_selected"") or meta.get(""smoke_route_mode"") or """").strip()"
pipeline\RUN_QGIS\STEP7_MATRIZ_CAUSAL\step7_matriz_causal.py	2189	smoke,smoke_route	"route_decision = str(meta.get(""smoke_route_decision"") or """").strip()"
pipeline\RUN_QGIS\STEP7_MATRIZ_CAUSAL\step7_matriz_causal.py	2190	smoke,parquet,smoke_route	"smoke_route_blocked = route_selected in (""BLOCKED_DECODER_REQUIRED"", ""v0_parquet_proxy_degraded"", ""NO-GO_SMOKE_ROUTE"")"
pipeline\RUN_QGIS\STEP7_MATRIZ_CAUSAL\step7_matriz_causal.py	2191	smoke	smoke_homogeneous_blocked = _smoke_spatial_homogeneous(smoke_unit_csv)
pipeline\RUN_QGIS\STEP7_MATRIZ_CAUSAL\step7_matriz_causal.py	2193	smoke	if smoke_homogeneous_blocked or iech_cancellation_blocked:
pipeline\RUN_QGIS\STEP7_MATRIZ_CAUSAL\step7_matriz_causal.py	2194	smoke,smoke_route	smoke_route_blocked = True
pipeline\RUN_QGIS\STEP7_MATRIZ_CAUSAL\step7_matriz_causal.py	2195	smoke,smoke_route	smoke_route_context_parts = []
pipeline\RUN_QGIS\STEP7_MATRIZ_CAUSAL\step7_matriz_causal.py	2197	smoke,smoke_route	"smoke_route_context_parts.append(f""{route_selected}|{route_decision}"")"
pipeline\RUN_QGIS\STEP7_MATRIZ_CAUSAL\step7_matriz_causal.py	2198	smoke	if smoke_homogeneous_blocked:
pipeline\RUN_QGIS\STEP7_MATRIZ_CAUSAL\step7_matriz_causal.py	2199	smoke,smoke_route	"smoke_route_context_parts.append(""BLOCKED_SPATIAL_SMOKE_CLAIM"")"
pipeline\RUN_QGIS\STEP7_MATRIZ_CAUSAL\step7_matriz_causal.py	2201	smoke,smoke_route	"smoke_route_context_parts.append(""BLOCKED_POPULATION_EXPOSURE_CLAIM"")"
pipeline\RUN_QGIS\STEP7_MATRIZ_CAUSAL\step7_matriz_causal.py	2202	smoke,smoke_route	"smoke_route_context = "";"".join(smoke_route_context_parts)"
pipeline\RUN_QGIS\STEP7_MATRIZ_CAUSAL\step7_matriz_causal.py	2208	smoke	smoke_csv=smoke_unit_csv,
pipeline\RUN_QGIS\STEP7_MATRIZ_CAUSAL\step7_matriz_causal.py	2216	smoke,smoke_route	smoke_route_blocked=smoke_route_blocked,
pipeline\RUN_QGIS\STEP7_MATRIZ_CAUSAL\step7_matriz_causal.py	2217	smoke,smoke_route	smoke_route_context=smoke_route_context,
pipeline\RUN_QGIS\STEP7_MATRIZ_CAUSAL\step7_matriz_causal.py	2224	smoke	smoke_csv=smoke_muni_csv,
pipeline\RUN_QGIS\STEP7_MATRIZ_CAUSAL\step7_matriz_causal.py	2232	smoke,smoke_route	smoke_route_blocked=smoke_route_blocked,
pipeline\RUN_QGIS\STEP7_MATRIZ_CAUSAL\step7_matriz_causal.py	2233	smoke,smoke_route	smoke_route_context=smoke_route_context,
pipeline\RUN_QGIS\STEP7_MATRIZ_CAUSAL\step7_matriz_causal.py	2241	smoke	smoke_unit_csv,
pipeline\RUN_QGIS\STEP7_MATRIZ_CAUSAL\step7_matriz_causal.py	2255	smoke,smoke_route	write_smoke_route_audit(output_root, inputs, smoke_unit_csv, smoke_muni_csv)
pipeline\RUN_QGIS\STEP9_FINAL_MASTER_PACK\r6k_refresh_runtime_closure_decision.ps1	109	gfas,pm2.5,era5	interpretation: El Módulo C cierra como sistema territorial autónomo con proxy GFAS/ERA5 localmente anclado por concordancia direccional limitada con PM2.5 local disponible en la base, n bajo. No cierra como exposición sanitaria validada, superación regulatoria, correlación estadística robusta ni causalidad epidemiológica.
pipeline\RUN_QGIS\STEP9_FINAL_MASTER_PACK\r6k_refresh_runtime_closure_decision.ps1	121	humo	mandatory_closure_phrase: Declaro el estado final únicamente por lectura directa de artefactos. No infiero cierre por exit code, existencia de carpeta, existencia de ZIP ni presencia de manifests. El cierre del Módulo C solo es válido si IECH, recurrencia, humo, población, WUI/territorio, WRB interpretativo, escenarios, matriz causal, brief y manifest final existen y son coherentes con el canon del Módulo C.
pipeline\RUN_QGIS\STEP9_FINAL_MASTER_PACK\run_step9_final_master_pack.ps1	115	inputs_resolved	"""qa\inputs_resolved.json"","
pipeline\RUN_QGIS\STEP9_FINAL_MASTER_PACK\run_step9_final_master_pack.ps1	131	smoke,smoke_route	"""qa\smoke_route_audit.tsv"","
pipeline\RUN_QGIS\STEP9_FINAL_MASTER_PACK\run_step9_final_master_pack.ps1	132	smoke,smoke_route	"""qa\smoke_route_source_trace_audit.tsv"","
pipeline\RUN_QGIS\STEP9_FINAL_MASTER_PACK\run_step9_final_master_pack.ps1	133	smoke,smoke_route	"""qa\smoke_route_hypothesis_test.md"","
pipeline\RUN_QGIS\STEP9_FINAL_MASTER_PACK\run_step9_final_master_pack.ps1	134	gfas,era5	"""qa\gfas_era5_presence_audit.tsv"","
pipeline\RUN_QGIS\STEP9_FINAL_MASTER_PACK\run_step9_final_master_pack.ps1	135	gfas,era5	"""qa\gfas_era5_decoder_audit.tsv"","
pipeline\RUN_QGIS\STEP9_FINAL_MASTER_PACK\run_step9_final_master_pack.ps1	136	gfas,era5	"""qa\gfas_era5_decoder_checkpoints.tsv"","
pipeline\RUN_QGIS\STEP9_FINAL_MASTER_PACK\run_step9_final_master_pack.ps1	137	gfas,pm2p5	"""qa\gfas_pm2p5fire_message_inventory.tsv"","
pipeline\RUN_QGIS\STEP9_FINAL_MASTER_PACK\run_step9_final_master_pack.ps1	138	gfas,pm2p5	"""qa\gfas_pm2p5fire_portugal_xyz.csv"","
pipeline\RUN_QGIS\STEP9_FINAL_MASTER_PACK\run_step9_final_master_pack.ps1	139	gfas,pm2p5	"""qa\gfas_pm2p5fire_portugal_daily_summary.csv"","
pipeline\RUN_QGIS\STEP9_FINAL_MASTER_PACK\run_step9_final_master_pack.ps1	140	era5	"""qa\era5_10u10v_inventory.tsv"","
pipeline\RUN_QGIS\STEP9_FINAL_MASTER_PACK\run_step9_final_master_pack.ps1	141	era5	"""qa\era5_wind_portugal_xyz.csv"","
pipeline\RUN_QGIS\STEP9_FINAL_MASTER_PACK\run_step9_final_master_pack.ps1	142	smoke,smoke_route	"""qa\smoke_route_v0_audit.tsv"","
pipeline\RUN_QGIS\STEP9_FINAL_MASTER_PACK\run_step9_final_master_pack.ps1	156	smoke	"""tables\smoke_days_unit_2015_2024.csv"","
pipeline\RUN_QGIS\STEP9_FINAL_MASTER_PACK\run_step9_final_master_pack.ps1	157	smoke	"""tables\smoke_days_nuts3_annual_2015_2024.csv"","
pipeline\RUN_QGIS\STEP9_FINAL_MASTER_PACK\run_step9_final_master_pack.ps1	158	smoke	"""tables\smoke_day_score_nuts3_daily.csv"","
pipeline\RUN_QGIS\STEP9_FINAL_MASTER_PACK\run_step9_final_master_pack.ps1	159	smoke	"""tables\smoke_days_municipio_2015_2024.csv"","
