"file"	"rel_file"	"line"	"block"	"token"	"text"
"D:\GATA_MODULEC_UNIFIED_PROCESS\GATA_ModuleC_pipeline_unified_20260529_110642\01_REPO_COPY\pipeline\moduleC_pipeline_v2.py"	"pipeline\moduleC_pipeline_v2.py"	"237"	"def _r7q_patched_parse_args"	"zipfile"	"import zipfile"
"D:\GATA_MODULEC_UNIFIED_PROCESS\GATA_ModuleC_pipeline_unified_20260529_110642\01_REPO_COPY\pipeline\moduleC_pipeline_v2.py"	"pipeline\moduleC_pipeline_v2.py"	"237"	"def _r7q_patched_parse_args"	"ZipFile"	"import zipfile"
"D:\GATA_MODULEC_UNIFIED_PROCESS\GATA_ModuleC_pipeline_unified_20260529_110642\01_REPO_COPY\pipeline\moduleC_pipeline_v2.py"	"pipeline\moduleC_pipeline_v2.py"	"312"	"def resolve_raster_source"	"zipfile"	"with zipfile.ZipFile(src, ""r"") as zf:"
"D:\GATA_MODULEC_UNIFIED_PROCESS\GATA_ModuleC_pipeline_unified_20260529_110642\01_REPO_COPY\pipeline\moduleC_pipeline_v2.py"	"pipeline\moduleC_pipeline_v2.py"	"312"	"def resolve_raster_source"	"ZipFile"	"with zipfile.ZipFile(src, ""r"") as zf:"
"D:\GATA_MODULEC_UNIFIED_PROCESS\GATA_ModuleC_pipeline_unified_20260529_110642\01_REPO_COPY\pipeline\moduleC_pipeline_v2.py"	"pipeline\moduleC_pipeline_v2.py"	"490"	"def _bootstrap_qgis_env"	"gdal"	"os.environ.setdefault(""GDAL_DATA"", r""C:\OSGeo4W64\apps\gdal\share\gdal"")"
"D:\GATA_MODULEC_UNIFIED_PROCESS\GATA_ModuleC_pipeline_unified_20260529_110642\01_REPO_COPY\pipeline\moduleC_pipeline_v2.py"	"pipeline\moduleC_pipeline_v2.py"	"637"	"def write_layer_to_gpkg"	"gdal"	"msg = msg or ""Unknown GDAL/OGR error (possible lock or permissions)."""
"D:\GATA_MODULEC_UNIFIED_PROCESS\GATA_ModuleC_pipeline_unified_20260529_110642\01_REPO_COPY\pipeline\moduleC_pipeline_v2.py"	"pipeline\moduleC_pipeline_v2.py"	"664"	"def _bisect_admin_prepare"	"2024"	"write_layer_to_gpkg(layer, gpkg_path, ""admin_nuts3_2024"", report)"
"D:\GATA_MODULEC_UNIFIED_PROCESS\GATA_ModuleC_pipeline_unified_20260529_110642\01_REPO_COPY\pipeline\moduleC_pipeline_v2.py"	"pipeline\moduleC_pipeline_v2.py"	"677"	"def _build_inputs_from_master_catalog"	"inputs_resolved"	"report.fail(f""inputs_resolved.json missing and catalog missing: {catalog}"")"
"D:\GATA_MODULEC_UNIFIED_PROCESS\GATA_ModuleC_pipeline_unified_20260529_110642\01_REPO_COPY\pipeline\moduleC_pipeline_v2.py"	"pipeline\moduleC_pipeline_v2.py"	"713"	"def _build_inputs_from_master_catalog"	"inputs_resolved"	"report.log(f""inputs_resolved.json synthesized from catalog: {catalog}"")"
"D:\GATA_MODULEC_UNIFIED_PROCESS\GATA_ModuleC_pipeline_unified_20260529_110642\01_REPO_COPY\pipeline\moduleC_pipeline_v2.py"	"pipeline\moduleC_pipeline_v2.py"	"722"	"def load_inputs"	"inputs_resolved"	"report.log(f""inputs_resolved.json created at: {inputs_path}"")"
"D:\GATA_MODULEC_UNIFIED_PROCESS\GATA_ModuleC_pipeline_unified_20260529_110642\01_REPO_COPY\pipeline\moduleC_pipeline_v2.py"	"pipeline\moduleC_pipeline_v2.py"	"837"	"def admin_prepare"	"2024"	"write_layer_to_gpkg(layer, gpkg_path, ""admin_nuts3_2024"", report)"
"D:\GATA_MODULEC_UNIFIED_PROCESS\GATA_ModuleC_pipeline_unified_20260529_110642\01_REPO_COPY\pipeline\moduleC_pipeline_v2.py"	"pipeline\moduleC_pipeline_v2.py"	"844"	"def _collect_primary_smoke_anchors"	"parquet"	"parquet_zips = [modulec_datos / ""ParquetFiles 2017.zip"", modulec_datos / ""ParquetFiles 2022.zip""]"
"D:\GATA_MODULEC_UNIFIED_PROCESS\GATA_ModuleC_pipeline_unified_20260529_110642\01_REPO_COPY\pipeline\moduleC_pipeline_v2.py"	"pipeline\moduleC_pipeline_v2.py"	"845"	"def _collect_primary_smoke_anchors"	"parquet"	"parquet_zips = [p for p in parquet_zips if p.exists()]"
"D:\GATA_MODULEC_UNIFIED_PROCESS\GATA_ModuleC_pipeline_unified_20260529_110642\01_REPO_COPY\pipeline\moduleC_pipeline_v2.py"	"pipeline\moduleC_pipeline_v2.py"	"846"	"def _collect_primary_smoke_anchors"	"parquet"	"if not parquet_zips:"
"D:\GATA_MODULEC_UNIFIED_PROCESS\GATA_ModuleC_pipeline_unified_20260529_110642\01_REPO_COPY\pipeline\moduleC_pipeline_v2.py"	"pipeline\moduleC_pipeline_v2.py"	"847"	"def _collect_primary_smoke_anchors"	"parquet"	"report.fail(f""Primary smoke source missing. Expected parquet zips in: {modulec_datos}"")"
"D:\GATA_MODULEC_UNIFIED_PROCESS\GATA_ModuleC_pipeline_unified_20260529_110642\01_REPO_COPY\pipeline\moduleC_pipeline_v2.py"	"pipeline\moduleC_pipeline_v2.py"	"851"	"def _collect_primary_smoke_anchors"	"parquet"	"for zpath in parquet_zips:"
"D:\GATA_MODULEC_UNIFIED_PROCESS\GATA_ModuleC_pipeline_unified_20260529_110642\01_REPO_COPY\pipeline\moduleC_pipeline_v2.py"	"pipeline\moduleC_pipeline_v2.py"	"852"	"def _collect_primary_smoke_anchors"	"zipfile"	"with zipfile.ZipFile(zpath, ""r"") as zf:"
"D:\GATA_MODULEC_UNIFIED_PROCESS\GATA_ModuleC_pipeline_unified_20260529_110642\01_REPO_COPY\pipeline\moduleC_pipeline_v2.py"	"pipeline\moduleC_pipeline_v2.py"	"852"	"def _collect_primary_smoke_anchors"	"ZipFile"	"with zipfile.ZipFile(zpath, ""r"") as zf:"
"D:\GATA_MODULEC_UNIFIED_PROCESS\GATA_ModuleC_pipeline_unified_20260529_110642\01_REPO_COPY\pipeline\moduleC_pipeline_v2.py"	"pipeline\moduleC_pipeline_v2.py"	"853"	"def _collect_primary_smoke_anchors"	"parquet"	"entries = [n for n in zf.namelist() if n.lower().endswith("".parquet"")]"
"D:\GATA_MODULEC_UNIFIED_PROCESS\GATA_ModuleC_pipeline_unified_20260529_110642\01_REPO_COPY\pipeline\moduleC_pipeline_v2.py"	"pipeline\moduleC_pipeline_v2.py"	"855"	"def _collect_primary_smoke_anchors"	"parquet"	"report.fail(f""Primary smoke parquet zip has no parquet entries: {zpath}"")"
"D:\GATA_MODULEC_UNIFIED_PROCESS\GATA_ModuleC_pipeline_unified_20260529_110642\01_REPO_COPY\pipeline\moduleC_pipeline_v2.py"	"pipeline\moduleC_pipeline_v2.py"	"862"	"def _collect_primary_smoke_anchors"	"parquet"	"report.fail(f""Cannot open primary smoke parquet: {vpath}"")"
"D:\GATA_MODULEC_UNIFIED_PROCESS\GATA_ModuleC_pipeline_unified_20260529_110642\01_REPO_COPY\pipeline\moduleC_pipeline_v2.py"	"pipeline\moduleC_pipeline_v2.py"	"865"	"def _collect_primary_smoke_anchors"	"parquet"	"report.fail(f""Primary smoke parquet has no layer: {vpath}"")"
"D:\GATA_MODULEC_UNIFIED_PROCESS\GATA_ModuleC_pipeline_unified_20260529_110642\01_REPO_COPY\pipeline\moduleC_pipeline_v2.py"	"pipeline\moduleC_pipeline_v2.py"	"881"	"def _collect_primary_smoke_anchors"	"parquet"	"report.fail(""Primary smoke parquet contains no usable day-level records for 2015-2024."")"
"D:\GATA_MODULEC_UNIFIED_PROCESS\GATA_ModuleC_pipeline_unified_20260529_110642\01_REPO_COPY\pipeline\moduleC_pipeline_v2.py"	"pipeline\moduleC_pipeline_v2.py"	"881"	"def _collect_primary_smoke_anchors"	"2024"	"report.fail(""Primary smoke parquet contains no usable day-level records for 2015-2024."")"
"D:\GATA_MODULEC_UNIFIED_PROCESS\GATA_ModuleC_pipeline_unified_20260529_110642\01_REPO_COPY\pipeline\moduleC_pipeline_v2.py"	"pipeline\moduleC_pipeline_v2.py"	"895"	"def _collect_primary_smoke_anchors"	"parquet"	"report.fail(""Primary smoke parquet has total absence of smoke signal (all days <= 0)."")"
"D:\GATA_MODULEC_UNIFIED_PROCESS\GATA_ModuleC_pipeline_unified_20260529_110642\01_REPO_COPY\pipeline\moduleC_pipeline_v2.py"	"pipeline\moduleC_pipeline_v2.py"	"906"	"def _collect_primary_smoke_anchors"	"parquet"	"report.log(f""Primary smoke anchors built from parquet: {anchor_txt}"")"
"D:\GATA_MODULEC_UNIFIED_PROCESS\GATA_ModuleC_pipeline_unified_20260529_110642\01_REPO_COPY\pipeline\moduleC_pipeline_v2.py"	"pipeline\moduleC_pipeline_v2.py"	"923"	"def _fill_smoke_year_series"	"parquet"	"methods[y] = ""primary_parquet_direct_year"" if y == y0 else ""primary_parquet_flat_single_anchor"""
"D:\GATA_MODULEC_UNIFIED_PROCESS\GATA_ModuleC_pipeline_unified_20260529_110642\01_REPO_COPY\pipeline\moduleC_pipeline_v2.py"	"pipeline\moduleC_pipeline_v2.py"	"929"	"def _fill_smoke_year_series"	"parquet"	"methods[y] = ""primary_parquet_direct_year"""
"D:\GATA_MODULEC_UNIFIED_PROCESS\GATA_ModuleC_pipeline_unified_20260529_110642\01_REPO_COPY\pipeline\moduleC_pipeline_v2.py"	"pipeline\moduleC_pipeline_v2.py"	"934"	"def _fill_smoke_year_series"	"parquet"	"method = ""primary_parquet_extrapolated_from_anchors"""
"D:\GATA_MODULEC_UNIFIED_PROCESS\GATA_ModuleC_pipeline_unified_20260529_110642\01_REPO_COPY\pipeline\moduleC_pipeline_v2.py"	"pipeline\moduleC_pipeline_v2.py"	"937"	"def _fill_smoke_year_series"	"parquet"	"method = ""primary_parquet_extrapolated_from_anchors"""
"D:\GATA_MODULEC_UNIFIED_PROCESS\GATA_ModuleC_pipeline_unified_20260529_110642\01_REPO_COPY\pipeline\moduleC_pipeline_v2.py"	"pipeline\moduleC_pipeline_v2.py"	"945"	"def _fill_smoke_year_series"	"parquet"	"method = ""primary_parquet_interpolated_from_anchors"""
"D:\GATA_MODULEC_UNIFIED_PROCESS\GATA_ModuleC_pipeline_unified_20260529_110642\01_REPO_COPY\pipeline\moduleC_pipeline_v2.py"	"pipeline\moduleC_pipeline_v2.py"	"1067"	"def _derive_unit_anchor_scores_from_xyz"	"gfas"	"report.log(f""GFAS XYZ unit anchor extraction complete: units_with_anchor={sampled_units}"")"
"D:\GATA_MODULEC_UNIFIED_PROCESS\GATA_ModuleC_pipeline_unified_20260529_110642\01_REPO_COPY\pipeline\moduleC_pipeline_v2.py"	"pipeline\moduleC_pipeline_v2.py"	"1067"	"def _derive_unit_anchor_scores_from_xyz"	"GFAS"	"report.log(f""GFAS XYZ unit anchor extraction complete: units_with_anchor={sampled_units}"")"
"D:\GATA_MODULEC_UNIFIED_PROCESS\GATA_ModuleC_pipeline_unified_20260529_110642\01_REPO_COPY\pipeline\moduleC_pipeline_v2.py"	"pipeline\moduleC_pipeline_v2.py"	"1172"	"def write_spatial_collapse_root_cause_audit"	"gfas"	"gfas_daily_summary_csv: Path,"
"D:\GATA_MODULEC_UNIFIED_PROCESS\GATA_ModuleC_pipeline_unified_20260529_110642\01_REPO_COPY\pipeline\moduleC_pipeline_v2.py"	"pipeline\moduleC_pipeline_v2.py"	"1172"	"def write_spatial_collapse_root_cause_audit"	"GFAS"	"gfas_daily_summary_csv: Path,"
"D:\GATA_MODULEC_UNIFIED_PROCESS\GATA_ModuleC_pipeline_unified_20260529_110642\01_REPO_COPY\pipeline\moduleC_pipeline_v2.py"	"pipeline\moduleC_pipeline_v2.py"	"1187"	"def add_row"	"gfas"	"gfas_global_summary: Optional[bool] = None"
"D:\GATA_MODULEC_UNIFIED_PROCESS\GATA_ModuleC_pipeline_unified_20260529_110642\01_REPO_COPY\pipeline\moduleC_pipeline_v2.py"	"pipeline\moduleC_pipeline_v2.py"	"1187"	"def add_row"	"GFAS"	"gfas_global_summary: Optional[bool] = None"
"D:\GATA_MODULEC_UNIFIED_PROCESS\GATA_ModuleC_pipeline_unified_20260529_110642\01_REPO_COPY\pipeline\moduleC_pipeline_v2.py"	"pipeline\moduleC_pipeline_v2.py"	"1265"	"def add_row"	"gfas"	"if gfas_daily_summary_csv.exists():"
"D:\GATA_MODULEC_UNIFIED_PROCESS\GATA_ModuleC_pipeline_unified_20260529_110642\01_REPO_COPY\pipeline\moduleC_pipeline_v2.py"	"pipeline\moduleC_pipeline_v2.py"	"1265"	"def add_row"	"GFAS"	"if gfas_daily_summary_csv.exists():"
"D:\GATA_MODULEC_UNIFIED_PROCESS\GATA_ModuleC_pipeline_unified_20260529_110642\01_REPO_COPY\pipeline\moduleC_pipeline_v2.py"	"pipeline\moduleC_pipeline_v2.py"	"1266"	"def add_row"	"gfas"	"hdr, gfas_rows, _delim = read_csv_rows(gfas_daily_summary_csv)"
"D:\GATA_MODULEC_UNIFIED_PROCESS\GATA_ModuleC_pipeline_unified_20260529_110642\01_REPO_COPY\pipeline\moduleC_pipeline_v2.py"	"pipeline\moduleC_pipeline_v2.py"	"1266"	"def add_row"	"GFAS"	"hdr, gfas_rows, _delim = read_csv_rows(gfas_daily_summary_csv)"
"D:\GATA_MODULEC_UNIFIED_PROCESS\GATA_ModuleC_pipeline_unified_20260529_110642\01_REPO_COPY\pipeline\moduleC_pipeline_v2.py"	"pipeline\moduleC_pipeline_v2.py"	"1267"	"def add_row"	"gfas"	"add_row(gfas_daily_summary_csv.name, ""rows"", len(gfas_rows), ""row_count"", ""READ"")"
"D:\GATA_MODULEC_UNIFIED_PROCESS\GATA_ModuleC_pipeline_unified_20260529_110642\01_REPO_COPY\pipeline\moduleC_pipeline_v2.py"	"pipeline\moduleC_pipeline_v2.py"	"1267"	"def add_row"	"GFAS"	"add_row(gfas_daily_summary_csv.name, ""rows"", len(gfas_rows), ""row_count"", ""READ"")"
"D:\GATA_MODULEC_UNIFIED_PROCESS\GATA_ModuleC_pipeline_unified_20260529_110642\01_REPO_COPY\pipeline\moduleC_pipeline_v2.py"	"pipeline\moduleC_pipeline_v2.py"	"1271"	"def add_row"	"gfas"	"gfas_global_summary = not has_unit_id"
"D:\GATA_MODULEC_UNIFIED_PROCESS\GATA_ModuleC_pipeline_unified_20260529_110642\01_REPO_COPY\pipeline\moduleC_pipeline_v2.py"	"pipeline\moduleC_pipeline_v2.py"	"1271"	"def add_row"	"GFAS"	"gfas_global_summary = not has_unit_id"
"D:\GATA_MODULEC_UNIFIED_PROCESS\GATA_ModuleC_pipeline_unified_20260529_110642\01_REPO_COPY\pipeline\moduleC_pipeline_v2.py"	"pipeline\moduleC_pipeline_v2.py"	"1273"	"def add_row"	"gfas"	"gfas_daily_summary_csv.name,"
"D:\GATA_MODULEC_UNIFIED_PROCESS\GATA_ModuleC_pipeline_unified_20260529_110642\01_REPO_COPY\pipeline\moduleC_pipeline_v2.py"	"pipeline\moduleC_pipeline_v2.py"	"1273"	"def add_row"	"GFAS"	"gfas_daily_summary_csv.name,"
"D:\GATA_MODULEC_UNIFIED_PROCESS\GATA_ModuleC_pipeline_unified_20260529_110642\01_REPO_COPY\pipeline\moduleC_pipeline_v2.py"	"pipeline\moduleC_pipeline_v2.py"	"1275"	"def add_row"	"gfas"	"1 if gfas_global_summary else 0,"
"D:\GATA_MODULEC_UNIFIED_PROCESS\GATA_ModuleC_pipeline_unified_20260529_110642\01_REPO_COPY\pipeline\moduleC_pipeline_v2.py"	"pipeline\moduleC_pipeline_v2.py"	"1275"	"def add_row"	"GFAS"	"1 if gfas_global_summary else 0,"
"D:\GATA_MODULEC_UNIFIED_PROCESS\GATA_ModuleC_pipeline_unified_20260529_110642\01_REPO_COPY\pipeline\moduleC_pipeline_v2.py"	"pipeline\moduleC_pipeline_v2.py"	"1277"	"def add_row"	"gfas"	"""GLOBAL_ONLY"" if gfas_global_summary else ""UNIT_LEVEL"","
"D:\GATA_MODULEC_UNIFIED_PROCESS\GATA_ModuleC_pipeline_unified_20260529_110642\01_REPO_COPY\pipeline\moduleC_pipeline_v2.py"	"pipeline\moduleC_pipeline_v2.py"	"1277"	"def add_row"	"GFAS"	"""GLOBAL_ONLY"" if gfas_global_summary else ""UNIT_LEVEL"","
"D:\GATA_MODULEC_UNIFIED_PROCESS\GATA_ModuleC_pipeline_unified_20260529_110642\01_REPO_COPY\pipeline\moduleC_pipeline_v2.py"	"pipeline\moduleC_pipeline_v2.py"	"1280"	"def add_row"	"gfas"	"gfas_daily_summary_csv.name,"
"D:\GATA_MODULEC_UNIFIED_PROCESS\GATA_ModuleC_pipeline_unified_20260529_110642\01_REPO_COPY\pipeline\moduleC_pipeline_v2.py"	"pipeline\moduleC_pipeline_v2.py"	"1280"	"def add_row"	"GFAS"	"gfas_daily_summary_csv.name,"
"D:\GATA_MODULEC_UNIFIED_PROCESS\GATA_ModuleC_pipeline_unified_20260529_110642\01_REPO_COPY\pipeline\moduleC_pipeline_v2.py"	"pipeline\moduleC_pipeline_v2.py"	"1287"	"def add_row"	"gfas"	"missing_inputs.append(str(gfas_daily_summary_csv))"
"D:\GATA_MODULEC_UNIFIED_PROCESS\GATA_ModuleC_pipeline_unified_20260529_110642\01_REPO_COPY\pipeline\moduleC_pipeline_v2.py"	"pipeline\moduleC_pipeline_v2.py"	"1287"	"def add_row"	"GFAS"	"missing_inputs.append(str(gfas_daily_summary_csv))"
"D:\GATA_MODULEC_UNIFIED_PROCESS\GATA_ModuleC_pipeline_unified_20260529_110642\01_REPO_COPY\pipeline\moduleC_pipeline_v2.py"	"pipeline\moduleC_pipeline_v2.py"	"1288"	"def add_row"	"gfas"	"add_row(gfas_daily_summary_csv.name, ""exists"", 0, ""missing file"", ""FAIL"")"
"D:\GATA_MODULEC_UNIFIED_PROCESS\GATA_ModuleC_pipeline_unified_20260529_110642\01_REPO_COPY\pipeline\moduleC_pipeline_v2.py"	"pipeline\moduleC_pipeline_v2.py"	"1288"	"def add_row"	"GFAS"	"add_row(gfas_daily_summary_csv.name, ""exists"", 0, ""missing file"", ""FAIL"")"
"D:\GATA_MODULEC_UNIFIED_PROCESS\GATA_ModuleC_pipeline_unified_20260529_110642\01_REPO_COPY\pipeline\moduleC_pipeline_v2.py"	"pipeline\moduleC_pipeline_v2.py"	"1333"	"def add_row"	"gfas"	"elif daily_homogeneous and annual_homogeneous and gfas_global_summary and iech_collapsed:"
"D:\GATA_MODULEC_UNIFIED_PROCESS\GATA_ModuleC_pipeline_unified_20260529_110642\01_REPO_COPY\pipeline\moduleC_pipeline_v2.py"	"pipeline\moduleC_pipeline_v2.py"	"1333"	"def add_row"	"GFAS"	"elif daily_homogeneous and annual_homogeneous and gfas_global_summary and iech_collapsed:"
"D:\GATA_MODULEC_UNIFIED_PROCESS\GATA_ModuleC_pipeline_unified_20260529_110642\01_REPO_COPY\pipeline\moduleC_pipeline_v2.py"	"pipeline\moduleC_pipeline_v2.py"	"1335"	"def add_row"	"gfas"	"elif daily_homogeneous and gfas_global_summary:"
"D:\GATA_MODULEC_UNIFIED_PROCESS\GATA_ModuleC_pipeline_unified_20260529_110642\01_REPO_COPY\pipeline\moduleC_pipeline_v2.py"	"pipeline\moduleC_pipeline_v2.py"	"1335"	"def add_row"	"GFAS"	"elif daily_homogeneous and gfas_global_summary:"
"D:\GATA_MODULEC_UNIFIED_PROCESS\GATA_ModuleC_pipeline_unified_20260529_110642\01_REPO_COPY\pipeline\moduleC_pipeline_v2.py"	"pipeline\moduleC_pipeline_v2.py"	"1336"	"def add_row"	"gdal"	"decision = ""COLLAPSE_ORIGIN_GDAL_PORTUGAL_SUMMARY"""
"D:\GATA_MODULEC_UNIFIED_PROCESS\GATA_ModuleC_pipeline_unified_20260529_110642\01_REPO_COPY\pipeline\moduleC_pipeline_v2.py"	"pipeline\moduleC_pipeline_v2.py"	"1375"	"def write_smoke_route_source_trace_audit"	"inputs_resolved"	"[""TRACE-001"", ""PASS"" if str(sources.get(""smoke_csv_input"", """")) else ""HOLD"", str(sources.get(""smoke_csv_input"", """")), ""inputs_resolved.paths.smoke_csv""],"
"D:\GATA_MODULEC_UNIFIED_PROCESS\GATA_ModuleC_pipeline_unified_20260529_110642\01_REPO_COPY\pipeline\moduleC_pipeline_v2.py"	"pipeline\moduleC_pipeline_v2.py"	"1377"	"def write_smoke_route_source_trace_audit"	"gfas"	"[""TRACE-003"", ""PASS"" if bool(sources.get(""gfas_exists"")) else ""HOLD"", str(bool(sources.get(""gfas_exists""))), ""GFAS directory physical presence""],"
"D:\GATA_MODULEC_UNIFIED_PROCESS\GATA_ModuleC_pipeline_unified_20260529_110642\01_REPO_COPY\pipeline\moduleC_pipeline_v2.py"	"pipeline\moduleC_pipeline_v2.py"	"1377"	"def write_smoke_route_source_trace_audit"	"GFAS"	"[""TRACE-003"", ""PASS"" if bool(sources.get(""gfas_exists"")) else ""HOLD"", str(bool(sources.get(""gfas_exists""))), ""GFAS directory physical presence""],"
"D:\GATA_MODULEC_UNIFIED_PROCESS\GATA_ModuleC_pipeline_unified_20260529_110642\01_REPO_COPY\pipeline\moduleC_pipeline_v2.py"	"pipeline\moduleC_pipeline_v2.py"	"1378"	"def write_smoke_route_source_trace_audit"	"era5"	"[""TRACE-004"", ""PASS"" if bool(sources.get(""era5_exists"")) else ""HOLD"", str(bool(sources.get(""era5_exists""))), ""ERA5 zip physical presence""],"
"D:\GATA_MODULEC_UNIFIED_PROCESS\GATA_ModuleC_pipeline_unified_20260529_110642\01_REPO_COPY\pipeline\moduleC_pipeline_v2.py"	"pipeline\moduleC_pipeline_v2.py"	"1378"	"def write_smoke_route_source_trace_audit"	"ERA5"	"[""TRACE-004"", ""PASS"" if bool(sources.get(""era5_exists"")) else ""HOLD"", str(bool(sources.get(""era5_exists""))), ""ERA5 zip physical presence""],"
"D:\GATA_MODULEC_UNIFIED_PROCESS\GATA_ModuleC_pipeline_unified_20260529_110642\01_REPO_COPY\pipeline\moduleC_pipeline_v2.py"	"pipeline\moduleC_pipeline_v2.py"	"1379"	"def write_smoke_route_source_trace_audit"	"inputs_resolved"	"[""TRACE-005"", ""PASS"" if ""gfas"" in payload else ""HOLD"", str(""gfas"" in payload), ""inputs_resolved contains GFAS trace tokens""],"
"D:\GATA_MODULEC_UNIFIED_PROCESS\GATA_ModuleC_pipeline_unified_20260529_110642\01_REPO_COPY\pipeline\moduleC_pipeline_v2.py"	"pipeline\moduleC_pipeline_v2.py"	"1379"	"def write_smoke_route_source_trace_audit"	"gfas"	"[""TRACE-005"", ""PASS"" if ""gfas"" in payload else ""HOLD"", str(""gfas"" in payload), ""inputs_resolved contains GFAS trace tokens""],"
"D:\GATA_MODULEC_UNIFIED_PROCESS\GATA_ModuleC_pipeline_unified_20260529_110642\01_REPO_COPY\pipeline\moduleC_pipeline_v2.py"	"pipeline\moduleC_pipeline_v2.py"	"1379"	"def write_smoke_route_source_trace_audit"	"GFAS"	"[""TRACE-005"", ""PASS"" if ""gfas"" in payload else ""HOLD"", str(""gfas"" in payload), ""inputs_resolved contains GFAS trace tokens""],"
"D:\GATA_MODULEC_UNIFIED_PROCESS\GATA_ModuleC_pipeline_unified_20260529_110642\01_REPO_COPY\pipeline\moduleC_pipeline_v2.py"	"pipeline\moduleC_pipeline_v2.py"	"1380"	"def write_smoke_route_source_trace_audit"	"inputs_resolved"	"[""TRACE-006"", ""PASS"" if ""era5"" in payload else ""HOLD"", str(""era5"" in payload), ""inputs_resolved contains ERA5 trace tokens""],"
"D:\GATA_MODULEC_UNIFIED_PROCESS\GATA_ModuleC_pipeline_unified_20260529_110642\01_REPO_COPY\pipeline\moduleC_pipeline_v2.py"	"pipeline\moduleC_pipeline_v2.py"	"1380"	"def write_smoke_route_source_trace_audit"	"era5"	"[""TRACE-006"", ""PASS"" if ""era5"" in payload else ""HOLD"", str(""era5"" in payload), ""inputs_resolved contains ERA5 trace tokens""],"
"D:\GATA_MODULEC_UNIFIED_PROCESS\GATA_ModuleC_pipeline_unified_20260529_110642\01_REPO_COPY\pipeline\moduleC_pipeline_v2.py"	"pipeline\moduleC_pipeline_v2.py"	"1380"	"def write_smoke_route_source_trace_audit"	"ERA5"	"[""TRACE-006"", ""PASS"" if ""era5"" in payload else ""HOLD"", str(""era5"" in payload), ""inputs_resolved contains ERA5 trace tokens""],"
"D:\GATA_MODULEC_UNIFIED_PROCESS\GATA_ModuleC_pipeline_unified_20260529_110642\01_REPO_COPY\pipeline\moduleC_pipeline_v2.py"	"pipeline\moduleC_pipeline_v2.py"	"1387"	"def write_gfas_era5_presence_audit"	"gfas"	"def write_gfas_era5_presence_audit(qa_dir: Path, sources: Dict[str, object]) -> None:"
"D:\GATA_MODULEC_UNIFIED_PROCESS\GATA_ModuleC_pipeline_unified_20260529_110642\01_REPO_COPY\pipeline\moduleC_pipeline_v2.py"	"pipeline\moduleC_pipeline_v2.py"	"1387"	"def write_gfas_era5_presence_audit"	"GFAS"	"def write_gfas_era5_presence_audit(qa_dir: Path, sources: Dict[str, object]) -> None:"
"D:\GATA_MODULEC_UNIFIED_PROCESS\GATA_ModuleC_pipeline_unified_20260529_110642\01_REPO_COPY\pipeline\moduleC_pipeline_v2.py"	"pipeline\moduleC_pipeline_v2.py"	"1387"	"def write_gfas_era5_presence_audit"	"era5"	"def write_gfas_era5_presence_audit(qa_dir: Path, sources: Dict[str, object]) -> None:"
"D:\GATA_MODULEC_UNIFIED_PROCESS\GATA_ModuleC_pipeline_unified_20260529_110642\01_REPO_COPY\pipeline\moduleC_pipeline_v2.py"	"pipeline\moduleC_pipeline_v2.py"	"1387"	"def write_gfas_era5_presence_audit"	"ERA5"	"def write_gfas_era5_presence_audit(qa_dir: Path, sources: Dict[str, object]) -> None:"
"D:\GATA_MODULEC_UNIFIED_PROCESS\GATA_ModuleC_pipeline_unified_20260529_110642\01_REPO_COPY\pipeline\moduleC_pipeline_v2.py"	"pipeline\moduleC_pipeline_v2.py"	"1389"	"def write_gfas_era5_presence_audit"	"gfas"	"out_tsv = qa_dir / ""gfas_era5_presence_audit.tsv"""
"D:\GATA_MODULEC_UNIFIED_PROCESS\GATA_ModuleC_pipeline_unified_20260529_110642\01_REPO_COPY\pipeline\moduleC_pipeline_v2.py"	"pipeline\moduleC_pipeline_v2.py"	"1389"	"def write_gfas_era5_presence_audit"	"GFAS"	"out_tsv = qa_dir / ""gfas_era5_presence_audit.tsv"""
"D:\GATA_MODULEC_UNIFIED_PROCESS\GATA_ModuleC_pipeline_unified_20260529_110642\01_REPO_COPY\pipeline\moduleC_pipeline_v2.py"	"pipeline\moduleC_pipeline_v2.py"	"1389"	"def write_gfas_era5_presence_audit"	"era5"	"out_tsv = qa_dir / ""gfas_era5_presence_audit.tsv"""
"D:\GATA_MODULEC_UNIFIED_PROCESS\GATA_ModuleC_pipeline_unified_20260529_110642\01_REPO_COPY\pipeline\moduleC_pipeline_v2.py"	"pipeline\moduleC_pipeline_v2.py"	"1389"	"def write_gfas_era5_presence_audit"	"ERA5"	"out_tsv = qa_dir / ""gfas_era5_presence_audit.tsv"""
"D:\GATA_MODULEC_UNIFIED_PROCESS\GATA_ModuleC_pipeline_unified_20260529_110642\01_REPO_COPY\pipeline\moduleC_pipeline_v2.py"	"pipeline\moduleC_pipeline_v2.py"	"1391"	"def write_gfas_era5_presence_audit"	"gfas"	"[""PRES-001"", ""PASS"" if bool(sources.get(""gfas_exists"")) else ""HOLD"", str(sources.get(""gfas_dir"", """")), ""GFAS directory path""],"
"D:\GATA_MODULEC_UNIFIED_PROCESS\GATA_ModuleC_pipeline_unified_20260529_110642\01_REPO_COPY\pipeline\moduleC_pipeline_v2.py"	"pipeline\moduleC_pipeline_v2.py"	"1391"	"def write_gfas_era5_presence_audit"	"GFAS"	"[""PRES-001"", ""PASS"" if bool(sources.get(""gfas_exists"")) else ""HOLD"", str(sources.get(""gfas_dir"", """")), ""GFAS directory path""],"
"D:\GATA_MODULEC_UNIFIED_PROCESS\GATA_ModuleC_pipeline_unified_20260529_110642\01_REPO_COPY\pipeline\moduleC_pipeline_v2.py"	"pipeline\moduleC_pipeline_v2.py"	"1392"	"def write_gfas_era5_presence_audit"	"gfas"	"[""PRES-002"", ""PASS"" if int(sources.get(""gfas_grib_count"") or 0) > 0 else ""HOLD"", int(sources.get(""gfas_grib_count"") or 0), ""GFAS grib file count""],"
"D:\GATA_MODULEC_UNIFIED_PROCESS\GATA_ModuleC_pipeline_unified_20260529_110642\01_REPO_COPY\pipeline\moduleC_pipeline_v2.py"	"pipeline\moduleC_pipeline_v2.py"	"1392"	"def write_gfas_era5_presence_audit"	"GFAS"	"[""PRES-002"", ""PASS"" if int(sources.get(""gfas_grib_count"") or 0) > 0 else ""HOLD"", int(sources.get(""gfas_grib_count"") or 0), ""GFAS grib file count""],"
"D:\GATA_MODULEC_UNIFIED_PROCESS\GATA_ModuleC_pipeline_unified_20260529_110642\01_REPO_COPY\pipeline\moduleC_pipeline_v2.py"	"pipeline\moduleC_pipeline_v2.py"	"1392"	"def write_gfas_era5_presence_audit"	"grib"	"[""PRES-002"", ""PASS"" if int(sources.get(""gfas_grib_count"") or 0) > 0 else ""HOLD"", int(sources.get(""gfas_grib_count"") or 0), ""GFAS grib file count""],"
"D:\GATA_MODULEC_UNIFIED_PROCESS\GATA_ModuleC_pipeline_unified_20260529_110642\01_REPO_COPY\pipeline\moduleC_pipeline_v2.py"	"pipeline\moduleC_pipeline_v2.py"	"1392"	"def write_gfas_era5_presence_audit"	"GRIB"	"[""PRES-002"", ""PASS"" if int(sources.get(""gfas_grib_count"") or 0) > 0 else ""HOLD"", int(sources.get(""gfas_grib_count"") or 0), ""GFAS grib file count""],"
"D:\GATA_MODULEC_UNIFIED_PROCESS\GATA_ModuleC_pipeline_unified_20260529_110642\01_REPO_COPY\pipeline\moduleC_pipeline_v2.py"	"pipeline\moduleC_pipeline_v2.py"	"1393"	"def write_gfas_era5_presence_audit"	"gfas"	"[""PRES-003"", ""PASS"" if int(sources.get(""gfas_total_bytes"") or 0) > 0 else ""HOLD"", int(sources.get(""gfas_total_bytes"") or 0), ""GFAS total bytes""],"
"D:\GATA_MODULEC_UNIFIED_PROCESS\GATA_ModuleC_pipeline_unified_20260529_110642\01_REPO_COPY\pipeline\moduleC_pipeline_v2.py"	"pipeline\moduleC_pipeline_v2.py"	"1393"	"def write_gfas_era5_presence_audit"	"GFAS"	"[""PRES-003"", ""PASS"" if int(sources.get(""gfas_total_bytes"") or 0) > 0 else ""HOLD"", int(sources.get(""gfas_total_bytes"") or 0), ""GFAS total bytes""],"
"D:\GATA_MODULEC_UNIFIED_PROCESS\GATA_ModuleC_pipeline_unified_20260529_110642\01_REPO_COPY\pipeline\moduleC_pipeline_v2.py"	"pipeline\moduleC_pipeline_v2.py"	"1394"	"def write_gfas_era5_presence_audit"	"era5"	"[""PRES-004"", ""PASS"" if bool(sources.get(""era5_exists"")) else ""HOLD"", str(sources.get(""era5_zip"", """")), ""ERA5 zip path""],"
"D:\GATA_MODULEC_UNIFIED_PROCESS\GATA_ModuleC_pipeline_unified_20260529_110642\01_REPO_COPY\pipeline\moduleC_pipeline_v2.py"	"pipeline\moduleC_pipeline_v2.py"	"1394"	"def write_gfas_era5_presence_audit"	"ERA5"	"[""PRES-004"", ""PASS"" if bool(sources.get(""era5_exists"")) else ""HOLD"", str(sources.get(""era5_zip"", """")), ""ERA5 zip path""],"
"D:\GATA_MODULEC_UNIFIED_PROCESS\GATA_ModuleC_pipeline_unified_20260529_110642\01_REPO_COPY\pipeline\moduleC_pipeline_v2.py"	"pipeline\moduleC_pipeline_v2.py"	"1395"	"def write_gfas_era5_presence_audit"	"parquet"	"[""PRES-005"", ""PASS"" if int(sources.get(""parquet_zip_count"") or 0) > 0 else ""HOLD"", int(sources.get(""parquet_zip_count"") or 0), ""Parquet proxy zip count""],"
"D:\GATA_MODULEC_UNIFIED_PROCESS\GATA_ModuleC_pipeline_unified_20260529_110642\01_REPO_COPY\pipeline\moduleC_pipeline_v2.py"	"pipeline\moduleC_pipeline_v2.py"	"1400"	"def write_gfas_era5_decoder_audit"	"gfas"	"def write_gfas_era5_decoder_audit("
"D:\GATA_MODULEC_UNIFIED_PROCESS\GATA_ModuleC_pipeline_unified_20260529_110642\01_REPO_COPY\pipeline\moduleC_pipeline_v2.py"	"pipeline\moduleC_pipeline_v2.py"	"1400"	"def write_gfas_era5_decoder_audit"	"GFAS"	"def write_gfas_era5_decoder_audit("
"D:\GATA_MODULEC_UNIFIED_PROCESS\GATA_ModuleC_pipeline_unified_20260529_110642\01_REPO_COPY\pipeline\moduleC_pipeline_v2.py"	"pipeline\moduleC_pipeline_v2.py"	"1400"	"def write_gfas_era5_decoder_audit"	"era5"	"def write_gfas_era5_decoder_audit("
"D:\GATA_MODULEC_UNIFIED_PROCESS\GATA_ModuleC_pipeline_unified_20260529_110642\01_REPO_COPY\pipeline\moduleC_pipeline_v2.py"	"pipeline\moduleC_pipeline_v2.py"	"1400"	"def write_gfas_era5_decoder_audit"	"ERA5"	"def write_gfas_era5_decoder_audit("
"D:\GATA_MODULEC_UNIFIED_PROCESS\GATA_ModuleC_pipeline_unified_20260529_110642\01_REPO_COPY\pipeline\moduleC_pipeline_v2.py"	"pipeline\moduleC_pipeline_v2.py"	"1407"	"def write_gfas_era5_decoder_audit"	"gfas"	"out_tsv = qa_dir / ""gfas_era5_decoder_audit.tsv"""
"D:\GATA_MODULEC_UNIFIED_PROCESS\GATA_ModuleC_pipeline_unified_20260529_110642\01_REPO_COPY\pipeline\moduleC_pipeline_v2.py"	"pipeline\moduleC_pipeline_v2.py"	"1407"	"def write_gfas_era5_decoder_audit"	"GFAS"	"out_tsv = qa_dir / ""gfas_era5_decoder_audit.tsv"""
"D:\GATA_MODULEC_UNIFIED_PROCESS\GATA_ModuleC_pipeline_unified_20260529_110642\01_REPO_COPY\pipeline\moduleC_pipeline_v2.py"	"pipeline\moduleC_pipeline_v2.py"	"1407"	"def write_gfas_era5_decoder_audit"	"era5"	"out_tsv = qa_dir / ""gfas_era5_decoder_audit.tsv"""
"D:\GATA_MODULEC_UNIFIED_PROCESS\GATA_ModuleC_pipeline_unified_20260529_110642\01_REPO_COPY\pipeline\moduleC_pipeline_v2.py"	"pipeline\moduleC_pipeline_v2.py"	"1407"	"def write_gfas_era5_decoder_audit"	"ERA5"	"out_tsv = qa_dir / ""gfas_era5_decoder_audit.tsv"""
"D:\GATA_MODULEC_UNIFIED_PROCESS\GATA_ModuleC_pipeline_unified_20260529_110642\01_REPO_COPY\pipeline\moduleC_pipeline_v2.py"	"pipeline\moduleC_pipeline_v2.py"	"1409"	"def write_gfas_era5_decoder_audit"	"v0_gfas_era5_real"	"selected_real = str(route_decision.get(""route_selected"", """")) == ""v0_gfas_era5_real"""
"D:\GATA_MODULEC_UNIFIED_PROCESS\GATA_ModuleC_pipeline_unified_20260529_110642\01_REPO_COPY\pipeline\moduleC_pipeline_v2.py"	"pipeline\moduleC_pipeline_v2.py"	"1409"	"def write_gfas_era5_decoder_audit"	"gfas"	"selected_real = str(route_decision.get(""route_selected"", """")) == ""v0_gfas_era5_real"""
"D:\GATA_MODULEC_UNIFIED_PROCESS\GATA_ModuleC_pipeline_unified_20260529_110642\01_REPO_COPY\pipeline\moduleC_pipeline_v2.py"	"pipeline\moduleC_pipeline_v2.py"	"1409"	"def write_gfas_era5_decoder_audit"	"GFAS"	"selected_real = str(route_decision.get(""route_selected"", """")) == ""v0_gfas_era5_real"""
"D:\GATA_MODULEC_UNIFIED_PROCESS\GATA_ModuleC_pipeline_unified_20260529_110642\01_REPO_COPY\pipeline\moduleC_pipeline_v2.py"	"pipeline\moduleC_pipeline_v2.py"	"1409"	"def write_gfas_era5_decoder_audit"	"era5"	"selected_real = str(route_decision.get(""route_selected"", """")) == ""v0_gfas_era5_real"""
"D:\GATA_MODULEC_UNIFIED_PROCESS\GATA_ModuleC_pipeline_unified_20260529_110642\01_REPO_COPY\pipeline\moduleC_pipeline_v2.py"	"pipeline\moduleC_pipeline_v2.py"	"1409"	"def write_gfas_era5_decoder_audit"	"ERA5"	"selected_real = str(route_decision.get(""route_selected"", """")) == ""v0_gfas_era5_real"""
"D:\GATA_MODULEC_UNIFIED_PROCESS\GATA_ModuleC_pipeline_unified_20260529_110642\01_REPO_COPY\pipeline\moduleC_pipeline_v2.py"	"pipeline\moduleC_pipeline_v2.py"	"1411"	"def write_gfas_era5_decoder_audit"	"gdal"	"[""decoder_available"", 1 if decoder_available else 0, ""PASS"" if decoder_available else ""HOLD"", ""GDAL-only decoder probe result""],"
"D:\GATA_MODULEC_UNIFIED_PROCESS\GATA_ModuleC_pipeline_unified_20260529_110642\01_REPO_COPY\pipeline\moduleC_pipeline_v2.py"	"pipeline\moduleC_pipeline_v2.py"	"1414"	"def write_gfas_era5_decoder_audit"	"gfas"	"[""gfas_grib_count"", int(sources.get(""gfas_grib_count"") or 0), ""PASS"" if int(sources.get(""gfas_grib_count"") or 0) > 0 else ""HOLD"", """"],"
"D:\GATA_MODULEC_UNIFIED_PROCESS\GATA_ModuleC_pipeline_unified_20260529_110642\01_REPO_COPY\pipeline\moduleC_pipeline_v2.py"	"pipeline\moduleC_pipeline_v2.py"	"1414"	"def write_gfas_era5_decoder_audit"	"GFAS"	"[""gfas_grib_count"", int(sources.get(""gfas_grib_count"") or 0), ""PASS"" if int(sources.get(""gfas_grib_count"") or 0) > 0 else ""HOLD"", """"],"
"D:\GATA_MODULEC_UNIFIED_PROCESS\GATA_ModuleC_pipeline_unified_20260529_110642\01_REPO_COPY\pipeline\moduleC_pipeline_v2.py"	"pipeline\moduleC_pipeline_v2.py"	"1414"	"def write_gfas_era5_decoder_audit"	"grib"	"[""gfas_grib_count"", int(sources.get(""gfas_grib_count"") or 0), ""PASS"" if int(sources.get(""gfas_grib_count"") or 0) > 0 else ""HOLD"", """"],"
"D:\GATA_MODULEC_UNIFIED_PROCESS\GATA_ModuleC_pipeline_unified_20260529_110642\01_REPO_COPY\pipeline\moduleC_pipeline_v2.py"	"pipeline\moduleC_pipeline_v2.py"	"1414"	"def write_gfas_era5_decoder_audit"	"GRIB"	"[""gfas_grib_count"", int(sources.get(""gfas_grib_count"") or 0), ""PASS"" if int(sources.get(""gfas_grib_count"") or 0) > 0 else ""HOLD"", """"],"
"D:\GATA_MODULEC_UNIFIED_PROCESS\GATA_ModuleC_pipeline_unified_20260529_110642\01_REPO_COPY\pipeline\moduleC_pipeline_v2.py"	"pipeline\moduleC_pipeline_v2.py"	"1415"	"def write_gfas_era5_decoder_audit"	"era5"	"[""era5_exists"", 1 if bool(sources.get(""era5_exists"")) else 0, ""PASS"" if bool(sources.get(""era5_exists"")) else ""HOLD"", """"],"
"D:\GATA_MODULEC_UNIFIED_PROCESS\GATA_ModuleC_pipeline_unified_20260529_110642\01_REPO_COPY\pipeline\moduleC_pipeline_v2.py"	"pipeline\moduleC_pipeline_v2.py"	"1415"	"def write_gfas_era5_decoder_audit"	"ERA5"	"[""era5_exists"", 1 if bool(sources.get(""era5_exists"")) else 0, ""PASS"" if bool(sources.get(""era5_exists"")) else ""HOLD"", """"],"
"D:\GATA_MODULEC_UNIFIED_PROCESS\GATA_ModuleC_pipeline_unified_20260529_110642\01_REPO_COPY\pipeline\moduleC_pipeline_v2.py"	"pipeline\moduleC_pipeline_v2.py"	"1424"	"def write_gfas_era5_decoder_audit"	"gfas"	"checkpoints = qa_dir / ""gfas_era5_decoder_checkpoints.tsv"""
"D:\GATA_MODULEC_UNIFIED_PROCESS\GATA_ModuleC_pipeline_unified_20260529_110642\01_REPO_COPY\pipeline\moduleC_pipeline_v2.py"	"pipeline\moduleC_pipeline_v2.py"	"1424"	"def write_gfas_era5_decoder_audit"	"GFAS"	"checkpoints = qa_dir / ""gfas_era5_decoder_checkpoints.tsv"""
"D:\GATA_MODULEC_UNIFIED_PROCESS\GATA_ModuleC_pipeline_unified_20260529_110642\01_REPO_COPY\pipeline\moduleC_pipeline_v2.py"	"pipeline\moduleC_pipeline_v2.py"	"1424"	"def write_gfas_era5_decoder_audit"	"era5"	"checkpoints = qa_dir / ""gfas_era5_decoder_checkpoints.tsv"""
"D:\GATA_MODULEC_UNIFIED_PROCESS\GATA_ModuleC_pipeline_unified_20260529_110642\01_REPO_COPY\pipeline\moduleC_pipeline_v2.py"	"pipeline\moduleC_pipeline_v2.py"	"1424"	"def write_gfas_era5_decoder_audit"	"ERA5"	"checkpoints = qa_dir / ""gfas_era5_decoder_checkpoints.tsv"""
"D:\GATA_MODULEC_UNIFIED_PROCESS\GATA_ModuleC_pipeline_unified_20260529_110642\01_REPO_COPY\pipeline\moduleC_pipeline_v2.py"	"pipeline\moduleC_pipeline_v2.py"	"1430"	"def write_gfas_era5_decoder_audit"	"gfas"	"""GDAL-only GFAS decoder probe with Portugal negative-longitude crop."","
"D:\GATA_MODULEC_UNIFIED_PROCESS\GATA_ModuleC_pipeline_unified_20260529_110642\01_REPO_COPY\pipeline\moduleC_pipeline_v2.py"	"pipeline\moduleC_pipeline_v2.py"	"1430"	"def write_gfas_era5_decoder_audit"	"GFAS"	"""GDAL-only GFAS decoder probe with Portugal negative-longitude crop."","
"D:\GATA_MODULEC_UNIFIED_PROCESS\GATA_ModuleC_pipeline_unified_20260529_110642\01_REPO_COPY\pipeline\moduleC_pipeline_v2.py"	"pipeline\moduleC_pipeline_v2.py"	"1430"	"def write_gfas_era5_decoder_audit"	"gdal"	"""GDAL-only GFAS decoder probe with Portugal negative-longitude crop."","
"D:\GATA_MODULEC_UNIFIED_PROCESS\GATA_ModuleC_pipeline_unified_20260529_110642\01_REPO_COPY\pipeline\moduleC_pipeline_v2.py"	"pipeline\moduleC_pipeline_v2.py"	"1432"	"def write_gfas_era5_decoder_audit"	"gfas"	"[""gfas_probe"", ""gfas_grib_count"", int(sources.get(""gfas_grib_count"") or 0), str(sources.get(""gfas_dir"", """"))],"
"D:\GATA_MODULEC_UNIFIED_PROCESS\GATA_ModuleC_pipeline_unified_20260529_110642\01_REPO_COPY\pipeline\moduleC_pipeline_v2.py"	"pipeline\moduleC_pipeline_v2.py"	"1432"	"def write_gfas_era5_decoder_audit"	"GFAS"	"[""gfas_probe"", ""gfas_grib_count"", int(sources.get(""gfas_grib_count"") or 0), str(sources.get(""gfas_dir"", """"))],"
"D:\GATA_MODULEC_UNIFIED_PROCESS\GATA_ModuleC_pipeline_unified_20260529_110642\01_REPO_COPY\pipeline\moduleC_pipeline_v2.py"	"pipeline\moduleC_pipeline_v2.py"	"1432"	"def write_gfas_era5_decoder_audit"	"grib"	"[""gfas_probe"", ""gfas_grib_count"", int(sources.get(""gfas_grib_count"") or 0), str(sources.get(""gfas_dir"", """"))],"
"D:\GATA_MODULEC_UNIFIED_PROCESS\GATA_ModuleC_pipeline_unified_20260529_110642\01_REPO_COPY\pipeline\moduleC_pipeline_v2.py"	"pipeline\moduleC_pipeline_v2.py"	"1432"	"def write_gfas_era5_decoder_audit"	"GRIB"	"[""gfas_probe"", ""gfas_grib_count"", int(sources.get(""gfas_grib_count"") or 0), str(sources.get(""gfas_dir"", """"))],"
"D:\GATA_MODULEC_UNIFIED_PROCESS\GATA_ModuleC_pipeline_unified_20260529_110642\01_REPO_COPY\pipeline\moduleC_pipeline_v2.py"	"pipeline\moduleC_pipeline_v2.py"	"1433"	"def write_gfas_era5_decoder_audit"	"era5"	"[""era5_probe"", ""era5_exists"", 1 if bool(sources.get(""era5_exists"")) else 0, str(sources.get(""era5_zip"", """"))],"
"D:\GATA_MODULEC_UNIFIED_PROCESS\GATA_ModuleC_pipeline_unified_20260529_110642\01_REPO_COPY\pipeline\moduleC_pipeline_v2.py"	"pipeline\moduleC_pipeline_v2.py"	"1433"	"def write_gfas_era5_decoder_audit"	"ERA5"	"[""era5_probe"", ""era5_exists"", 1 if bool(sources.get(""era5_exists"")) else 0, str(sources.get(""era5_zip"", """"))],"
"D:\GATA_MODULEC_UNIFIED_PROCESS\GATA_ModuleC_pipeline_unified_20260529_110642\01_REPO_COPY\pipeline\moduleC_pipeline_v2.py"	"pipeline\moduleC_pipeline_v2.py"	"1444"	"def _resolve_gdal_tool"	"gdal"	"def _resolve_gdal_tool(name: str) -> str:"
"D:\GATA_MODULEC_UNIFIED_PROCESS\GATA_ModuleC_pipeline_unified_20260529_110642\01_REPO_COPY\pipeline\moduleC_pipeline_v2.py"	"pipeline\moduleC_pipeline_v2.py"	"1465"	"def _capture_warning_rows"	"gfas"	"classification = ""GFAS_PACKING_WARNING_CLASSIFIED"""
"D:\GATA_MODULEC_UNIFIED_PROCESS\GATA_ModuleC_pipeline_unified_20260529_110642\01_REPO_COPY\pipeline\moduleC_pipeline_v2.py"	"pipeline\moduleC_pipeline_v2.py"	"1465"	"def _capture_warning_rows"	"GFAS"	"classification = ""GFAS_PACKING_WARNING_CLASSIFIED"""
"D:\GATA_MODULEC_UNIFIED_PROCESS\GATA_ModuleC_pipeline_unified_20260529_110642\01_REPO_COPY\pipeline\moduleC_pipeline_v2.py"	"pipeline\moduleC_pipeline_v2.py"	"1477"	"def _extract_first_message_by_next_grib"	"grib"	"def _extract_first_message_by_next_grib(src: Path, dst: Path, max_scan_bytes: int = 64 * 1024 * 1024) -> Tuple[int, int]:"
"D:\GATA_MODULEC_UNIFIED_PROCESS\GATA_ModuleC_pipeline_unified_20260529_110642\01_REPO_COPY\pipeline\moduleC_pipeline_v2.py"	"pipeline\moduleC_pipeline_v2.py"	"1477"	"def _extract_first_message_by_next_grib"	"GRIB"	"def _extract_first_message_by_next_grib(src: Path, dst: Path, max_scan_bytes: int = 64 * 1024 * 1024) -> Tuple[int, int]:"
"D:\GATA_MODULEC_UNIFIED_PROCESS\GATA_ModuleC_pipeline_unified_20260529_110642\01_REPO_COPY\pipeline\moduleC_pipeline_v2.py"	"pipeline\moduleC_pipeline_v2.py"	"1479"	"def _extract_first_message_by_next_grib"	"gfas"	"raise FileNotFoundError(f""GFAS source GRIB missing: {src}"")"
"D:\GATA_MODULEC_UNIFIED_PROCESS\GATA_ModuleC_pipeline_unified_20260529_110642\01_REPO_COPY\pipeline\moduleC_pipeline_v2.py"	"pipeline\moduleC_pipeline_v2.py"	"1479"	"def _extract_first_message_by_next_grib"	"GFAS"	"raise FileNotFoundError(f""GFAS source GRIB missing: {src}"")"
"D:\GATA_MODULEC_UNIFIED_PROCESS\GATA_ModuleC_pipeline_unified_20260529_110642\01_REPO_COPY\pipeline\moduleC_pipeline_v2.py"	"pipeline\moduleC_pipeline_v2.py"	"1479"	"def _extract_first_message_by_next_grib"	"grib"	"raise FileNotFoundError(f""GFAS source GRIB missing: {src}"")"
"D:\GATA_MODULEC_UNIFIED_PROCESS\GATA_ModuleC_pipeline_unified_20260529_110642\01_REPO_COPY\pipeline\moduleC_pipeline_v2.py"	"pipeline\moduleC_pipeline_v2.py"	"1479"	"def _extract_first_message_by_next_grib"	"GRIB"	"raise FileNotFoundError(f""GFAS source GRIB missing: {src}"")"
"D:\GATA_MODULEC_UNIFIED_PROCESS\GATA_ModuleC_pipeline_unified_20260529_110642\01_REPO_COPY\pipeline\moduleC_pipeline_v2.py"	"pipeline\moduleC_pipeline_v2.py"	"1489"	"def _extract_first_message_by_next_grib"	"grib"	"if len(buf) >= 8 and buf[:4] == b""GRIB"":"
"D:\GATA_MODULEC_UNIFIED_PROCESS\GATA_ModuleC_pipeline_unified_20260529_110642\01_REPO_COPY\pipeline\moduleC_pipeline_v2.py"	"pipeline\moduleC_pipeline_v2.py"	"1489"	"def _extract_first_message_by_next_grib"	"GRIB"	"if len(buf) >= 8 and buf[:4] == b""GRIB"":"
"D:\GATA_MODULEC_UNIFIED_PROCESS\GATA_ModuleC_pipeline_unified_20260529_110642\01_REPO_COPY\pipeline\moduleC_pipeline_v2.py"	"pipeline\moduleC_pipeline_v2.py"	"1490"	"def _extract_first_message_by_next_grib"	"grib"	"next_idx = bytes(buf).find(b""GRIB"", 4)"
"D:\GATA_MODULEC_UNIFIED_PROCESS\GATA_ModuleC_pipeline_unified_20260529_110642\01_REPO_COPY\pipeline\moduleC_pipeline_v2.py"	"pipeline\moduleC_pipeline_v2.py"	"1490"	"def _extract_first_message_by_next_grib"	"GRIB"	"next_idx = bytes(buf).find(b""GRIB"", 4)"
"D:\GATA_MODULEC_UNIFIED_PROCESS\GATA_ModuleC_pipeline_unified_20260529_110642\01_REPO_COPY\pipeline\moduleC_pipeline_v2.py"	"pipeline\moduleC_pipeline_v2.py"	"1496"	"def _extract_first_message_by_next_grib"	"grib"	"raise RuntimeError(f""Could not delimit first GRIB message using next GRIB within {max_scan_bytes} bytes for {src}"")"
"D:\GATA_MODULEC_UNIFIED_PROCESS\GATA_ModuleC_pipeline_unified_20260529_110642\01_REPO_COPY\pipeline\moduleC_pipeline_v2.py"	"pipeline\moduleC_pipeline_v2.py"	"1496"	"def _extract_first_message_by_next_grib"	"GRIB"	"raise RuntimeError(f""Could not delimit first GRIB message using next GRIB within {max_scan_bytes} bytes for {src}"")"
"D:\GATA_MODULEC_UNIFIED_PROCESS\GATA_ModuleC_pipeline_unified_20260529_110642\01_REPO_COPY\pipeline\moduleC_pipeline_v2.py"	"pipeline\moduleC_pipeline_v2.py"	"1558"	"def _smoke_route_v0_audit_rows"	"smoke_route_v0_audit"	"def _smoke_route_v0_audit_rows(unexplained_warnings_count: int, failed: bool, detail: str) -> List[List[object]]:"
"D:\GATA_MODULEC_UNIFIED_PROCESS\GATA_ModuleC_pipeline_unified_20260529_110642\01_REPO_COPY\pipeline\moduleC_pipeline_v2.py"	"pipeline\moduleC_pipeline_v2.py"	"1561"	"def _smoke_route_v0_audit_rows"	"gfas"	"[""backend_gfas"", ""GDAL"", ""PASS"", ""GFAS decoded through GDAL-only message extraction path.""],"
"D:\GATA_MODULEC_UNIFIED_PROCESS\GATA_ModuleC_pipeline_unified_20260529_110642\01_REPO_COPY\pipeline\moduleC_pipeline_v2.py"	"pipeline\moduleC_pipeline_v2.py"	"1561"	"def _smoke_route_v0_audit_rows"	"GFAS"	"[""backend_gfas"", ""GDAL"", ""PASS"", ""GFAS decoded through GDAL-only message extraction path.""],"
"D:\GATA_MODULEC_UNIFIED_PROCESS\GATA_ModuleC_pipeline_unified_20260529_110642\01_REPO_COPY\pipeline\moduleC_pipeline_v2.py"	"pipeline\moduleC_pipeline_v2.py"	"1561"	"def _smoke_route_v0_audit_rows"	"gdal"	"[""backend_gfas"", ""GDAL"", ""PASS"", ""GFAS decoded through GDAL-only message extraction path.""],"
"D:\GATA_MODULEC_UNIFIED_PROCESS\GATA_ModuleC_pipeline_unified_20260529_110642\01_REPO_COPY\pipeline\moduleC_pipeline_v2.py"	"pipeline\moduleC_pipeline_v2.py"	"1562"	"def _smoke_route_v0_audit_rows"	"era5"	"[""backend_era5"", ""GDAL"", ""PASS"", ""ERA5 10U/10V validated through GDAL.""],"
"D:\GATA_MODULEC_UNIFIED_PROCESS\GATA_ModuleC_pipeline_unified_20260529_110642\01_REPO_COPY\pipeline\moduleC_pipeline_v2.py"	"pipeline\moduleC_pipeline_v2.py"	"1562"	"def _smoke_route_v0_audit_rows"	"ERA5"	"[""backend_era5"", ""GDAL"", ""PASS"", ""ERA5 10U/10V validated through GDAL.""],"
"D:\GATA_MODULEC_UNIFIED_PROCESS\GATA_ModuleC_pipeline_unified_20260529_110642\01_REPO_COPY\pipeline\moduleC_pipeline_v2.py"	"pipeline\moduleC_pipeline_v2.py"	"1562"	"def _smoke_route_v0_audit_rows"	"gdal"	"[""backend_era5"", ""GDAL"", ""PASS"", ""ERA5 10U/10V validated through GDAL.""],"
"D:\GATA_MODULEC_UNIFIED_PROCESS\GATA_ModuleC_pipeline_unified_20260529_110642\01_REPO_COPY\pipeline\moduleC_pipeline_v2.py"	"pipeline\moduleC_pipeline_v2.py"	"1563"	"def _smoke_route_v0_audit_rows"	"gfas"	"[""eccodes_for_gfas"", ""REJECTED_OR_FORBIDDEN"", ""PASS"", ""ecCodes is not used as GFAS decoder backend.""],"
"D:\GATA_MODULEC_UNIFIED_PROCESS\GATA_ModuleC_pipeline_unified_20260529_110642\01_REPO_COPY\pipeline\moduleC_pipeline_v2.py"	"pipeline\moduleC_pipeline_v2.py"	"1563"	"def _smoke_route_v0_audit_rows"	"GFAS"	"[""eccodes_for_gfas"", ""REJECTED_OR_FORBIDDEN"", ""PASS"", ""ecCodes is not used as GFAS decoder backend.""],"
"D:\GATA_MODULEC_UNIFIED_PROCESS\GATA_ModuleC_pipeline_unified_20260529_110642\01_REPO_COPY\pipeline\moduleC_pipeline_v2.py"	"pipeline\moduleC_pipeline_v2.py"	"1563"	"def _smoke_route_v0_audit_rows"	"eccodes"	"[""eccodes_for_gfas"", ""REJECTED_OR_FORBIDDEN"", ""PASS"", ""ecCodes is not used as GFAS decoder backend.""],"
"D:\GATA_MODULEC_UNIFIED_PROCESS\GATA_ModuleC_pipeline_unified_20260529_110642\01_REPO_COPY\pipeline\moduleC_pipeline_v2.py"	"pipeline\moduleC_pipeline_v2.py"	"1570"	"def _smoke_route_v0_audit_rows"	"gfas"	"[""backend_gfas"", ""GDAL"", ""HOLD"", ""GFAS GDAL path failed during probe.""],"
"D:\GATA_MODULEC_UNIFIED_PROCESS\GATA_ModuleC_pipeline_unified_20260529_110642\01_REPO_COPY\pipeline\moduleC_pipeline_v2.py"	"pipeline\moduleC_pipeline_v2.py"	"1570"	"def _smoke_route_v0_audit_rows"	"GFAS"	"[""backend_gfas"", ""GDAL"", ""HOLD"", ""GFAS GDAL path failed during probe.""],"
"D:\GATA_MODULEC_UNIFIED_PROCESS\GATA_ModuleC_pipeline_unified_20260529_110642\01_REPO_COPY\pipeline\moduleC_pipeline_v2.py"	"pipeline\moduleC_pipeline_v2.py"	"1570"	"def _smoke_route_v0_audit_rows"	"gdal"	"[""backend_gfas"", ""GDAL"", ""HOLD"", ""GFAS GDAL path failed during probe.""],"
"D:\GATA_MODULEC_UNIFIED_PROCESS\GATA_ModuleC_pipeline_unified_20260529_110642\01_REPO_COPY\pipeline\moduleC_pipeline_v2.py"	"pipeline\moduleC_pipeline_v2.py"	"1571"	"def _smoke_route_v0_audit_rows"	"era5"	"[""backend_era5"", ""GDAL"", ""HOLD"", ""ERA5 GDAL probe not completed.""],"
"D:\GATA_MODULEC_UNIFIED_PROCESS\GATA_ModuleC_pipeline_unified_20260529_110642\01_REPO_COPY\pipeline\moduleC_pipeline_v2.py"	"pipeline\moduleC_pipeline_v2.py"	"1571"	"def _smoke_route_v0_audit_rows"	"ERA5"	"[""backend_era5"", ""GDAL"", ""HOLD"", ""ERA5 GDAL probe not completed.""],"
"D:\GATA_MODULEC_UNIFIED_PROCESS\GATA_ModuleC_pipeline_unified_20260529_110642\01_REPO_COPY\pipeline\moduleC_pipeline_v2.py"	"pipeline\moduleC_pipeline_v2.py"	"1571"	"def _smoke_route_v0_audit_rows"	"gdal"	"[""backend_era5"", ""GDAL"", ""HOLD"", ""ERA5 GDAL probe not completed.""],"
"D:\GATA_MODULEC_UNIFIED_PROCESS\GATA_ModuleC_pipeline_unified_20260529_110642\01_REPO_COPY\pipeline\moduleC_pipeline_v2.py"	"pipeline\moduleC_pipeline_v2.py"	"1572"	"def _smoke_route_v0_audit_rows"	"gfas"	"[""eccodes_for_gfas"", ""REJECTED_OR_FORBIDDEN"", ""PASS"", ""ecCodes is not used as GFAS decoder backend.""],"
"D:\GATA_MODULEC_UNIFIED_PROCESS\GATA_ModuleC_pipeline_unified_20260529_110642\01_REPO_COPY\pipeline\moduleC_pipeline_v2.py"	"pipeline\moduleC_pipeline_v2.py"	"1572"	"def _smoke_route_v0_audit_rows"	"GFAS"	"[""eccodes_for_gfas"", ""REJECTED_OR_FORBIDDEN"", ""PASS"", ""ecCodes is not used as GFAS decoder backend.""],"
"D:\GATA_MODULEC_UNIFIED_PROCESS\GATA_ModuleC_pipeline_unified_20260529_110642\01_REPO_COPY\pipeline\moduleC_pipeline_v2.py"	"pipeline\moduleC_pipeline_v2.py"	"1572"	"def _smoke_route_v0_audit_rows"	"eccodes"	"[""eccodes_for_gfas"", ""REJECTED_OR_FORBIDDEN"", ""PASS"", ""ecCodes is not used as GFAS decoder backend.""],"
"D:\GATA_MODULEC_UNIFIED_PROCESS\GATA_ModuleC_pipeline_unified_20260529_110642\01_REPO_COPY\pipeline\moduleC_pipeline_v2.py"	"pipeline\moduleC_pipeline_v2.py"	"1580"	"def decode_gfas_era5_gdal_proxy"	"gfas"	"def decode_gfas_era5_gdal_proxy(modulec_datos: Path, qa_dir: Path, report: Report) -> Dict[str, object]:"
"D:\GATA_MODULEC_UNIFIED_PROCESS\GATA_ModuleC_pipeline_unified_20260529_110642\01_REPO_COPY\pipeline\moduleC_pipeline_v2.py"	"pipeline\moduleC_pipeline_v2.py"	"1580"	"def decode_gfas_era5_gdal_proxy"	"GFAS"	"def decode_gfas_era5_gdal_proxy(modulec_datos: Path, qa_dir: Path, report: Report) -> Dict[str, object]:"
"D:\GATA_MODULEC_UNIFIED_PROCESS\GATA_ModuleC_pipeline_unified_20260529_110642\01_REPO_COPY\pipeline\moduleC_pipeline_v2.py"	"pipeline\moduleC_pipeline_v2.py"	"1580"	"def decode_gfas_era5_gdal_proxy"	"era5"	"def decode_gfas_era5_gdal_proxy(modulec_datos: Path, qa_dir: Path, report: Report) -> Dict[str, object]:"
"D:\GATA_MODULEC_UNIFIED_PROCESS\GATA_ModuleC_pipeline_unified_20260529_110642\01_REPO_COPY\pipeline\moduleC_pipeline_v2.py"	"pipeline\moduleC_pipeline_v2.py"	"1580"	"def decode_gfas_era5_gdal_proxy"	"ERA5"	"def decode_gfas_era5_gdal_proxy(modulec_datos: Path, qa_dir: Path, report: Report) -> Dict[str, object]:"
"D:\GATA_MODULEC_UNIFIED_PROCESS\GATA_ModuleC_pipeline_unified_20260529_110642\01_REPO_COPY\pipeline\moduleC_pipeline_v2.py"	"pipeline\moduleC_pipeline_v2.py"	"1580"	"def decode_gfas_era5_gdal_proxy"	"gdal"	"def decode_gfas_era5_gdal_proxy(modulec_datos: Path, qa_dir: Path, report: Report) -> Dict[str, object]:"
"D:\GATA_MODULEC_UNIFIED_PROCESS\GATA_ModuleC_pipeline_unified_20260529_110642\01_REPO_COPY\pipeline\moduleC_pipeline_v2.py"	"pipeline\moduleC_pipeline_v2.py"	"1582"	"def decode_gfas_era5_gdal_proxy"	"gdal"	"gdal_translate = _resolve_gdal_tool(""gdal_translate.exe"")"
"D:\GATA_MODULEC_UNIFIED_PROCESS\GATA_ModuleC_pipeline_unified_20260529_110642\01_REPO_COPY\pipeline\moduleC_pipeline_v2.py"	"pipeline\moduleC_pipeline_v2.py"	"1583"	"def decode_gfas_era5_gdal_proxy"	"gdal"	"gdalinfo = _resolve_gdal_tool(""gdalinfo.exe"")"
"D:\GATA_MODULEC_UNIFIED_PROCESS\GATA_ModuleC_pipeline_unified_20260529_110642\01_REPO_COPY\pipeline\moduleC_pipeline_v2.py"	"pipeline\moduleC_pipeline_v2.py"	"1600"	"def _write_warning_inventory"	"gfas"	"[""runtime"", ""none"", ""NO_WARNINGS"", ""1"", ""NONE"", ""PASS"", ""No warning captured in GFAS/ERA5 GDAL decoder path.""]"
"D:\GATA_MODULEC_UNIFIED_PROCESS\GATA_ModuleC_pipeline_unified_20260529_110642\01_REPO_COPY\pipeline\moduleC_pipeline_v2.py"	"pipeline\moduleC_pipeline_v2.py"	"1600"	"def _write_warning_inventory"	"GFAS"	"[""runtime"", ""none"", ""NO_WARNINGS"", ""1"", ""NONE"", ""PASS"", ""No warning captured in GFAS/ERA5 GDAL decoder path.""]"
"D:\GATA_MODULEC_UNIFIED_PROCESS\GATA_ModuleC_pipeline_unified_20260529_110642\01_REPO_COPY\pipeline\moduleC_pipeline_v2.py"	"pipeline\moduleC_pipeline_v2.py"	"1600"	"def _write_warning_inventory"	"era5"	"[""runtime"", ""none"", ""NO_WARNINGS"", ""1"", ""NONE"", ""PASS"", ""No warning captured in GFAS/ERA5 GDAL decoder path.""]"
"D:\GATA_MODULEC_UNIFIED_PROCESS\GATA_ModuleC_pipeline_unified_20260529_110642\01_REPO_COPY\pipeline\moduleC_pipeline_v2.py"	"pipeline\moduleC_pipeline_v2.py"	"1600"	"def _write_warning_inventory"	"ERA5"	"[""runtime"", ""none"", ""NO_WARNINGS"", ""1"", ""NONE"", ""PASS"", ""No warning captured in GFAS/ERA5 GDAL decoder path.""]"
"D:\GATA_MODULEC_UNIFIED_PROCESS\GATA_ModuleC_pipeline_unified_20260529_110642\01_REPO_COPY\pipeline\moduleC_pipeline_v2.py"	"pipeline\moduleC_pipeline_v2.py"	"1600"	"def _write_warning_inventory"	"gdal"	"[""runtime"", ""none"", ""NO_WARNINGS"", ""1"", ""NONE"", ""PASS"", ""No warning captured in GFAS/ERA5 GDAL decoder path.""]"
"D:\GATA_MODULEC_UNIFIED_PROCESS\GATA_ModuleC_pipeline_unified_20260529_110642\01_REPO_COPY\pipeline\moduleC_pipeline_v2.py"	"pipeline\moduleC_pipeline_v2.py"	"1610"	"def _write_warning_inventory"	"gfas"	"gfas_dir = modulec_datos / ""CAM-GFAS (ADS)"""
"D:\GATA_MODULEC_UNIFIED_PROCESS\GATA_ModuleC_pipeline_unified_20260529_110642\01_REPO_COPY\pipeline\moduleC_pipeline_v2.py"	"pipeline\moduleC_pipeline_v2.py"	"1610"	"def _write_warning_inventory"	"GFAS"	"gfas_dir = modulec_datos / ""CAM-GFAS (ADS)"""
"D:\GATA_MODULEC_UNIFIED_PROCESS\GATA_ModuleC_pipeline_unified_20260529_110642\01_REPO_COPY\pipeline\moduleC_pipeline_v2.py"	"pipeline\moduleC_pipeline_v2.py"	"1611"	"def _write_warning_inventory"	"gfas"	"edge_summary = gfas_dir / ""_grib_edge_summary.csv"""
"D:\GATA_MODULEC_UNIFIED_PROCESS\GATA_ModuleC_pipeline_unified_20260529_110642\01_REPO_COPY\pipeline\moduleC_pipeline_v2.py"	"pipeline\moduleC_pipeline_v2.py"	"1611"	"def _write_warning_inventory"	"GFAS"	"edge_summary = gfas_dir / ""_grib_edge_summary.csv"""
"D:\GATA_MODULEC_UNIFIED_PROCESS\GATA_ModuleC_pipeline_unified_20260529_110642\01_REPO_COPY\pipeline\moduleC_pipeline_v2.py"	"pipeline\moduleC_pipeline_v2.py"	"1611"	"def _write_warning_inventory"	"grib"	"edge_summary = gfas_dir / ""_grib_edge_summary.csv"""
"D:\GATA_MODULEC_UNIFIED_PROCESS\GATA_ModuleC_pipeline_unified_20260529_110642\01_REPO_COPY\pipeline\moduleC_pipeline_v2.py"	"pipeline\moduleC_pipeline_v2.py"	"1611"	"def _write_warning_inventory"	"GRIB"	"edge_summary = gfas_dir / ""_grib_edge_summary.csv"""
"D:\GATA_MODULEC_UNIFIED_PROCESS\GATA_ModuleC_pipeline_unified_20260529_110642\01_REPO_COPY\pipeline\moduleC_pipeline_v2.py"	"pipeline\moduleC_pipeline_v2.py"	"1613"	"def _write_warning_inventory"	"gfas"	"raise FileNotFoundError(f""GFAS edge summary not found: {edge_summary}"")"
"D:\GATA_MODULEC_UNIFIED_PROCESS\GATA_ModuleC_pipeline_unified_20260529_110642\01_REPO_COPY\pipeline\moduleC_pipeline_v2.py"	"pipeline\moduleC_pipeline_v2.py"	"1613"	"def _write_warning_inventory"	"GFAS"	"raise FileNotFoundError(f""GFAS edge summary not found: {edge_summary}"")"
"D:\GATA_MODULEC_UNIFIED_PROCESS\GATA_ModuleC_pipeline_unified_20260529_110642\01_REPO_COPY\pipeline\moduleC_pipeline_v2.py"	"pipeline\moduleC_pipeline_v2.py"	"1622"	"def _write_warning_inventory"	"grib"	"raise RuntimeError(""No PM2P5FIRE candidate rows found in _grib_edge_summary.csv"")"
"D:\GATA_MODULEC_UNIFIED_PROCESS\GATA_ModuleC_pipeline_unified_20260529_110642\01_REPO_COPY\pipeline\moduleC_pipeline_v2.py"	"pipeline\moduleC_pipeline_v2.py"	"1622"	"def _write_warning_inventory"	"GRIB"	"raise RuntimeError(""No PM2P5FIRE candidate rows found in _grib_edge_summary.csv"")"
"D:\GATA_MODULEC_UNIFIED_PROCESS\GATA_ModuleC_pipeline_unified_20260529_110642\01_REPO_COPY\pipeline\moduleC_pipeline_v2.py"	"pipeline\moduleC_pipeline_v2.py"	"1625"	"def _write_warning_inventory"	"gfas"	"gfas_xyz_rows: List[List[object]] = []"
"D:\GATA_MODULEC_UNIFIED_PROCESS\GATA_ModuleC_pipeline_unified_20260529_110642\01_REPO_COPY\pipeline\moduleC_pipeline_v2.py"	"pipeline\moduleC_pipeline_v2.py"	"1625"	"def _write_warning_inventory"	"GFAS"	"gfas_xyz_rows: List[List[object]] = []"
"D:\GATA_MODULEC_UNIFIED_PROCESS\GATA_ModuleC_pipeline_unified_20260529_110642\01_REPO_COPY\pipeline\moduleC_pipeline_v2.py"	"pipeline\moduleC_pipeline_v2.py"	"1635"	"def _write_warning_inventory"	"gfas"	"src_grib = gfas_dir / file_name"
"D:\GATA_MODULEC_UNIFIED_PROCESS\GATA_ModuleC_pipeline_unified_20260529_110642\01_REPO_COPY\pipeline\moduleC_pipeline_v2.py"	"pipeline\moduleC_pipeline_v2.py"	"1635"	"def _write_warning_inventory"	"GFAS"	"src_grib = gfas_dir / file_name"
"D:\GATA_MODULEC_UNIFIED_PROCESS\GATA_ModuleC_pipeline_unified_20260529_110642\01_REPO_COPY\pipeline\moduleC_pipeline_v2.py"	"pipeline\moduleC_pipeline_v2.py"	"1635"	"def _write_warning_inventory"	"grib"	"src_grib = gfas_dir / file_name"
"D:\GATA_MODULEC_UNIFIED_PROCESS\GATA_ModuleC_pipeline_unified_20260529_110642\01_REPO_COPY\pipeline\moduleC_pipeline_v2.py"	"pipeline\moduleC_pipeline_v2.py"	"1635"	"def _write_warning_inventory"	"GRIB"	"src_grib = gfas_dir / file_name"
"D:\GATA_MODULEC_UNIFIED_PROCESS\GATA_ModuleC_pipeline_unified_20260529_110642\01_REPO_COPY\pipeline\moduleC_pipeline_v2.py"	"pipeline\moduleC_pipeline_v2.py"	"1636"	"def _write_warning_inventory"	"grib"	"if not src_grib.exists():"
"D:\GATA_MODULEC_UNIFIED_PROCESS\GATA_ModuleC_pipeline_unified_20260529_110642\01_REPO_COPY\pipeline\moduleC_pipeline_v2.py"	"pipeline\moduleC_pipeline_v2.py"	"1636"	"def _write_warning_inventory"	"GRIB"	"if not src_grib.exists():"
"D:\GATA_MODULEC_UNIFIED_PROCESS\GATA_ModuleC_pipeline_unified_20260529_110642\01_REPO_COPY\pipeline\moduleC_pipeline_v2.py"	"pipeline\moduleC_pipeline_v2.py"	"1646"	"def _write_warning_inventory"	"gfas"	"extracted_msg = qa_dir / f""gfas_pm2p5fire_{year_int}_message1.grib"""
"D:\GATA_MODULEC_UNIFIED_PROCESS\GATA_ModuleC_pipeline_unified_20260529_110642\01_REPO_COPY\pipeline\moduleC_pipeline_v2.py"	"pipeline\moduleC_pipeline_v2.py"	"1646"	"def _write_warning_inventory"	"GFAS"	"extracted_msg = qa_dir / f""gfas_pm2p5fire_{year_int}_message1.grib"""
"D:\GATA_MODULEC_UNIFIED_PROCESS\GATA_ModuleC_pipeline_unified_20260529_110642\01_REPO_COPY\pipeline\moduleC_pipeline_v2.py"	"pipeline\moduleC_pipeline_v2.py"	"1646"	"def _write_warning_inventory"	"grib"	"extracted_msg = qa_dir / f""gfas_pm2p5fire_{year_int}_message1.grib"""
"D:\GATA_MODULEC_UNIFIED_PROCESS\GATA_ModuleC_pipeline_unified_20260529_110642\01_REPO_COPY\pipeline\moduleC_pipeline_v2.py"	"pipeline\moduleC_pipeline_v2.py"	"1646"	"def _write_warning_inventory"	"GRIB"	"extracted_msg = qa_dir / f""gfas_pm2p5fire_{year_int}_message1.grib"""
"D:\GATA_MODULEC_UNIFIED_PROCESS\GATA_ModuleC_pipeline_unified_20260529_110642\01_REPO_COPY\pipeline\moduleC_pipeline_v2.py"	"pipeline\moduleC_pipeline_v2.py"	"1647"	"def _write_warning_inventory"	"grib"	"next_idx, payload_bytes = _extract_first_message_by_next_grib(src_grib, extracted_msg)"
"D:\GATA_MODULEC_UNIFIED_PROCESS\GATA_ModuleC_pipeline_unified_20260529_110642\01_REPO_COPY\pipeline\moduleC_pipeline_v2.py"	"pipeline\moduleC_pipeline_v2.py"	"1647"	"def _write_warning_inventory"	"GRIB"	"next_idx, payload_bytes = _extract_first_message_by_next_grib(src_grib, extracted_msg)"
"D:\GATA_MODULEC_UNIFIED_PROCESS\GATA_ModuleC_pipeline_unified_20260529_110642\01_REPO_COPY\pipeline\moduleC_pipeline_v2.py"	"pipeline\moduleC_pipeline_v2.py"	"1649"	"def _write_warning_inventory"	"gfas"	"xyz_path = qa_dir / f""gfas_pm2p5fire_{year_int}_portugal.xyz"""
"D:\GATA_MODULEC_UNIFIED_PROCESS\GATA_ModuleC_pipeline_unified_20260529_110642\01_REPO_COPY\pipeline\moduleC_pipeline_v2.py"	"pipeline\moduleC_pipeline_v2.py"	"1649"	"def _write_warning_inventory"	"GFAS"	"xyz_path = qa_dir / f""gfas_pm2p5fire_{year_int}_portugal.xyz"""
"D:\GATA_MODULEC_UNIFIED_PROCESS\GATA_ModuleC_pipeline_unified_20260529_110642\01_REPO_COPY\pipeline\moduleC_pipeline_v2.py"	"pipeline\moduleC_pipeline_v2.py"	"1651"	"def _write_warning_inventory"	"gdal"	"gdal_translate,"
"D:\GATA_MODULEC_UNIFIED_PROCESS\GATA_ModuleC_pipeline_unified_20260529_110642\01_REPO_COPY\pipeline\moduleC_pipeline_v2.py"	"pipeline\moduleC_pipeline_v2.py"	"1663"	"def _write_warning_inventory"	"gfas"	"warning_rows.extend(_capture_warning_rows(""gdal_translate"", f""GFAS_PM2P5_{year_int}"", stdout + ""\n"" + stderr))"
"D:\GATA_MODULEC_UNIFIED_PROCESS\GATA_ModuleC_pipeline_unified_20260529_110642\01_REPO_COPY\pipeline\moduleC_pipeline_v2.py"	"pipeline\moduleC_pipeline_v2.py"	"1663"	"def _write_warning_inventory"	"GFAS"	"warning_rows.extend(_capture_warning_rows(""gdal_translate"", f""GFAS_PM2P5_{year_int}"", stdout + ""\n"" + stderr))"
"D:\GATA_MODULEC_UNIFIED_PROCESS\GATA_ModuleC_pipeline_unified_20260529_110642\01_REPO_COPY\pipeline\moduleC_pipeline_v2.py"	"pipeline\moduleC_pipeline_v2.py"	"1663"	"def _write_warning_inventory"	"gdal"	"warning_rows.extend(_capture_warning_rows(""gdal_translate"", f""GFAS_PM2P5_{year_int}"", stdout + ""\n"" + stderr))"
"D:\GATA_MODULEC_UNIFIED_PROCESS\GATA_ModuleC_pipeline_unified_20260529_110642\01_REPO_COPY\pipeline\moduleC_pipeline_v2.py"	"pipeline\moduleC_pipeline_v2.py"	"1665"	"def _write_warning_inventory"	"gdal"	"raise RuntimeError(f""gdal_translate failed for {file_name} year={year_int}; rc={rc}"")"
"D:\GATA_MODULEC_UNIFIED_PROCESS\GATA_ModuleC_pipeline_unified_20260529_110642\01_REPO_COPY\pipeline\moduleC_pipeline_v2.py"	"pipeline\moduleC_pipeline_v2.py"	"1667"	"def _write_warning_inventory"	"gdal"	"raise RuntimeError(f""gdal_translate output missing: {xyz_path}"")"
"D:\GATA_MODULEC_UNIFIED_PROCESS\GATA_ModuleC_pipeline_unified_20260529_110642\01_REPO_COPY\pipeline\moduleC_pipeline_v2.py"	"pipeline\moduleC_pipeline_v2.py"	"1675"	"def _write_warning_inventory"	"gfas"	"methods[year_int] = ""gfas_pm2p5fire_gdal_message1_negative_lon_proxy"""
"D:\GATA_MODULEC_UNIFIED_PROCESS\GATA_ModuleC_pipeline_unified_20260529_110642\01_REPO_COPY\pipeline\moduleC_pipeline_v2.py"	"pipeline\moduleC_pipeline_v2.py"	"1675"	"def _write_warning_inventory"	"GFAS"	"methods[year_int] = ""gfas_pm2p5fire_gdal_message1_negative_lon_proxy"""
"D:\GATA_MODULEC_UNIFIED_PROCESS\GATA_ModuleC_pipeline_unified_20260529_110642\01_REPO_COPY\pipeline\moduleC_pipeline_v2.py"	"pipeline\moduleC_pipeline_v2.py"	"1675"	"def _write_warning_inventory"	"gdal"	"methods[year_int] = ""gfas_pm2p5fire_gdal_message1_negative_lon_proxy"""
"D:\GATA_MODULEC_UNIFIED_PROCESS\GATA_ModuleC_pipeline_unified_20260529_110642\01_REPO_COPY\pipeline\moduleC_pipeline_v2.py"	"pipeline\moduleC_pipeline_v2.py"	"1682"	"def _write_warning_inventory"	"grib"	"str(src_grib),"
"D:\GATA_MODULEC_UNIFIED_PROCESS\GATA_ModuleC_pipeline_unified_20260529_110642\01_REPO_COPY\pipeline\moduleC_pipeline_v2.py"	"pipeline\moduleC_pipeline_v2.py"	"1682"	"def _write_warning_inventory"	"GRIB"	"str(src_grib),"
"D:\GATA_MODULEC_UNIFIED_PROCESS\GATA_ModuleC_pipeline_unified_20260529_110642\01_REPO_COPY\pipeline\moduleC_pipeline_v2.py"	"pipeline\moduleC_pipeline_v2.py"	"1713"	"def _write_warning_inventory"	"gfas"	"""method"": ""gfas_pm2p5fire_gdal_negative_lon"","
"D:\GATA_MODULEC_UNIFIED_PROCESS\GATA_ModuleC_pipeline_unified_20260529_110642\01_REPO_COPY\pipeline\moduleC_pipeline_v2.py"	"pipeline\moduleC_pipeline_v2.py"	"1713"	"def _write_warning_inventory"	"GFAS"	"""method"": ""gfas_pm2p5fire_gdal_negative_lon"","
"D:\GATA_MODULEC_UNIFIED_PROCESS\GATA_ModuleC_pipeline_unified_20260529_110642\01_REPO_COPY\pipeline\moduleC_pipeline_v2.py"	"pipeline\moduleC_pipeline_v2.py"	"1713"	"def _write_warning_inventory"	"gdal"	"""method"": ""gfas_pm2p5fire_gdal_negative_lon"","
"D:\GATA_MODULEC_UNIFIED_PROCESS\GATA_ModuleC_pipeline_unified_20260529_110642\01_REPO_COPY\pipeline\moduleC_pipeline_v2.py"	"pipeline\moduleC_pipeline_v2.py"	"1719"	"def _write_warning_inventory"	"gfas"	"gfas_xyz_rows.append([file_name, date_iso, x, y, v])"
"D:\GATA_MODULEC_UNIFIED_PROCESS\GATA_ModuleC_pipeline_unified_20260529_110642\01_REPO_COPY\pipeline\moduleC_pipeline_v2.py"	"pipeline\moduleC_pipeline_v2.py"	"1719"	"def _write_warning_inventory"	"GFAS"	"gfas_xyz_rows.append([file_name, date_iso, x, y, v])"
"D:\GATA_MODULEC_UNIFIED_PROCESS\GATA_ModuleC_pipeline_unified_20260529_110642\01_REPO_COPY\pipeline\moduleC_pipeline_v2.py"	"pipeline\moduleC_pipeline_v2.py"	"1722"	"def _write_warning_inventory"	"2024"	"raise RuntimeError(""PM2P5FIRE decoder produced no annual anchors within 2015-2024."")"
"D:\GATA_MODULEC_UNIFIED_PROCESS\GATA_ModuleC_pipeline_unified_20260529_110642\01_REPO_COPY\pipeline\moduleC_pipeline_v2.py"	"pipeline\moduleC_pipeline_v2.py"	"1731"	"def _write_warning_inventory"	"gfas"	"fallback_method = str(filled_methods.get(y, ""gfas_pm2p5fire_unknown""))"
"D:\GATA_MODULEC_UNIFIED_PROCESS\GATA_ModuleC_pipeline_unified_20260529_110642\01_REPO_COPY\pipeline\moduleC_pipeline_v2.py"	"pipeline\moduleC_pipeline_v2.py"	"1731"	"def _write_warning_inventory"	"GFAS"	"fallback_method = str(filled_methods.get(y, ""gfas_pm2p5fire_unknown""))"
"D:\GATA_MODULEC_UNIFIED_PROCESS\GATA_ModuleC_pipeline_unified_20260529_110642\01_REPO_COPY\pipeline\moduleC_pipeline_v2.py"	"pipeline\moduleC_pipeline_v2.py"	"1732"	"def _write_warning_inventory"	"parquet"	"if fallback_method.startswith(""primary_parquet_""):"
"D:\GATA_MODULEC_UNIFIED_PROCESS\GATA_ModuleC_pipeline_unified_20260529_110642\01_REPO_COPY\pipeline\moduleC_pipeline_v2.py"	"pipeline\moduleC_pipeline_v2.py"	"1733"	"def _write_warning_inventory"	"parquet"	"fallback_method = ""gfas_pm2p5fire_"" + fallback_method[len(""primary_parquet_"") :]"
"D:\GATA_MODULEC_UNIFIED_PROCESS\GATA_ModuleC_pipeline_unified_20260529_110642\01_REPO_COPY\pipeline\moduleC_pipeline_v2.py"	"pipeline\moduleC_pipeline_v2.py"	"1733"	"def _write_warning_inventory"	"gfas"	"fallback_method = ""gfas_pm2p5fire_"" + fallback_method[len(""primary_parquet_"") :]"
"D:\GATA_MODULEC_UNIFIED_PROCESS\GATA_ModuleC_pipeline_unified_20260529_110642\01_REPO_COPY\pipeline\moduleC_pipeline_v2.py"	"pipeline\moduleC_pipeline_v2.py"	"1733"	"def _write_warning_inventory"	"GFAS"	"fallback_method = ""gfas_pm2p5fire_"" + fallback_method[len(""primary_parquet_"") :]"
"D:\GATA_MODULEC_UNIFIED_PROCESS\GATA_ModuleC_pipeline_unified_20260529_110642\01_REPO_COPY\pipeline\moduleC_pipeline_v2.py"	"pipeline\moduleC_pipeline_v2.py"	"1738"	"def _write_warning_inventory"	"gfas"	"qa_dir / ""gfas_pm2p5fire_message_inventory.tsv"","
"D:\GATA_MODULEC_UNIFIED_PROCESS\GATA_ModuleC_pipeline_unified_20260529_110642\01_REPO_COPY\pipeline\moduleC_pipeline_v2.py"	"pipeline\moduleC_pipeline_v2.py"	"1738"	"def _write_warning_inventory"	"GFAS"	"qa_dir / ""gfas_pm2p5fire_message_inventory.tsv"","
"D:\GATA_MODULEC_UNIFIED_PROCESS\GATA_ModuleC_pipeline_unified_20260529_110642\01_REPO_COPY\pipeline\moduleC_pipeline_v2.py"	"pipeline\moduleC_pipeline_v2.py"	"1742"	"def _write_warning_inventory"	"grib"	"""source_grib_path"","
"D:\GATA_MODULEC_UNIFIED_PROCESS\GATA_ModuleC_pipeline_unified_20260529_110642\01_REPO_COPY\pipeline\moduleC_pipeline_v2.py"	"pipeline\moduleC_pipeline_v2.py"	"1742"	"def _write_warning_inventory"	"GRIB"	"""source_grib_path"","
"D:\GATA_MODULEC_UNIFIED_PROCESS\GATA_ModuleC_pipeline_unified_20260529_110642\01_REPO_COPY\pipeline\moduleC_pipeline_v2.py"	"pipeline\moduleC_pipeline_v2.py"	"1745"	"def _write_warning_inventory"	"grib"	"""next_grib_offset"","
"D:\GATA_MODULEC_UNIFIED_PROCESS\GATA_ModuleC_pipeline_unified_20260529_110642\01_REPO_COPY\pipeline\moduleC_pipeline_v2.py"	"pipeline\moduleC_pipeline_v2.py"	"1745"	"def _write_warning_inventory"	"GRIB"	"""next_grib_offset"","
"D:\GATA_MODULEC_UNIFIED_PROCESS\GATA_ModuleC_pipeline_unified_20260529_110642\01_REPO_COPY\pipeline\moduleC_pipeline_v2.py"	"pipeline\moduleC_pipeline_v2.py"	"1754"	"def _write_warning_inventory"	"gfas"	"qa_dir / ""gfas_pm2p5fire_portugal_xyz.csv"","
"D:\GATA_MODULEC_UNIFIED_PROCESS\GATA_ModuleC_pipeline_unified_20260529_110642\01_REPO_COPY\pipeline\moduleC_pipeline_v2.py"	"pipeline\moduleC_pipeline_v2.py"	"1754"	"def _write_warning_inventory"	"GFAS"	"qa_dir / ""gfas_pm2p5fire_portugal_xyz.csv"","
"D:\GATA_MODULEC_UNIFIED_PROCESS\GATA_ModuleC_pipeline_unified_20260529_110642\01_REPO_COPY\pipeline\moduleC_pipeline_v2.py"	"pipeline\moduleC_pipeline_v2.py"	"1756"	"def _write_warning_inventory"	"gfas"	"gfas_xyz_rows,"
"D:\GATA_MODULEC_UNIFIED_PROCESS\GATA_ModuleC_pipeline_unified_20260529_110642\01_REPO_COPY\pipeline\moduleC_pipeline_v2.py"	"pipeline\moduleC_pipeline_v2.py"	"1756"	"def _write_warning_inventory"	"GFAS"	"gfas_xyz_rows,"
"D:\GATA_MODULEC_UNIFIED_PROCESS\GATA_ModuleC_pipeline_unified_20260529_110642\01_REPO_COPY\pipeline\moduleC_pipeline_v2.py"	"pipeline\moduleC_pipeline_v2.py"	"1760"	"def _write_warning_inventory"	"gfas"	"qa_dir / ""gfas_pm2p5fire_portugal_daily_summary.csv"","
"D:\GATA_MODULEC_UNIFIED_PROCESS\GATA_ModuleC_pipeline_unified_20260529_110642\01_REPO_COPY\pipeline\moduleC_pipeline_v2.py"	"pipeline\moduleC_pipeline_v2.py"	"1760"	"def _write_warning_inventory"	"GFAS"	"qa_dir / ""gfas_pm2p5fire_portugal_daily_summary.csv"","
"D:\GATA_MODULEC_UNIFIED_PROCESS\GATA_ModuleC_pipeline_unified_20260529_110642\01_REPO_COPY\pipeline\moduleC_pipeline_v2.py"	"pipeline\moduleC_pipeline_v2.py"	"1778"	"def _write_warning_inventory"	"era5"	"era5_candidates = sorted(modulec_datos.glob(""*ERA5*.zip""))"
"D:\GATA_MODULEC_UNIFIED_PROCESS\GATA_ModuleC_pipeline_unified_20260529_110642\01_REPO_COPY\pipeline\moduleC_pipeline_v2.py"	"pipeline\moduleC_pipeline_v2.py"	"1778"	"def _write_warning_inventory"	"ERA5"	"era5_candidates = sorted(modulec_datos.glob(""*ERA5*.zip""))"
"D:\GATA_MODULEC_UNIFIED_PROCESS\GATA_ModuleC_pipeline_unified_20260529_110642\01_REPO_COPY\pipeline\moduleC_pipeline_v2.py"	"pipeline\moduleC_pipeline_v2.py"	"1779"	"def _write_warning_inventory"	"era5"	"era5_zip = era5_candidates[0] if era5_candidates else None"
"D:\GATA_MODULEC_UNIFIED_PROCESS\GATA_ModuleC_pipeline_unified_20260529_110642\01_REPO_COPY\pipeline\moduleC_pipeline_v2.py"	"pipeline\moduleC_pipeline_v2.py"	"1779"	"def _write_warning_inventory"	"ERA5"	"era5_zip = era5_candidates[0] if era5_candidates else None"
"D:\GATA_MODULEC_UNIFIED_PROCESS\GATA_ModuleC_pipeline_unified_20260529_110642\01_REPO_COPY\pipeline\moduleC_pipeline_v2.py"	"pipeline\moduleC_pipeline_v2.py"	"1780"	"def _write_warning_inventory"	"era5"	"if era5_zip is None or not era5_zip.exists():"
"D:\GATA_MODULEC_UNIFIED_PROCESS\GATA_ModuleC_pipeline_unified_20260529_110642\01_REPO_COPY\pipeline\moduleC_pipeline_v2.py"	"pipeline\moduleC_pipeline_v2.py"	"1780"	"def _write_warning_inventory"	"ERA5"	"if era5_zip is None or not era5_zip.exists():"
"D:\GATA_MODULEC_UNIFIED_PROCESS\GATA_ModuleC_pipeline_unified_20260529_110642\01_REPO_COPY\pipeline\moduleC_pipeline_v2.py"	"pipeline\moduleC_pipeline_v2.py"	"1781"	"def _write_warning_inventory"	"era5"	"raise FileNotFoundError(""ERA5 zip not found for decoder probe."")"
"D:\GATA_MODULEC_UNIFIED_PROCESS\GATA_ModuleC_pipeline_unified_20260529_110642\01_REPO_COPY\pipeline\moduleC_pipeline_v2.py"	"pipeline\moduleC_pipeline_v2.py"	"1781"	"def _write_warning_inventory"	"ERA5"	"raise FileNotFoundError(""ERA5 zip not found for decoder probe."")"
"D:\GATA_MODULEC_UNIFIED_PROCESS\GATA_ModuleC_pipeline_unified_20260529_110642\01_REPO_COPY\pipeline\moduleC_pipeline_v2.py"	"pipeline\moduleC_pipeline_v2.py"	"1782"	"def _write_warning_inventory"	"era5"	"era5_vsi = f""/vsizip/{era5_zip.as_posix()}/data.grib"""
"D:\GATA_MODULEC_UNIFIED_PROCESS\GATA_ModuleC_pipeline_unified_20260529_110642\01_REPO_COPY\pipeline\moduleC_pipeline_v2.py"	"pipeline\moduleC_pipeline_v2.py"	"1782"	"def _write_warning_inventory"	"ERA5"	"era5_vsi = f""/vsizip/{era5_zip.as_posix()}/data.grib"""
"D:\GATA_MODULEC_UNIFIED_PROCESS\GATA_ModuleC_pipeline_unified_20260529_110642\01_REPO_COPY\pipeline\moduleC_pipeline_v2.py"	"pipeline\moduleC_pipeline_v2.py"	"1782"	"def _write_warning_inventory"	"grib"	"era5_vsi = f""/vsizip/{era5_zip.as_posix()}/data.grib"""
"D:\GATA_MODULEC_UNIFIED_PROCESS\GATA_ModuleC_pipeline_unified_20260529_110642\01_REPO_COPY\pipeline\moduleC_pipeline_v2.py"	"pipeline\moduleC_pipeline_v2.py"	"1782"	"def _write_warning_inventory"	"GRIB"	"era5_vsi = f""/vsizip/{era5_zip.as_posix()}/data.grib"""
"D:\GATA_MODULEC_UNIFIED_PROCESS\GATA_ModuleC_pipeline_unified_20260529_110642\01_REPO_COPY\pipeline\moduleC_pipeline_v2.py"	"pipeline\moduleC_pipeline_v2.py"	"1783"	"def _write_warning_inventory"	"era5"	"rc_i, out_i, err_i = _run_external([gdalinfo, era5_vsi], timeout_sec=180)"
"D:\GATA_MODULEC_UNIFIED_PROCESS\GATA_ModuleC_pipeline_unified_20260529_110642\01_REPO_COPY\pipeline\moduleC_pipeline_v2.py"	"pipeline\moduleC_pipeline_v2.py"	"1783"	"def _write_warning_inventory"	"ERA5"	"rc_i, out_i, err_i = _run_external([gdalinfo, era5_vsi], timeout_sec=180)"
"D:\GATA_MODULEC_UNIFIED_PROCESS\GATA_ModuleC_pipeline_unified_20260529_110642\01_REPO_COPY\pipeline\moduleC_pipeline_v2.py"	"pipeline\moduleC_pipeline_v2.py"	"1783"	"def _write_warning_inventory"	"gdal"	"rc_i, out_i, err_i = _run_external([gdalinfo, era5_vsi], timeout_sec=180)"
"D:\GATA_MODULEC_UNIFIED_PROCESS\GATA_ModuleC_pipeline_unified_20260529_110642\01_REPO_COPY\pipeline\moduleC_pipeline_v2.py"	"pipeline\moduleC_pipeline_v2.py"	"1784"	"def _write_warning_inventory"	"era5"	"warning_rows.extend(_capture_warning_rows(""gdalinfo"", ""ERA5_INFO"", out_i + ""\n"" + err_i))"
"D:\GATA_MODULEC_UNIFIED_PROCESS\GATA_ModuleC_pipeline_unified_20260529_110642\01_REPO_COPY\pipeline\moduleC_pipeline_v2.py"	"pipeline\moduleC_pipeline_v2.py"	"1784"	"def _write_warning_inventory"	"ERA5"	"warning_rows.extend(_capture_warning_rows(""gdalinfo"", ""ERA5_INFO"", out_i + ""\n"" + err_i))"
"D:\GATA_MODULEC_UNIFIED_PROCESS\GATA_ModuleC_pipeline_unified_20260529_110642\01_REPO_COPY\pipeline\moduleC_pipeline_v2.py"	"pipeline\moduleC_pipeline_v2.py"	"1784"	"def _write_warning_inventory"	"gdal"	"warning_rows.extend(_capture_warning_rows(""gdalinfo"", ""ERA5_INFO"", out_i + ""\n"" + err_i))"
"D:\GATA_MODULEC_UNIFIED_PROCESS\GATA_ModuleC_pipeline_unified_20260529_110642\01_REPO_COPY\pipeline\moduleC_pipeline_v2.py"	"pipeline\moduleC_pipeline_v2.py"	"1786"	"def _write_warning_inventory"	"era5"	"raise RuntimeError(f""gdalinfo failed for ERA5: rc={rc_i}"")"
"D:\GATA_MODULEC_UNIFIED_PROCESS\GATA_ModuleC_pipeline_unified_20260529_110642\01_REPO_COPY\pipeline\moduleC_pipeline_v2.py"	"pipeline\moduleC_pipeline_v2.py"	"1786"	"def _write_warning_inventory"	"ERA5"	"raise RuntimeError(f""gdalinfo failed for ERA5: rc={rc_i}"")"
"D:\GATA_MODULEC_UNIFIED_PROCESS\GATA_ModuleC_pipeline_unified_20260529_110642\01_REPO_COPY\pipeline\moduleC_pipeline_v2.py"	"pipeline\moduleC_pipeline_v2.py"	"1786"	"def _write_warning_inventory"	"gdal"	"raise RuntimeError(f""gdalinfo failed for ERA5: rc={rc_i}"")"
"D:\GATA_MODULEC_UNIFIED_PROCESS\GATA_ModuleC_pipeline_unified_20260529_110642\01_REPO_COPY\pipeline\moduleC_pipeline_v2.py"	"pipeline\moduleC_pipeline_v2.py"	"1788"	"def _write_warning_inventory"	"grib"	"has_10u = (""10 metre u wind component"" in low_info) or (""grib_element=10u"" in low_info)"
"D:\GATA_MODULEC_UNIFIED_PROCESS\GATA_ModuleC_pipeline_unified_20260529_110642\01_REPO_COPY\pipeline\moduleC_pipeline_v2.py"	"pipeline\moduleC_pipeline_v2.py"	"1788"	"def _write_warning_inventory"	"GRIB"	"has_10u = (""10 metre u wind component"" in low_info) or (""grib_element=10u"" in low_info)"
"D:\GATA_MODULEC_UNIFIED_PROCESS\GATA_ModuleC_pipeline_unified_20260529_110642\01_REPO_COPY\pipeline\moduleC_pipeline_v2.py"	"pipeline\moduleC_pipeline_v2.py"	"1789"	"def _write_warning_inventory"	"grib"	"has_10v = (""10 metre v wind component"" in low_info) or (""grib_element=10v"" in low_info)"
"D:\GATA_MODULEC_UNIFIED_PROCESS\GATA_ModuleC_pipeline_unified_20260529_110642\01_REPO_COPY\pipeline\moduleC_pipeline_v2.py"	"pipeline\moduleC_pipeline_v2.py"	"1789"	"def _write_warning_inventory"	"GRIB"	"has_10v = (""10 metre v wind component"" in low_info) or (""grib_element=10v"" in low_info)"
"D:\GATA_MODULEC_UNIFIED_PROCESS\GATA_ModuleC_pipeline_unified_20260529_110642\01_REPO_COPY\pipeline\moduleC_pipeline_v2.py"	"pipeline\moduleC_pipeline_v2.py"	"1791"	"def _write_warning_inventory"	"era5"	"raise RuntimeError(""ERA5 10U/10V not detected in GDAL probe."")"
"D:\GATA_MODULEC_UNIFIED_PROCESS\GATA_ModuleC_pipeline_unified_20260529_110642\01_REPO_COPY\pipeline\moduleC_pipeline_v2.py"	"pipeline\moduleC_pipeline_v2.py"	"1791"	"def _write_warning_inventory"	"ERA5"	"raise RuntimeError(""ERA5 10U/10V not detected in GDAL probe."")"
"D:\GATA_MODULEC_UNIFIED_PROCESS\GATA_ModuleC_pipeline_unified_20260529_110642\01_REPO_COPY\pipeline\moduleC_pipeline_v2.py"	"pipeline\moduleC_pipeline_v2.py"	"1791"	"def _write_warning_inventory"	"gdal"	"raise RuntimeError(""ERA5 10U/10V not detected in GDAL probe."")"
"D:\GATA_MODULEC_UNIFIED_PROCESS\GATA_ModuleC_pipeline_unified_20260529_110642\01_REPO_COPY\pipeline\moduleC_pipeline_v2.py"	"pipeline\moduleC_pipeline_v2.py"	"1793"	"def _write_warning_inventory"	"era5"	"era5_u_xyz = qa_dir / ""era5_10u_portugal.xyz"""
"D:\GATA_MODULEC_UNIFIED_PROCESS\GATA_ModuleC_pipeline_unified_20260529_110642\01_REPO_COPY\pipeline\moduleC_pipeline_v2.py"	"pipeline\moduleC_pipeline_v2.py"	"1793"	"def _write_warning_inventory"	"ERA5"	"era5_u_xyz = qa_dir / ""era5_10u_portugal.xyz"""
"D:\GATA_MODULEC_UNIFIED_PROCESS\GATA_ModuleC_pipeline_unified_20260529_110642\01_REPO_COPY\pipeline\moduleC_pipeline_v2.py"	"pipeline\moduleC_pipeline_v2.py"	"1794"	"def _write_warning_inventory"	"era5"	"era5_v_xyz = qa_dir / ""era5_10v_portugal.xyz"""
"D:\GATA_MODULEC_UNIFIED_PROCESS\GATA_ModuleC_pipeline_unified_20260529_110642\01_REPO_COPY\pipeline\moduleC_pipeline_v2.py"	"pipeline\moduleC_pipeline_v2.py"	"1794"	"def _write_warning_inventory"	"ERA5"	"era5_v_xyz = qa_dir / ""era5_10v_portugal.xyz"""
"D:\GATA_MODULEC_UNIFIED_PROCESS\GATA_ModuleC_pipeline_unified_20260529_110642\01_REPO_COPY\pipeline\moduleC_pipeline_v2.py"	"pipeline\moduleC_pipeline_v2.py"	"1795"	"def _write_warning_inventory"	"era5"	"rc_u, out_u, err_u = _run_external([gdal_translate, ""-of"", ""XYZ"", ""-b"", ""1"", era5_vsi, str(era5_u_xyz)], timeout_sec=240)"
"D:\GATA_MODULEC_UNIFIED_PROCESS\GATA_ModuleC_pipeline_unified_20260529_110642\01_REPO_COPY\pipeline\moduleC_pipeline_v2.py"	"pipeline\moduleC_pipeline_v2.py"	"1795"	"def _write_warning_inventory"	"ERA5"	"rc_u, out_u, err_u = _run_external([gdal_translate, ""-of"", ""XYZ"", ""-b"", ""1"", era5_vsi, str(era5_u_xyz)], timeout_sec=240)"
"D:\GATA_MODULEC_UNIFIED_PROCESS\GATA_ModuleC_pipeline_unified_20260529_110642\01_REPO_COPY\pipeline\moduleC_pipeline_v2.py"	"pipeline\moduleC_pipeline_v2.py"	"1795"	"def _write_warning_inventory"	"gdal"	"rc_u, out_u, err_u = _run_external([gdal_translate, ""-of"", ""XYZ"", ""-b"", ""1"", era5_vsi, str(era5_u_xyz)], timeout_sec=240)"
"D:\GATA_MODULEC_UNIFIED_PROCESS\GATA_ModuleC_pipeline_unified_20260529_110642\01_REPO_COPY\pipeline\moduleC_pipeline_v2.py"	"pipeline\moduleC_pipeline_v2.py"	"1796"	"def _write_warning_inventory"	"era5"	"warning_rows.extend(_capture_warning_rows(""gdal_translate"", ""ERA5_10U_XYZ"", out_u + ""\n"" + err_u))"
"D:\GATA_MODULEC_UNIFIED_PROCESS\GATA_ModuleC_pipeline_unified_20260529_110642\01_REPO_COPY\pipeline\moduleC_pipeline_v2.py"	"pipeline\moduleC_pipeline_v2.py"	"1796"	"def _write_warning_inventory"	"ERA5"	"warning_rows.extend(_capture_warning_rows(""gdal_translate"", ""ERA5_10U_XYZ"", out_u + ""\n"" + err_u))"
"D:\GATA_MODULEC_UNIFIED_PROCESS\GATA_ModuleC_pipeline_unified_20260529_110642\01_REPO_COPY\pipeline\moduleC_pipeline_v2.py"	"pipeline\moduleC_pipeline_v2.py"	"1796"	"def _write_warning_inventory"	"gdal"	"warning_rows.extend(_capture_warning_rows(""gdal_translate"", ""ERA5_10U_XYZ"", out_u + ""\n"" + err_u))"
"D:\GATA_MODULEC_UNIFIED_PROCESS\GATA_ModuleC_pipeline_unified_20260529_110642\01_REPO_COPY\pipeline\moduleC_pipeline_v2.py"	"pipeline\moduleC_pipeline_v2.py"	"1798"	"def _write_warning_inventory"	"era5"	"raise RuntimeError(f""gdal_translate ERA5 band1 failed rc={rc_u}"")"
"D:\GATA_MODULEC_UNIFIED_PROCESS\GATA_ModuleC_pipeline_unified_20260529_110642\01_REPO_COPY\pipeline\moduleC_pipeline_v2.py"	"pipeline\moduleC_pipeline_v2.py"	"1798"	"def _write_warning_inventory"	"ERA5"	"raise RuntimeError(f""gdal_translate ERA5 band1 failed rc={rc_u}"")"
"D:\GATA_MODULEC_UNIFIED_PROCESS\GATA_ModuleC_pipeline_unified_20260529_110642\01_REPO_COPY\pipeline\moduleC_pipeline_v2.py"	"pipeline\moduleC_pipeline_v2.py"	"1798"	"def _write_warning_inventory"	"gdal"	"raise RuntimeError(f""gdal_translate ERA5 band1 failed rc={rc_u}"")"
"D:\GATA_MODULEC_UNIFIED_PROCESS\GATA_ModuleC_pipeline_unified_20260529_110642\01_REPO_COPY\pipeline\moduleC_pipeline_v2.py"	"pipeline\moduleC_pipeline_v2.py"	"1799"	"def _write_warning_inventory"	"era5"	"rc_v, out_v, err_v = _run_external([gdal_translate, ""-of"", ""XYZ"", ""-b"", ""2"", era5_vsi, str(era5_v_xyz)], timeout_sec=240)"
"D:\GATA_MODULEC_UNIFIED_PROCESS\GATA_ModuleC_pipeline_unified_20260529_110642\01_REPO_COPY\pipeline\moduleC_pipeline_v2.py"	"pipeline\moduleC_pipeline_v2.py"	"1799"	"def _write_warning_inventory"	"ERA5"	"rc_v, out_v, err_v = _run_external([gdal_translate, ""-of"", ""XYZ"", ""-b"", ""2"", era5_vsi, str(era5_v_xyz)], timeout_sec=240)"
"D:\GATA_MODULEC_UNIFIED_PROCESS\GATA_ModuleC_pipeline_unified_20260529_110642\01_REPO_COPY\pipeline\moduleC_pipeline_v2.py"	"pipeline\moduleC_pipeline_v2.py"	"1799"	"def _write_warning_inventory"	"gdal"	"rc_v, out_v, err_v = _run_external([gdal_translate, ""-of"", ""XYZ"", ""-b"", ""2"", era5_vsi, str(era5_v_xyz)], timeout_sec=240)"
"D:\GATA_MODULEC_UNIFIED_PROCESS\GATA_ModuleC_pipeline_unified_20260529_110642\01_REPO_COPY\pipeline\moduleC_pipeline_v2.py"	"pipeline\moduleC_pipeline_v2.py"	"1800"	"def _write_warning_inventory"	"era5"	"warning_rows.extend(_capture_warning_rows(""gdal_translate"", ""ERA5_10V_XYZ"", out_v + ""\n"" + err_v))"
"D:\GATA_MODULEC_UNIFIED_PROCESS\GATA_ModuleC_pipeline_unified_20260529_110642\01_REPO_COPY\pipeline\moduleC_pipeline_v2.py"	"pipeline\moduleC_pipeline_v2.py"	"1800"	"def _write_warning_inventory"	"ERA5"	"warning_rows.extend(_capture_warning_rows(""gdal_translate"", ""ERA5_10V_XYZ"", out_v + ""\n"" + err_v))"
"D:\GATA_MODULEC_UNIFIED_PROCESS\GATA_ModuleC_pipeline_unified_20260529_110642\01_REPO_COPY\pipeline\moduleC_pipeline_v2.py"	"pipeline\moduleC_pipeline_v2.py"	"1800"	"def _write_warning_inventory"	"gdal"	"warning_rows.extend(_capture_warning_rows(""gdal_translate"", ""ERA5_10V_XYZ"", out_v + ""\n"" + err_v))"
"D:\GATA_MODULEC_UNIFIED_PROCESS\GATA_ModuleC_pipeline_unified_20260529_110642\01_REPO_COPY\pipeline\moduleC_pipeline_v2.py"	"pipeline\moduleC_pipeline_v2.py"	"1802"	"def _write_warning_inventory"	"era5"	"raise RuntimeError(f""gdal_translate ERA5 band2 failed rc={rc_v}"")"
"D:\GATA_MODULEC_UNIFIED_PROCESS\GATA_ModuleC_pipeline_unified_20260529_110642\01_REPO_COPY\pipeline\moduleC_pipeline_v2.py"	"pipeline\moduleC_pipeline_v2.py"	"1802"	"def _write_warning_inventory"	"ERA5"	"raise RuntimeError(f""gdal_translate ERA5 band2 failed rc={rc_v}"")"
"D:\GATA_MODULEC_UNIFIED_PROCESS\GATA_ModuleC_pipeline_unified_20260529_110642\01_REPO_COPY\pipeline\moduleC_pipeline_v2.py"	"pipeline\moduleC_pipeline_v2.py"	"1802"	"def _write_warning_inventory"	"gdal"	"raise RuntimeError(f""gdal_translate ERA5 band2 failed rc={rc_v}"")"
"D:\GATA_MODULEC_UNIFIED_PROCESS\GATA_ModuleC_pipeline_unified_20260529_110642\01_REPO_COPY\pipeline\moduleC_pipeline_v2.py"	"pipeline\moduleC_pipeline_v2.py"	"1804"	"def _write_warning_inventory"	"era5"	"u_stats = _parse_xyz_stats(era5_u_xyz)"
"D:\GATA_MODULEC_UNIFIED_PROCESS\GATA_ModuleC_pipeline_unified_20260529_110642\01_REPO_COPY\pipeline\moduleC_pipeline_v2.py"	"pipeline\moduleC_pipeline_v2.py"	"1804"	"def _write_warning_inventory"	"ERA5"	"u_stats = _parse_xyz_stats(era5_u_xyz)"
"D:\GATA_MODULEC_UNIFIED_PROCESS\GATA_ModuleC_pipeline_unified_20260529_110642\01_REPO_COPY\pipeline\moduleC_pipeline_v2.py"	"pipeline\moduleC_pipeline_v2.py"	"1805"	"def _write_warning_inventory"	"era5"	"v_stats = _parse_xyz_stats(era5_v_xyz)"
"D:\GATA_MODULEC_UNIFIED_PROCESS\GATA_ModuleC_pipeline_unified_20260529_110642\01_REPO_COPY\pipeline\moduleC_pipeline_v2.py"	"pipeline\moduleC_pipeline_v2.py"	"1805"	"def _write_warning_inventory"	"ERA5"	"v_stats = _parse_xyz_stats(era5_v_xyz)"
"D:\GATA_MODULEC_UNIFIED_PROCESS\GATA_ModuleC_pipeline_unified_20260529_110642\01_REPO_COPY\pipeline\moduleC_pipeline_v2.py"	"pipeline\moduleC_pipeline_v2.py"	"1806"	"def _write_warning_inventory"	"era5"	"era5_wind_rows: List[List[object]] = []"
"D:\GATA_MODULEC_UNIFIED_PROCESS\GATA_ModuleC_pipeline_unified_20260529_110642\01_REPO_COPY\pipeline\moduleC_pipeline_v2.py"	"pipeline\moduleC_pipeline_v2.py"	"1806"	"def _write_warning_inventory"	"ERA5"	"era5_wind_rows: List[List[object]] = []"
"D:\GATA_MODULEC_UNIFIED_PROCESS\GATA_ModuleC_pipeline_unified_20260529_110642\01_REPO_COPY\pipeline\moduleC_pipeline_v2.py"	"pipeline\moduleC_pipeline_v2.py"	"1808"	"def _write_warning_inventory"	"era5"	"era5_wind_rows.append([""10U"", x, y, v])"
"D:\GATA_MODULEC_UNIFIED_PROCESS\GATA_ModuleC_pipeline_unified_20260529_110642\01_REPO_COPY\pipeline\moduleC_pipeline_v2.py"	"pipeline\moduleC_pipeline_v2.py"	"1808"	"def _write_warning_inventory"	"ERA5"	"era5_wind_rows.append([""10U"", x, y, v])"
"D:\GATA_MODULEC_UNIFIED_PROCESS\GATA_ModuleC_pipeline_unified_20260529_110642\01_REPO_COPY\pipeline\moduleC_pipeline_v2.py"	"pipeline\moduleC_pipeline_v2.py"	"1810"	"def _write_warning_inventory"	"era5"	"era5_wind_rows.append([""10V"", x, y, v])"
"D:\GATA_MODULEC_UNIFIED_PROCESS\GATA_ModuleC_pipeline_unified_20260529_110642\01_REPO_COPY\pipeline\moduleC_pipeline_v2.py"	"pipeline\moduleC_pipeline_v2.py"	"1810"	"def _write_warning_inventory"	"ERA5"	"era5_wind_rows.append([""10V"", x, y, v])"
"D:\GATA_MODULEC_UNIFIED_PROCESS\GATA_ModuleC_pipeline_unified_20260529_110642\01_REPO_COPY\pipeline\moduleC_pipeline_v2.py"	"pipeline\moduleC_pipeline_v2.py"	"1812"	"def _write_warning_inventory"	"era5"	"qa_dir / ""era5_wind_portugal_xyz.csv"","
"D:\GATA_MODULEC_UNIFIED_PROCESS\GATA_ModuleC_pipeline_unified_20260529_110642\01_REPO_COPY\pipeline\moduleC_pipeline_v2.py"	"pipeline\moduleC_pipeline_v2.py"	"1812"	"def _write_warning_inventory"	"ERA5"	"qa_dir / ""era5_wind_portugal_xyz.csv"","
"D:\GATA_MODULEC_UNIFIED_PROCESS\GATA_ModuleC_pipeline_unified_20260529_110642\01_REPO_COPY\pipeline\moduleC_pipeline_v2.py"	"pipeline\moduleC_pipeline_v2.py"	"1814"	"def _write_warning_inventory"	"era5"	"era5_wind_rows,"
"D:\GATA_MODULEC_UNIFIED_PROCESS\GATA_ModuleC_pipeline_unified_20260529_110642\01_REPO_COPY\pipeline\moduleC_pipeline_v2.py"	"pipeline\moduleC_pipeline_v2.py"	"1814"	"def _write_warning_inventory"	"ERA5"	"era5_wind_rows,"
"D:\GATA_MODULEC_UNIFIED_PROCESS\GATA_ModuleC_pipeline_unified_20260529_110642\01_REPO_COPY\pipeline\moduleC_pipeline_v2.py"	"pipeline\moduleC_pipeline_v2.py"	"1818"	"def _write_warning_inventory"	"era5"	"qa_dir / ""era5_10u10v_inventory.tsv"","
"D:\GATA_MODULEC_UNIFIED_PROCESS\GATA_ModuleC_pipeline_unified_20260529_110642\01_REPO_COPY\pipeline\moduleC_pipeline_v2.py"	"pipeline\moduleC_pipeline_v2.py"	"1818"	"def _write_warning_inventory"	"ERA5"	"qa_dir / ""era5_10u10v_inventory.tsv"","
"D:\GATA_MODULEC_UNIFIED_PROCESS\GATA_ModuleC_pipeline_unified_20260529_110642\01_REPO_COPY\pipeline\moduleC_pipeline_v2.py"	"pipeline\moduleC_pipeline_v2.py"	"1821"	"def _write_warning_inventory"	"era5"	"[""era5_zip_path"", str(era5_zip), ""PASS"", """"],"
"D:\GATA_MODULEC_UNIFIED_PROCESS\GATA_ModuleC_pipeline_unified_20260529_110642\01_REPO_COPY\pipeline\moduleC_pipeline_v2.py"	"pipeline\moduleC_pipeline_v2.py"	"1821"	"def _write_warning_inventory"	"ERA5"	"[""era5_zip_path"", str(era5_zip), ""PASS"", """"],"
"D:\GATA_MODULEC_UNIFIED_PROCESS\GATA_ModuleC_pipeline_unified_20260529_110642\01_REPO_COPY\pipeline\moduleC_pipeline_v2.py"	"pipeline\moduleC_pipeline_v2.py"	"1822"	"def _write_warning_inventory"	"era5"	"[""era5_has_10u"", 1 if has_10u else 0, ""PASS"" if has_10u else ""BLOCKED"", """"],"
"D:\GATA_MODULEC_UNIFIED_PROCESS\GATA_ModuleC_pipeline_unified_20260529_110642\01_REPO_COPY\pipeline\moduleC_pipeline_v2.py"	"pipeline\moduleC_pipeline_v2.py"	"1822"	"def _write_warning_inventory"	"ERA5"	"[""era5_has_10u"", 1 if has_10u else 0, ""PASS"" if has_10u else ""BLOCKED"", """"],"
"D:\GATA_MODULEC_UNIFIED_PROCESS\GATA_ModuleC_pipeline_unified_20260529_110642\01_REPO_COPY\pipeline\moduleC_pipeline_v2.py"	"pipeline\moduleC_pipeline_v2.py"	"1823"	"def _write_warning_inventory"	"era5"	"[""era5_has_10v"", 1 if has_10v else 0, ""PASS"" if has_10v else ""BLOCKED"", """"],"
"D:\GATA_MODULEC_UNIFIED_PROCESS\GATA_ModuleC_pipeline_unified_20260529_110642\01_REPO_COPY\pipeline\moduleC_pipeline_v2.py"	"pipeline\moduleC_pipeline_v2.py"	"1823"	"def _write_warning_inventory"	"ERA5"	"[""era5_has_10v"", 1 if has_10v else 0, ""PASS"" if has_10v else ""BLOCKED"", """"],"
"D:\GATA_MODULEC_UNIFIED_PROCESS\GATA_ModuleC_pipeline_unified_20260529_110642\01_REPO_COPY\pipeline\moduleC_pipeline_v2.py"	"pipeline\moduleC_pipeline_v2.py"	"1824"	"def _write_warning_inventory"	"era5"	"[""era5_10u_rows"", int(u_stats.get(""rows"", 0)), ""PASS"" if int(u_stats.get(""rows"", 0)) > 0 else ""BLOCKED"", """"],"
"D:\GATA_MODULEC_UNIFIED_PROCESS\GATA_ModuleC_pipeline_unified_20260529_110642\01_REPO_COPY\pipeline\moduleC_pipeline_v2.py"	"pipeline\moduleC_pipeline_v2.py"	"1824"	"def _write_warning_inventory"	"ERA5"	"[""era5_10u_rows"", int(u_stats.get(""rows"", 0)), ""PASS"" if int(u_stats.get(""rows"", 0)) > 0 else ""BLOCKED"", """"],"
"D:\GATA_MODULEC_UNIFIED_PROCESS\GATA_ModuleC_pipeline_unified_20260529_110642\01_REPO_COPY\pipeline\moduleC_pipeline_v2.py"	"pipeline\moduleC_pipeline_v2.py"	"1825"	"def _write_warning_inventory"	"era5"	"[""era5_10v_rows"", int(v_stats.get(""rows"", 0)), ""PASS"" if int(v_stats.get(""rows"", 0)) > 0 else ""BLOCKED"", """"],"
"D:\GATA_MODULEC_UNIFIED_PROCESS\GATA_ModuleC_pipeline_unified_20260529_110642\01_REPO_COPY\pipeline\moduleC_pipeline_v2.py"	"pipeline\moduleC_pipeline_v2.py"	"1825"	"def _write_warning_inventory"	"ERA5"	"[""era5_10v_rows"", int(v_stats.get(""rows"", 0)), ""PASS"" if int(v_stats.get(""rows"", 0)) > 0 else ""BLOCKED"", """"],"
"D:\GATA_MODULEC_UNIFIED_PROCESS\GATA_ModuleC_pipeline_unified_20260529_110642\01_REPO_COPY\pipeline\moduleC_pipeline_v2.py"	"pipeline\moduleC_pipeline_v2.py"	"1826"	"def _write_warning_inventory"	"era5"	"[""era5_10u_nonzero"", int(u_stats.get(""nonzero"", 0)), ""PASS"" if int(u_stats.get(""nonzero"", 0)) > 0 else ""BLOCKED"", """"],"
"D:\GATA_MODULEC_UNIFIED_PROCESS\GATA_ModuleC_pipeline_unified_20260529_110642\01_REPO_COPY\pipeline\moduleC_pipeline_v2.py"	"pipeline\moduleC_pipeline_v2.py"	"1826"	"def _write_warning_inventory"	"ERA5"	"[""era5_10u_nonzero"", int(u_stats.get(""nonzero"", 0)), ""PASS"" if int(u_stats.get(""nonzero"", 0)) > 0 else ""BLOCKED"", """"],"
"D:\GATA_MODULEC_UNIFIED_PROCESS\GATA_ModuleC_pipeline_unified_20260529_110642\01_REPO_COPY\pipeline\moduleC_pipeline_v2.py"	"pipeline\moduleC_pipeline_v2.py"	"1827"	"def _write_warning_inventory"	"era5"	"[""era5_10v_nonzero"", int(v_stats.get(""nonzero"", 0)), ""PASS"" if int(v_stats.get(""nonzero"", 0)) > 0 else ""BLOCKED"", """"],"
"D:\GATA_MODULEC_UNIFIED_PROCESS\GATA_ModuleC_pipeline_unified_20260529_110642\01_REPO_COPY\pipeline\moduleC_pipeline_v2.py"	"pipeline\moduleC_pipeline_v2.py"	"1827"	"def _write_warning_inventory"	"ERA5"	"[""era5_10v_nonzero"", int(v_stats.get(""nonzero"", 0)), ""PASS"" if int(v_stats.get(""nonzero"", 0)) > 0 else ""BLOCKED"", """"],"
"D:\GATA_MODULEC_UNIFIED_PROCESS\GATA_ModuleC_pipeline_unified_20260529_110642\01_REPO_COPY\pipeline\moduleC_pipeline_v2.py"	"pipeline\moduleC_pipeline_v2.py"	"1833"	"def _write_warning_inventory"	"smoke_route_v0_audit"	"qa_dir / ""smoke_route_v0_audit.tsv"","
"D:\GATA_MODULEC_UNIFIED_PROCESS\GATA_ModuleC_pipeline_unified_20260529_110642\01_REPO_COPY\pipeline\moduleC_pipeline_v2.py"	"pipeline\moduleC_pipeline_v2.py"	"1835"	"def _write_warning_inventory"	"smoke_route_v0_audit"	"_smoke_route_v0_audit_rows(unexplained_count, failed=False, detail=""""),"
"D:\GATA_MODULEC_UNIFIED_PROCESS\GATA_ModuleC_pipeline_unified_20260529_110642\01_REPO_COPY\pipeline\moduleC_pipeline_v2.py"	"pipeline\moduleC_pipeline_v2.py"	"1842"	"def _write_warning_inventory"	"gfas"	"result[""spatial_scope""] = ""GFAS_PM2P5FIRE_PORTUGAL_GLOBAL_DAILY_MAX"""
"D:\GATA_MODULEC_UNIFIED_PROCESS\GATA_ModuleC_pipeline_unified_20260529_110642\01_REPO_COPY\pipeline\moduleC_pipeline_v2.py"	"pipeline\moduleC_pipeline_v2.py"	"1842"	"def _write_warning_inventory"	"GFAS"	"result[""spatial_scope""] = ""GFAS_PM2P5FIRE_PORTUGAL_GLOBAL_DAILY_MAX"""
"D:\GATA_MODULEC_UNIFIED_PROCESS\GATA_ModuleC_pipeline_unified_20260529_110642\01_REPO_COPY\pipeline\moduleC_pipeline_v2.py"	"pipeline\moduleC_pipeline_v2.py"	"1844"	"def _write_warning_inventory"	"gfas"	"result[""reason""] = ""GFAS/ERA5 GDAL-only decoder probe produced PM2P5FIRE + ERA5 artifacts."""
"D:\GATA_MODULEC_UNIFIED_PROCESS\GATA_ModuleC_pipeline_unified_20260529_110642\01_REPO_COPY\pipeline\moduleC_pipeline_v2.py"	"pipeline\moduleC_pipeline_v2.py"	"1844"	"def _write_warning_inventory"	"GFAS"	"result[""reason""] = ""GFAS/ERA5 GDAL-only decoder probe produced PM2P5FIRE + ERA5 artifacts."""
"D:\GATA_MODULEC_UNIFIED_PROCESS\GATA_ModuleC_pipeline_unified_20260529_110642\01_REPO_COPY\pipeline\moduleC_pipeline_v2.py"	"pipeline\moduleC_pipeline_v2.py"	"1844"	"def _write_warning_inventory"	"era5"	"result[""reason""] = ""GFAS/ERA5 GDAL-only decoder probe produced PM2P5FIRE + ERA5 artifacts."""
"D:\GATA_MODULEC_UNIFIED_PROCESS\GATA_ModuleC_pipeline_unified_20260529_110642\01_REPO_COPY\pipeline\moduleC_pipeline_v2.py"	"pipeline\moduleC_pipeline_v2.py"	"1844"	"def _write_warning_inventory"	"ERA5"	"result[""reason""] = ""GFAS/ERA5 GDAL-only decoder probe produced PM2P5FIRE + ERA5 artifacts."""
"D:\GATA_MODULEC_UNIFIED_PROCESS\GATA_ModuleC_pipeline_unified_20260529_110642\01_REPO_COPY\pipeline\moduleC_pipeline_v2.py"	"pipeline\moduleC_pipeline_v2.py"	"1844"	"def _write_warning_inventory"	"gdal"	"result[""reason""] = ""GFAS/ERA5 GDAL-only decoder probe produced PM2P5FIRE + ERA5 artifacts."""
"D:\GATA_MODULEC_UNIFIED_PROCESS\GATA_ModuleC_pipeline_unified_20260529_110642\01_REPO_COPY\pipeline\moduleC_pipeline_v2.py"	"pipeline\moduleC_pipeline_v2.py"	"1846"	"def _write_warning_inventory"	"gfas"	"""GFAS/ERA5 decoder probe complete: """
"D:\GATA_MODULEC_UNIFIED_PROCESS\GATA_ModuleC_pipeline_unified_20260529_110642\01_REPO_COPY\pipeline\moduleC_pipeline_v2.py"	"pipeline\moduleC_pipeline_v2.py"	"1846"	"def _write_warning_inventory"	"GFAS"	"""GFAS/ERA5 decoder probe complete: """
"D:\GATA_MODULEC_UNIFIED_PROCESS\GATA_ModuleC_pipeline_unified_20260529_110642\01_REPO_COPY\pipeline\moduleC_pipeline_v2.py"	"pipeline\moduleC_pipeline_v2.py"	"1846"	"def _write_warning_inventory"	"era5"	"""GFAS/ERA5 decoder probe complete: """
"D:\GATA_MODULEC_UNIFIED_PROCESS\GATA_ModuleC_pipeline_unified_20260529_110642\01_REPO_COPY\pipeline\moduleC_pipeline_v2.py"	"pipeline\moduleC_pipeline_v2.py"	"1846"	"def _write_warning_inventory"	"ERA5"	"""GFAS/ERA5 decoder probe complete: """
"D:\GATA_MODULEC_UNIFIED_PROCESS\GATA_ModuleC_pipeline_unified_20260529_110642\01_REPO_COPY\pipeline\moduleC_pipeline_v2.py"	"pipeline\moduleC_pipeline_v2.py"	"1855"	"def _write_warning_inventory"	"gfas"	"""GFAS_ERA5_DECODER"","
"D:\GATA_MODULEC_UNIFIED_PROCESS\GATA_ModuleC_pipeline_unified_20260529_110642\01_REPO_COPY\pipeline\moduleC_pipeline_v2.py"	"pipeline\moduleC_pipeline_v2.py"	"1855"	"def _write_warning_inventory"	"GFAS"	"""GFAS_ERA5_DECODER"","
"D:\GATA_MODULEC_UNIFIED_PROCESS\GATA_ModuleC_pipeline_unified_20260529_110642\01_REPO_COPY\pipeline\moduleC_pipeline_v2.py"	"pipeline\moduleC_pipeline_v2.py"	"1855"	"def _write_warning_inventory"	"era5"	"""GFAS_ERA5_DECODER"","
"D:\GATA_MODULEC_UNIFIED_PROCESS\GATA_ModuleC_pipeline_unified_20260529_110642\01_REPO_COPY\pipeline\moduleC_pipeline_v2.py"	"pipeline\moduleC_pipeline_v2.py"	"1855"	"def _write_warning_inventory"	"ERA5"	"""GFAS_ERA5_DECODER"","
"D:\GATA_MODULEC_UNIFIED_PROCESS\GATA_ModuleC_pipeline_unified_20260529_110642\01_REPO_COPY\pipeline\moduleC_pipeline_v2.py"	"pipeline\moduleC_pipeline_v2.py"	"1865"	"def _write_warning_inventory"	"smoke_route_v0_audit"	"qa_dir / ""smoke_route_v0_audit.tsv"","
"D:\GATA_MODULEC_UNIFIED_PROCESS\GATA_ModuleC_pipeline_unified_20260529_110642\01_REPO_COPY\pipeline\moduleC_pipeline_v2.py"	"pipeline\moduleC_pipeline_v2.py"	"1867"	"def _write_warning_inventory"	"smoke_route_v0_audit"	"_smoke_route_v0_audit_rows(1, failed=True, detail=str(exc)),"
"D:\GATA_MODULEC_UNIFIED_PROCESS\GATA_ModuleC_pipeline_unified_20260529_110642\01_REPO_COPY\pipeline\moduleC_pipeline_v2.py"	"pipeline\moduleC_pipeline_v2.py"	"1869"	"def _write_warning_inventory"	"gfas"	"report.log(f""GFAS/ERA5 decoder probe blocked: {exc}"")"
"D:\GATA_MODULEC_UNIFIED_PROCESS\GATA_ModuleC_pipeline_unified_20260529_110642\01_REPO_COPY\pipeline\moduleC_pipeline_v2.py"	"pipeline\moduleC_pipeline_v2.py"	"1869"	"def _write_warning_inventory"	"GFAS"	"report.log(f""GFAS/ERA5 decoder probe blocked: {exc}"")"
"D:\GATA_MODULEC_UNIFIED_PROCESS\GATA_ModuleC_pipeline_unified_20260529_110642\01_REPO_COPY\pipeline\moduleC_pipeline_v2.py"	"pipeline\moduleC_pipeline_v2.py"	"1869"	"def _write_warning_inventory"	"era5"	"report.log(f""GFAS/ERA5 decoder probe blocked: {exc}"")"
"D:\GATA_MODULEC_UNIFIED_PROCESS\GATA_ModuleC_pipeline_unified_20260529_110642\01_REPO_COPY\pipeline\moduleC_pipeline_v2.py"	"pipeline\moduleC_pipeline_v2.py"	"1869"	"def _write_warning_inventory"	"ERA5"	"report.log(f""GFAS/ERA5 decoder probe blocked: {exc}"")"
"D:\GATA_MODULEC_UNIFIED_PROCESS\GATA_ModuleC_pipeline_unified_20260529_110642\01_REPO_COPY\pipeline\moduleC_pipeline_v2.py"	"pipeline\moduleC_pipeline_v2.py"	"1899"	"def smoke_prepare"	"parquet"	"elif route_selected in (""v0_parquet_proxy_degraded"", ""BLOCKED_DECODER_REQUIRED""):"
"D:\GATA_MODULEC_UNIFIED_PROCESS\GATA_ModuleC_pipeline_unified_20260529_110642\01_REPO_COPY\pipeline\moduleC_pipeline_v2.py"	"pipeline\moduleC_pipeline_v2.py"	"1904"	"def smoke_prepare"	"parquet"	"report.log(""BLOCKED_DECODER_REQUIRED: using v0_parquet_proxy_degraded for diagnostic output only."")"
"D:\GATA_MODULEC_UNIFIED_PROCESS\GATA_ModuleC_pipeline_unified_20260529_110642\01_REPO_COPY\pipeline\moduleC_pipeline_v2.py"	"pipeline\moduleC_pipeline_v2.py"	"1905"	"def smoke_prepare"	"v0_gfas_era5_real"	"elif route_selected == ""v0_gfas_era5_real"":"
"D:\GATA_MODULEC_UNIFIED_PROCESS\GATA_ModuleC_pipeline_unified_20260529_110642\01_REPO_COPY\pipeline\moduleC_pipeline_v2.py"	"pipeline\moduleC_pipeline_v2.py"	"1905"	"def smoke_prepare"	"gfas"	"elif route_selected == ""v0_gfas_era5_real"":"
"D:\GATA_MODULEC_UNIFIED_PROCESS\GATA_ModuleC_pipeline_unified_20260529_110642\01_REPO_COPY\pipeline\moduleC_pipeline_v2.py"	"pipeline\moduleC_pipeline_v2.py"	"1905"	"def smoke_prepare"	"GFAS"	"elif route_selected == ""v0_gfas_era5_real"":"
"D:\GATA_MODULEC_UNIFIED_PROCESS\GATA_ModuleC_pipeline_unified_20260529_110642\01_REPO_COPY\pipeline\moduleC_pipeline_v2.py"	"pipeline\moduleC_pipeline_v2.py"	"1905"	"def smoke_prepare"	"era5"	"elif route_selected == ""v0_gfas_era5_real"":"
"D:\GATA_MODULEC_UNIFIED_PROCESS\GATA_ModuleC_pipeline_unified_20260529_110642\01_REPO_COPY\pipeline\moduleC_pipeline_v2.py"	"pipeline\moduleC_pipeline_v2.py"	"1905"	"def smoke_prepare"	"ERA5"	"elif route_selected == ""v0_gfas_era5_real"":"
"D:\GATA_MODULEC_UNIFIED_PROCESS\GATA_ModuleC_pipeline_unified_20260529_110642\01_REPO_COPY\pipeline\moduleC_pipeline_v2.py"	"pipeline\moduleC_pipeline_v2.py"	"1908"	"def smoke_prepare"	"v0_gfas_era5_real"	"report.fail(""v0_gfas_era5_real selected but decoder payload is unavailable."")"
"D:\GATA_MODULEC_UNIFIED_PROCESS\GATA_ModuleC_pipeline_unified_20260529_110642\01_REPO_COPY\pipeline\moduleC_pipeline_v2.py"	"pipeline\moduleC_pipeline_v2.py"	"1908"	"def smoke_prepare"	"gfas"	"report.fail(""v0_gfas_era5_real selected but decoder payload is unavailable."")"
"D:\GATA_MODULEC_UNIFIED_PROCESS\GATA_ModuleC_pipeline_unified_20260529_110642\01_REPO_COPY\pipeline\moduleC_pipeline_v2.py"	"pipeline\moduleC_pipeline_v2.py"	"1908"	"def smoke_prepare"	"GFAS"	"report.fail(""v0_gfas_era5_real selected but decoder payload is unavailable."")"
"D:\GATA_MODULEC_UNIFIED_PROCESS\GATA_ModuleC_pipeline_unified_20260529_110642\01_REPO_COPY\pipeline\moduleC_pipeline_v2.py"	"pipeline\moduleC_pipeline_v2.py"	"1908"	"def smoke_prepare"	"era5"	"report.fail(""v0_gfas_era5_real selected but decoder payload is unavailable."")"
"D:\GATA_MODULEC_UNIFIED_PROCESS\GATA_ModuleC_pipeline_unified_20260529_110642\01_REPO_COPY\pipeline\moduleC_pipeline_v2.py"	"pipeline\moduleC_pipeline_v2.py"	"1908"	"def smoke_prepare"	"ERA5"	"report.fail(""v0_gfas_era5_real selected but decoder payload is unavailable."")"
"D:\GATA_MODULEC_UNIFIED_PROCESS\GATA_ModuleC_pipeline_unified_20260529_110642\01_REPO_COPY\pipeline\moduleC_pipeline_v2.py"	"pipeline\moduleC_pipeline_v2.py"	"1914"	"def smoke_prepare"	"v0_gfas_era5_real"	"report.fail(""v0_gfas_era5_real selected but by_year decoder output is empty."")"
"D:\GATA_MODULEC_UNIFIED_PROCESS\GATA_ModuleC_pipeline_unified_20260529_110642\01_REPO_COPY\pipeline\moduleC_pipeline_v2.py"	"pipeline\moduleC_pipeline_v2.py"	"1914"	"def smoke_prepare"	"gfas"	"report.fail(""v0_gfas_era5_real selected but by_year decoder output is empty."")"
"D:\GATA_MODULEC_UNIFIED_PROCESS\GATA_ModuleC_pipeline_unified_20260529_110642\01_REPO_COPY\pipeline\moduleC_pipeline_v2.py"	"pipeline\moduleC_pipeline_v2.py"	"1914"	"def smoke_prepare"	"GFAS"	"report.fail(""v0_gfas_era5_real selected but by_year decoder output is empty."")"
"D:\GATA_MODULEC_UNIFIED_PROCESS\GATA_ModuleC_pipeline_unified_20260529_110642\01_REPO_COPY\pipeline\moduleC_pipeline_v2.py"	"pipeline\moduleC_pipeline_v2.py"	"1914"	"def smoke_prepare"	"era5"	"report.fail(""v0_gfas_era5_real selected but by_year decoder output is empty."")"
"D:\GATA_MODULEC_UNIFIED_PROCESS\GATA_ModuleC_pipeline_unified_20260529_110642\01_REPO_COPY\pipeline\moduleC_pipeline_v2.py"	"pipeline\moduleC_pipeline_v2.py"	"1914"	"def smoke_prepare"	"ERA5"	"report.fail(""v0_gfas_era5_real selected but by_year decoder output is empty."")"
"D:\GATA_MODULEC_UNIFIED_PROCESS\GATA_ModuleC_pipeline_unified_20260529_110642\01_REPO_COPY\pipeline\moduleC_pipeline_v2.py"	"pipeline\moduleC_pipeline_v2.py"	"1919"	"def smoke_prepare"	"2024"	"admin = QgsVectorLayer(str(admin_layer_path) + ""|layername=admin_nuts3_2024"", ""admin"", ""ogr"")"
"D:\GATA_MODULEC_UNIFIED_PROCESS\GATA_ModuleC_pipeline_unified_20260529_110642\01_REPO_COPY\pipeline\moduleC_pipeline_v2.py"	"pipeline\moduleC_pipeline_v2.py"	"1929"	"def smoke_prepare"	"v0_gfas_era5_real"	"if route_selected == ""v0_gfas_era5_real"" and global_replicated_assignment and decoder_payload:"
"D:\GATA_MODULEC_UNIFIED_PROCESS\GATA_ModuleC_pipeline_unified_20260529_110642\01_REPO_COPY\pipeline\moduleC_pipeline_v2.py"	"pipeline\moduleC_pipeline_v2.py"	"1929"	"def smoke_prepare"	"gfas"	"if route_selected == ""v0_gfas_era5_real"" and global_replicated_assignment and decoder_payload:"
"D:\GATA_MODULEC_UNIFIED_PROCESS\GATA_ModuleC_pipeline_unified_20260529_110642\01_REPO_COPY\pipeline\moduleC_pipeline_v2.py"	"pipeline\moduleC_pipeline_v2.py"	"1929"	"def smoke_prepare"	"GFAS"	"if route_selected == ""v0_gfas_era5_real"" and global_replicated_assignment and decoder_payload:"
"D:\GATA_MODULEC_UNIFIED_PROCESS\GATA_ModuleC_pipeline_unified_20260529_110642\01_REPO_COPY\pipeline\moduleC_pipeline_v2.py"	"pipeline\moduleC_pipeline_v2.py"	"1929"	"def smoke_prepare"	"era5"	"if route_selected == ""v0_gfas_era5_real"" and global_replicated_assignment and decoder_payload:"
"D:\GATA_MODULEC_UNIFIED_PROCESS\GATA_ModuleC_pipeline_unified_20260529_110642\01_REPO_COPY\pipeline\moduleC_pipeline_v2.py"	"pipeline\moduleC_pipeline_v2.py"	"1929"	"def smoke_prepare"	"ERA5"	"if route_selected == ""v0_gfas_era5_real"" and global_replicated_assignment and decoder_payload:"
"D:\GATA_MODULEC_UNIFIED_PROCESS\GATA_ModuleC_pipeline_unified_20260529_110642\01_REPO_COPY\pipeline\moduleC_pipeline_v2.py"	"pipeline\moduleC_pipeline_v2.py"	"1936"	"def smoke_prepare"	"gfas"	"vals_u, meth_u = _fill_smoke_year_series_relaxed(anchors, ""gfas_pm2p5fire_gdal_unit"")"
"D:\GATA_MODULEC_UNIFIED_PROCESS\GATA_ModuleC_pipeline_unified_20260529_110642\01_REPO_COPY\pipeline\moduleC_pipeline_v2.py"	"pipeline\moduleC_pipeline_v2.py"	"1936"	"def smoke_prepare"	"GFAS"	"vals_u, meth_u = _fill_smoke_year_series_relaxed(anchors, ""gfas_pm2p5fire_gdal_unit"")"
"D:\GATA_MODULEC_UNIFIED_PROCESS\GATA_ModuleC_pipeline_unified_20260529_110642\01_REPO_COPY\pipeline\moduleC_pipeline_v2.py"	"pipeline\moduleC_pipeline_v2.py"	"1936"	"def smoke_prepare"	"gdal"	"vals_u, meth_u = _fill_smoke_year_series_relaxed(anchors, ""gfas_pm2p5fire_gdal_unit"")"
"D:\GATA_MODULEC_UNIFIED_PROCESS\GATA_ModuleC_pipeline_unified_20260529_110642\01_REPO_COPY\pipeline\moduleC_pipeline_v2.py"	"pipeline\moduleC_pipeline_v2.py"	"1956"	"def smoke_prepare"	"gfas"	"unit_assignment = ""UNIT_ZONAL_MAX_FROM_GFAS_XYZ_ANCHORS"""
"D:\GATA_MODULEC_UNIFIED_PROCESS\GATA_ModuleC_pipeline_unified_20260529_110642\01_REPO_COPY\pipeline\moduleC_pipeline_v2.py"	"pipeline\moduleC_pipeline_v2.py"	"1956"	"def smoke_prepare"	"GFAS"	"unit_assignment = ""UNIT_ZONAL_MAX_FROM_GFAS_XYZ_ANCHORS"""
"D:\GATA_MODULEC_UNIFIED_PROCESS\GATA_ModuleC_pipeline_unified_20260529_110642\01_REPO_COPY\pipeline\moduleC_pipeline_v2.py"	"pipeline\moduleC_pipeline_v2.py"	"1957"	"def smoke_prepare"	"gfas"	"report.log(""GFAS smoke route upgraded to unit-level zonal anchors from XYZ."")"
"D:\GATA_MODULEC_UNIFIED_PROCESS\GATA_ModuleC_pipeline_unified_20260529_110642\01_REPO_COPY\pipeline\moduleC_pipeline_v2.py"	"pipeline\moduleC_pipeline_v2.py"	"1957"	"def smoke_prepare"	"GFAS"	"report.log(""GFAS smoke route upgraded to unit-level zonal anchors from XYZ."")"
"D:\GATA_MODULEC_UNIFIED_PROCESS\GATA_ModuleC_pipeline_unified_20260529_110642\01_REPO_COPY\pipeline\moduleC_pipeline_v2.py"	"pipeline\moduleC_pipeline_v2.py"	"1959"	"def smoke_prepare"	"gfas"	"report.log(""GFAS XYZ unit anchors available but no spatial spread detected; keeping global replication."")"
"D:\GATA_MODULEC_UNIFIED_PROCESS\GATA_ModuleC_pipeline_unified_20260529_110642\01_REPO_COPY\pipeline\moduleC_pipeline_v2.py"	"pipeline\moduleC_pipeline_v2.py"	"1959"	"def smoke_prepare"	"GFAS"	"report.log(""GFAS XYZ unit anchors available but no spatial spread detected; keeping global replication."")"
"D:\GATA_MODULEC_UNIFIED_PROCESS\GATA_ModuleC_pipeline_unified_20260529_110642\01_REPO_COPY\pipeline\moduleC_pipeline_v2.py"	"pipeline\moduleC_pipeline_v2.py"	"1961"	"def smoke_prepare"	"smoke_days_unit_2015_2024"	"out_path = tables_dir / ""smoke_days_unit_2015_2024.csv"""
"D:\GATA_MODULEC_UNIFIED_PROCESS\GATA_ModuleC_pipeline_unified_20260529_110642\01_REPO_COPY\pipeline\moduleC_pipeline_v2.py"	"pipeline\moduleC_pipeline_v2.py"	"1961"	"def smoke_prepare"	"2024"	"out_path = tables_dir / ""smoke_days_unit_2015_2024.csv"""
"D:\GATA_MODULEC_UNIFIED_PROCESS\GATA_ModuleC_pipeline_unified_20260529_110642\01_REPO_COPY\pipeline\moduleC_pipeline_v2.py"	"pipeline\moduleC_pipeline_v2.py"	"1969"	"def smoke_prepare"	"gfas"	"smoke_method = unit_year_methods.get(uid, {}).get(y, ""gfas_pm2p5fire_gdal_unit_unknown"")"
"D:\GATA_MODULEC_UNIFIED_PROCESS\GATA_ModuleC_pipeline_unified_20260529_110642\01_REPO_COPY\pipeline\moduleC_pipeline_v2.py"	"pipeline\moduleC_pipeline_v2.py"	"1969"	"def smoke_prepare"	"GFAS"	"smoke_method = unit_year_methods.get(uid, {}).get(y, ""gfas_pm2p5fire_gdal_unit_unknown"")"
"D:\GATA_MODULEC_UNIFIED_PROCESS\GATA_ModuleC_pipeline_unified_20260529_110642\01_REPO_COPY\pipeline\moduleC_pipeline_v2.py"	"pipeline\moduleC_pipeline_v2.py"	"1969"	"def smoke_prepare"	"gdal"	"smoke_method = unit_year_methods.get(uid, {}).get(y, ""gfas_pm2p5fire_gdal_unit_unknown"")"
"D:\GATA_MODULEC_UNIFIED_PROCESS\GATA_ModuleC_pipeline_unified_20260529_110642\01_REPO_COPY\pipeline\moduleC_pipeline_v2.py"	"pipeline\moduleC_pipeline_v2.py"	"1972"	"def smoke_prepare"	"parquet"	"smoke_method = by_year_method.get(y, ""primary_parquet_unknown"")"
"D:\GATA_MODULEC_UNIFIED_PROCESS\GATA_ModuleC_pipeline_unified_20260529_110642\01_REPO_COPY\pipeline\moduleC_pipeline_v2.py"	"pipeline\moduleC_pipeline_v2.py"	"1975"	"def smoke_prepare"	"v0_gfas_era5_real"	"if route_selected == ""v0_gfas_era5_real"" and global_replicated_assignment:"
"D:\GATA_MODULEC_UNIFIED_PROCESS\GATA_ModuleC_pipeline_unified_20260529_110642\01_REPO_COPY\pipeline\moduleC_pipeline_v2.py"	"pipeline\moduleC_pipeline_v2.py"	"1975"	"def smoke_prepare"	"gfas"	"if route_selected == ""v0_gfas_era5_real"" and global_replicated_assignment:"
"D:\GATA_MODULEC_UNIFIED_PROCESS\GATA_ModuleC_pipeline_unified_20260529_110642\01_REPO_COPY\pipeline\moduleC_pipeline_v2.py"	"pipeline\moduleC_pipeline_v2.py"	"1975"	"def smoke_prepare"	"GFAS"	"if route_selected == ""v0_gfas_era5_real"" and global_replicated_assignment:"
"D:\GATA_MODULEC_UNIFIED_PROCESS\GATA_ModuleC_pipeline_unified_20260529_110642\01_REPO_COPY\pipeline\moduleC_pipeline_v2.py"	"pipeline\moduleC_pipeline_v2.py"	"1975"	"def smoke_prepare"	"era5"	"if route_selected == ""v0_gfas_era5_real"" and global_replicated_assignment:"
"D:\GATA_MODULEC_UNIFIED_PROCESS\GATA_ModuleC_pipeline_unified_20260529_110642\01_REPO_COPY\pipeline\moduleC_pipeline_v2.py"	"pipeline\moduleC_pipeline_v2.py"	"1975"	"def smoke_prepare"	"ERA5"	"if route_selected == ""v0_gfas_era5_real"" and global_replicated_assignment:"
"D:\GATA_MODULEC_UNIFIED_PROCESS\GATA_ModuleC_pipeline_unified_20260529_110642\01_REPO_COPY\pipeline\moduleC_pipeline_v2.py"	"pipeline\moduleC_pipeline_v2.py"	"1982"	"def smoke_prepare"	"smoke_missing_flag"	"[""unit_id"", ""year"", ""smoke_days"", ""smoke_score_mean"", ""smoke_score_p80"", ""smoke_method"", ""smoke_missing_flag""],"
"D:\GATA_MODULEC_UNIFIED_PROCESS\GATA_ModuleC_pipeline_unified_20260529_110642\01_REPO_COPY\pipeline\moduleC_pipeline_v2.py"	"pipeline\moduleC_pipeline_v2.py"	"1982"	"def smoke_prepare"	"smoke_score_mean"	"[""unit_id"", ""year"", ""smoke_days"", ""smoke_score_mean"", ""smoke_score_p80"", ""smoke_method"", ""smoke_missing_flag""],"
"D:\GATA_MODULEC_UNIFIED_PROCESS\GATA_ModuleC_pipeline_unified_20260529_110642\01_REPO_COPY\pipeline\moduleC_pipeline_v2.py"	"pipeline\moduleC_pipeline_v2.py"	"1982"	"def smoke_prepare"	"smoke_score_p80"	"[""unit_id"", ""year"", ""smoke_days"", ""smoke_score_mean"", ""smoke_score_p80"", ""smoke_method"", ""smoke_missing_flag""],"
"D:\GATA_MODULEC_UNIFIED_PROCESS\GATA_ModuleC_pipeline_unified_20260529_110642\01_REPO_COPY\pipeline\moduleC_pipeline_v2.py"	"pipeline\moduleC_pipeline_v2.py"	"1987"	"def smoke_prepare"	"gfas"	"# Alias required by route-v0 GFAS/ERA5 audits (same payload as canonical smoke table)."
"D:\GATA_MODULEC_UNIFIED_PROCESS\GATA_ModuleC_pipeline_unified_20260529_110642\01_REPO_COPY\pipeline\moduleC_pipeline_v2.py"	"pipeline\moduleC_pipeline_v2.py"	"1987"	"def smoke_prepare"	"GFAS"	"# Alias required by route-v0 GFAS/ERA5 audits (same payload as canonical smoke table)."
"D:\GATA_MODULEC_UNIFIED_PROCESS\GATA_ModuleC_pipeline_unified_20260529_110642\01_REPO_COPY\pipeline\moduleC_pipeline_v2.py"	"pipeline\moduleC_pipeline_v2.py"	"1987"	"def smoke_prepare"	"era5"	"# Alias required by route-v0 GFAS/ERA5 audits (same payload as canonical smoke table)."
"D:\GATA_MODULEC_UNIFIED_PROCESS\GATA_ModuleC_pipeline_unified_20260529_110642\01_REPO_COPY\pipeline\moduleC_pipeline_v2.py"	"pipeline\moduleC_pipeline_v2.py"	"1987"	"def smoke_prepare"	"ERA5"	"# Alias required by route-v0 GFAS/ERA5 audits (same payload as canonical smoke table)."
"D:\GATA_MODULEC_UNIFIED_PROCESS\GATA_ModuleC_pipeline_unified_20260529_110642\01_REPO_COPY\pipeline\moduleC_pipeline_v2.py"	"pipeline\moduleC_pipeline_v2.py"	"1988"	"def smoke_prepare"	"smoke_days_nuts3_annual_2015_2024"	"alias_path = tables_dir / ""smoke_days_nuts3_annual_2015_2024.csv"""
"D:\GATA_MODULEC_UNIFIED_PROCESS\GATA_ModuleC_pipeline_unified_20260529_110642\01_REPO_COPY\pipeline\moduleC_pipeline_v2.py"	"pipeline\moduleC_pipeline_v2.py"	"1988"	"def smoke_prepare"	"2024"	"alias_path = tables_dir / ""smoke_days_nuts3_annual_2015_2024.csv"""
"D:\GATA_MODULEC_UNIFIED_PROCESS\GATA_ModuleC_pipeline_unified_20260529_110642\01_REPO_COPY\pipeline\moduleC_pipeline_v2.py"	"pipeline\moduleC_pipeline_v2.py"	"1991"	"def smoke_prepare"	"smoke_missing_flag"	"[""unit_id"", ""year"", ""smoke_days"", ""smoke_score_mean"", ""smoke_score_p80"", ""smoke_method"", ""smoke_missing_flag""],"
"D:\GATA_MODULEC_UNIFIED_PROCESS\GATA_ModuleC_pipeline_unified_20260529_110642\01_REPO_COPY\pipeline\moduleC_pipeline_v2.py"	"pipeline\moduleC_pipeline_v2.py"	"1991"	"def smoke_prepare"	"smoke_score_mean"	"[""unit_id"", ""year"", ""smoke_days"", ""smoke_score_mean"", ""smoke_score_p80"", ""smoke_method"", ""smoke_missing_flag""],"
"D:\GATA_MODULEC_UNIFIED_PROCESS\GATA_ModuleC_pipeline_unified_20260529_110642\01_REPO_COPY\pipeline\moduleC_pipeline_v2.py"	"pipeline\moduleC_pipeline_v2.py"	"1991"	"def smoke_prepare"	"smoke_score_p80"	"[""unit_id"", ""year"", ""smoke_days"", ""smoke_score_mean"", ""smoke_score_p80"", ""smoke_method"", ""smoke_missing_flag""],"
"D:\GATA_MODULEC_UNIFIED_PROCESS\GATA_ModuleC_pipeline_unified_20260529_110642\01_REPO_COPY\pipeline\moduleC_pipeline_v2.py"	"pipeline\moduleC_pipeline_v2.py"	"1996"	"def smoke_prepare"	"v0_gfas_era5_real"	"# Optional daily proxy table generated when v0_gfas_era5_real decoder probe is available."
"D:\GATA_MODULEC_UNIFIED_PROCESS\GATA_ModuleC_pipeline_unified_20260529_110642\01_REPO_COPY\pipeline\moduleC_pipeline_v2.py"	"pipeline\moduleC_pipeline_v2.py"	"1996"	"def smoke_prepare"	"gfas"	"# Optional daily proxy table generated when v0_gfas_era5_real decoder probe is available."
"D:\GATA_MODULEC_UNIFIED_PROCESS\GATA_ModuleC_pipeline_unified_20260529_110642\01_REPO_COPY\pipeline\moduleC_pipeline_v2.py"	"pipeline\moduleC_pipeline_v2.py"	"1996"	"def smoke_prepare"	"GFAS"	"# Optional daily proxy table generated when v0_gfas_era5_real decoder probe is available."
"D:\GATA_MODULEC_UNIFIED_PROCESS\GATA_ModuleC_pipeline_unified_20260529_110642\01_REPO_COPY\pipeline\moduleC_pipeline_v2.py"	"pipeline\moduleC_pipeline_v2.py"	"1996"	"def smoke_prepare"	"era5"	"# Optional daily proxy table generated when v0_gfas_era5_real decoder probe is available."
"D:\GATA_MODULEC_UNIFIED_PROCESS\GATA_ModuleC_pipeline_unified_20260529_110642\01_REPO_COPY\pipeline\moduleC_pipeline_v2.py"	"pipeline\moduleC_pipeline_v2.py"	"1996"	"def smoke_prepare"	"ERA5"	"# Optional daily proxy table generated when v0_gfas_era5_real decoder probe is available."
"D:\GATA_MODULEC_UNIFIED_PROCESS\GATA_ModuleC_pipeline_unified_20260529_110642\01_REPO_COPY\pipeline\moduleC_pipeline_v2.py"	"pipeline\moduleC_pipeline_v2.py"	"1997"	"def smoke_prepare"	"v0_gfas_era5_real"	"if route_selected == ""v0_gfas_era5_real"" and decoder_payload:"
"D:\GATA_MODULEC_UNIFIED_PROCESS\GATA_ModuleC_pipeline_unified_20260529_110642\01_REPO_COPY\pipeline\moduleC_pipeline_v2.py"	"pipeline\moduleC_pipeline_v2.py"	"1997"	"def smoke_prepare"	"gfas"	"if route_selected == ""v0_gfas_era5_real"" and decoder_payload:"
"D:\GATA_MODULEC_UNIFIED_PROCESS\GATA_ModuleC_pipeline_unified_20260529_110642\01_REPO_COPY\pipeline\moduleC_pipeline_v2.py"	"pipeline\moduleC_pipeline_v2.py"	"1997"	"def smoke_prepare"	"GFAS"	"if route_selected == ""v0_gfas_era5_real"" and decoder_payload:"
"D:\GATA_MODULEC_UNIFIED_PROCESS\GATA_ModuleC_pipeline_unified_20260529_110642\01_REPO_COPY\pipeline\moduleC_pipeline_v2.py"	"pipeline\moduleC_pipeline_v2.py"	"1997"	"def smoke_prepare"	"era5"	"if route_selected == ""v0_gfas_era5_real"" and decoder_payload:"
"D:\GATA_MODULEC_UNIFIED_PROCESS\GATA_ModuleC_pipeline_unified_20260529_110642\01_REPO_COPY\pipeline\moduleC_pipeline_v2.py"	"pipeline\moduleC_pipeline_v2.py"	"1997"	"def smoke_prepare"	"ERA5"	"if route_selected == ""v0_gfas_era5_real"" and decoder_payload:"
"D:\GATA_MODULEC_UNIFIED_PROCESS\GATA_ModuleC_pipeline_unified_20260529_110642\01_REPO_COPY\pipeline\moduleC_pipeline_v2.py"	"pipeline\moduleC_pipeline_v2.py"	"2000"	"def smoke_prepare"	"smoke_day_score_nuts3_daily"	"daily_out = tables_dir / ""smoke_day_score_nuts3_daily.csv"""
"D:\GATA_MODULEC_UNIFIED_PROCESS\GATA_ModuleC_pipeline_unified_20260529_110642\01_REPO_COPY\pipeline\moduleC_pipeline_v2.py"	"pipeline\moduleC_pipeline_v2.py"	"2012"	"def smoke_prepare"	"gfas"	"day_method = ""gfas_pm2p5fire_gdal_unit_negative_lon"""
"D:\GATA_MODULEC_UNIFIED_PROCESS\GATA_ModuleC_pipeline_unified_20260529_110642\01_REPO_COPY\pipeline\moduleC_pipeline_v2.py"	"pipeline\moduleC_pipeline_v2.py"	"2012"	"def smoke_prepare"	"GFAS"	"day_method = ""gfas_pm2p5fire_gdal_unit_negative_lon"""
"D:\GATA_MODULEC_UNIFIED_PROCESS\GATA_ModuleC_pipeline_unified_20260529_110642\01_REPO_COPY\pipeline\moduleC_pipeline_v2.py"	"pipeline\moduleC_pipeline_v2.py"	"2012"	"def smoke_prepare"	"gdal"	"day_method = ""gfas_pm2p5fire_gdal_unit_negative_lon"""
"D:\GATA_MODULEC_UNIFIED_PROCESS\GATA_ModuleC_pipeline_unified_20260529_110642\01_REPO_COPY\pipeline\moduleC_pipeline_v2.py"	"pipeline\moduleC_pipeline_v2.py"	"2037"	"def pop_prepare"	"2024"	"admin = QgsVectorLayer(str(admin_layer_path) + ""|layername=admin_nuts3_2024"", ""admin"", ""ogr"")"
"D:\GATA_MODULEC_UNIFIED_PROCESS\GATA_ModuleC_pipeline_unified_20260529_110642\01_REPO_COPY\pipeline\moduleC_pipeline_v2.py"	"pipeline\moduleC_pipeline_v2.py"	"2069"	"def pop_prepare"	"gdal"	"res = processing.run(""gdal:warpreproject"", {"
"D:\GATA_MODULEC_UNIFIED_PROCESS\GATA_ModuleC_pipeline_unified_20260529_110642\01_REPO_COPY\pipeline\moduleC_pipeline_v2.py"	"pipeline\moduleC_pipeline_v2.py"	"2085"	"def pop_prepare"	"gdal"	"gdalwarp = Path(r""C:\OSGeo4W64\bin\gdalwarp.exe"")"
"D:\GATA_MODULEC_UNIFIED_PROCESS\GATA_ModuleC_pipeline_unified_20260529_110642\01_REPO_COPY\pipeline\moduleC_pipeline_v2.py"	"pipeline\moduleC_pipeline_v2.py"	"2086"	"def pop_prepare"	"gdal"	"if not gdalwarp.exists():"
"D:\GATA_MODULEC_UNIFIED_PROCESS\GATA_ModuleC_pipeline_unified_20260529_110642\01_REPO_COPY\pipeline\moduleC_pipeline_v2.py"	"pipeline\moduleC_pipeline_v2.py"	"2087"	"def pop_prepare"	"gdal"	"report.fail(f""Failed to reproject GHSL {y} -> {dst}; missing fallback binary: {gdalwarp}"")"
"D:\GATA_MODULEC_UNIFIED_PROCESS\GATA_ModuleC_pipeline_unified_20260529_110642\01_REPO_COPY\pipeline\moduleC_pipeline_v2.py"	"pipeline\moduleC_pipeline_v2.py"	"2089"	"def pop_prepare"	"gdal"	"str(gdalwarp),"
"D:\GATA_MODULEC_UNIFIED_PROCESS\GATA_ModuleC_pipeline_unified_20260529_110642\01_REPO_COPY\pipeline\moduleC_pipeline_v2.py"	"pipeline\moduleC_pipeline_v2.py"	"2143"	"def recurrence_prepare"	"2024"	"admin = QgsVectorLayer(str(admin_layer_path) + ""|layername=admin_nuts3_2024"", ""admin"", ""ogr"")"
"D:\GATA_MODULEC_UNIFIED_PROCESS\GATA_ModuleC_pipeline_unified_20260529_110642\01_REPO_COPY\pipeline\moduleC_pipeline_v2.py"	"pipeline\moduleC_pipeline_v2.py"	"2270"	"def recurrence_prepare"	"2024"	"out_path = tables_dir / ""recurrence_unit_2015_2024.csv"""
"D:\GATA_MODULEC_UNIFIED_PROCESS\GATA_ModuleC_pipeline_unified_20260529_110642\01_REPO_COPY\pipeline\moduleC_pipeline_v2.py"	"pipeline\moduleC_pipeline_v2.py"	"2281"	"def recurrence_prepare"	"2024"	"write_csv(out_path, [""unit_id"", ""total_burn_ha_2015_2024"", ""years_area_gt_p75"", ""n_events_gt_1000ha"", ""recurrence_class"", ""recurrence_missing_flag""], rows_out, delim="";"")"
"D:\GATA_MODULEC_UNIFIED_PROCESS\GATA_ModuleC_pipeline_unified_20260529_110642\01_REPO_COPY\pipeline\moduleC_pipeline_v2.py"	"pipeline\moduleC_pipeline_v2.py"	"2296"	"def iech_compute"	"smoke_days_unit_2015_2024"	"smoke_csv = tables_dir / ""smoke_days_unit_2015_2024.csv"""
"D:\GATA_MODULEC_UNIFIED_PROCESS\GATA_ModuleC_pipeline_unified_20260529_110642\01_REPO_COPY\pipeline\moduleC_pipeline_v2.py"	"pipeline\moduleC_pipeline_v2.py"	"2296"	"def iech_compute"	"2024"	"smoke_csv = tables_dir / ""smoke_days_unit_2015_2024.csv"""
"D:\GATA_MODULEC_UNIFIED_PROCESS\GATA_ModuleC_pipeline_unified_20260529_110642\01_REPO_COPY\pipeline\moduleC_pipeline_v2.py"	"pipeline\moduleC_pipeline_v2.py"	"2297"	"def iech_compute"	"2024"	"rec_csv = tables_dir / ""recurrence_unit_2015_2024.csv"""
"D:\GATA_MODULEC_UNIFIED_PROCESS\GATA_ModuleC_pipeline_unified_20260529_110642\01_REPO_COPY\pipeline\moduleC_pipeline_v2.py"	"pipeline\moduleC_pipeline_v2.py"	"2330"	"def iech_compute"	"2024"	"iech_hist_csv = tables_dir / ""IECH_unit_2015_2024.csv"""
"D:\GATA_MODULEC_UNIFIED_PROCESS\GATA_ModuleC_pipeline_unified_20260529_110642\01_REPO_COPY\pipeline\moduleC_pipeline_v2.py"	"pipeline\moduleC_pipeline_v2.py"	"2346"	"def iech_compute"	"2024"	"iech_mean_csv = tables_dir / ""IECH_unit_2015_2024_mean.csv"""
"D:\GATA_MODULEC_UNIFIED_PROCESS\GATA_ModuleC_pipeline_unified_20260529_110642\01_REPO_COPY\pipeline\moduleC_pipeline_v2.py"	"pipeline\moduleC_pipeline_v2.py"	"2357"	"def iech_compute"	"2024"	"write_csv(iech_mean_csv, [""unit_id"", ""IECH_mean_2015_2024""], rows_mean, delim="";"")"
"D:\GATA_MODULEC_UNIFIED_PROCESS\GATA_ModuleC_pipeline_unified_20260529_110642\01_REPO_COPY\pipeline\moduleC_pipeline_v2.py"	"pipeline\moduleC_pipeline_v2.py"	"2362"	"def scenarios_compute"	"smoke_days_unit_2015_2024"	"smoke_csv = tables_dir / ""smoke_days_unit_2015_2024.csv"""
"D:\GATA_MODULEC_UNIFIED_PROCESS\GATA_ModuleC_pipeline_unified_20260529_110642\01_REPO_COPY\pipeline\moduleC_pipeline_v2.py"	"pipeline\moduleC_pipeline_v2.py"	"2362"	"def scenarios_compute"	"2024"	"smoke_csv = tables_dir / ""smoke_days_unit_2015_2024.csv"""
"D:\GATA_MODULEC_UNIFIED_PROCESS\GATA_ModuleC_pipeline_unified_20260529_110642\01_REPO_COPY\pipeline\moduleC_pipeline_v2.py"	"pipeline\moduleC_pipeline_v2.py"	"2415"	"def scenarios_compute"	"2024"	"flags = ""S0=mean(2015-2024);S1=-20% top_quintile;pop=interp(2025,2030)"""
"D:\GATA_MODULEC_UNIFIED_PROCESS\GATA_ModuleC_pipeline_unified_20260529_110642\01_REPO_COPY\pipeline\moduleC_pipeline_v2.py"	"pipeline\moduleC_pipeline_v2.py"	"2443"	"def brief_generate"	"smoke_days_unit_2015_2024"	"smoke_csv = tables_dir / ""smoke_days_unit_2015_2024.csv"""
"D:\GATA_MODULEC_UNIFIED_PROCESS\GATA_ModuleC_pipeline_unified_20260529_110642\01_REPO_COPY\pipeline\moduleC_pipeline_v2.py"	"pipeline\moduleC_pipeline_v2.py"	"2443"	"def brief_generate"	"2024"	"smoke_csv = tables_dir / ""smoke_days_unit_2015_2024.csv"""
"D:\GATA_MODULEC_UNIFIED_PROCESS\GATA_ModuleC_pipeline_unified_20260529_110642\01_REPO_COPY\pipeline\moduleC_pipeline_v2.py"	"pipeline\moduleC_pipeline_v2.py"	"2444"	"def brief_generate"	"2024"	"iech_hist = tables_dir / ""IECH_unit_2015_2024.csv"""
"D:\GATA_MODULEC_UNIFIED_PROCESS\GATA_ModuleC_pipeline_unified_20260529_110642\01_REPO_COPY\pipeline\moduleC_pipeline_v2.py"	"pipeline\moduleC_pipeline_v2.py"	"2480"	"def brief_generate"	"inputs_resolved"	"if (qa_dir / ""inputs_resolved.json"").exists():"
"D:\GATA_MODULEC_UNIFIED_PROCESS\GATA_ModuleC_pipeline_unified_20260529_110642\01_REPO_COPY\pipeline\moduleC_pipeline_v2.py"	"pipeline\moduleC_pipeline_v2.py"	"2482"	"def brief_generate"	"inputs_resolved"	"payload = json.loads((qa_dir / ""inputs_resolved.json"").read_text(encoding=""utf-8-sig""))"
"D:\GATA_MODULEC_UNIFIED_PROCESS\GATA_ModuleC_pipeline_unified_20260529_110642\01_REPO_COPY\pipeline\moduleC_pipeline_v2.py"	"pipeline\moduleC_pipeline_v2.py"	"2554"	"def brief_generate"	"smoke_route_v0_audit"	"lines.append(f""- `{qa_dir / 'smoke_route_v0_audit.tsv'}`"")"
"D:\GATA_MODULEC_UNIFIED_PROCESS\GATA_ModuleC_pipeline_unified_20260529_110642\01_REPO_COPY\pipeline\moduleC_pipeline_v2.py"	"pipeline\moduleC_pipeline_v2.py"	"2604"	"def build_manifest_and_zip"	"zipfile"	"with zipfile.ZipFile(zip_path, ""w"", compression=zipfile.ZIP_DEFLATED) as zf:"
"D:\GATA_MODULEC_UNIFIED_PROCESS\GATA_ModuleC_pipeline_unified_20260529_110642\01_REPO_COPY\pipeline\moduleC_pipeline_v2.py"	"pipeline\moduleC_pipeline_v2.py"	"2604"	"def build_manifest_and_zip"	"ZipFile"	"with zipfile.ZipFile(zip_path, ""w"", compression=zipfile.ZIP_DEFLATED) as zf:"
"D:\GATA_MODULEC_UNIFIED_PROCESS\GATA_ModuleC_pipeline_unified_20260529_110642\01_REPO_COPY\pipeline\moduleC_pipeline_v2.py"	"pipeline\moduleC_pipeline_v2.py"	"2644"	"def build_phase10_causal_and_closure_artifacts"	"2024"	"rec_path = tables_dir / ""recurrence_unit_2015_2024.csv"""
"D:\GATA_MODULEC_UNIFIED_PROCESS\GATA_ModuleC_pipeline_unified_20260529_110642\01_REPO_COPY\pipeline\moduleC_pipeline_v2.py"	"pipeline\moduleC_pipeline_v2.py"	"2645"	"def build_phase10_causal_and_closure_artifacts"	"smoke_days_unit_2015_2024"	"smoke_path = tables_dir / ""smoke_days_unit_2015_2024.csv"""
"D:\GATA_MODULEC_UNIFIED_PROCESS\GATA_ModuleC_pipeline_unified_20260529_110642\01_REPO_COPY\pipeline\moduleC_pipeline_v2.py"	"pipeline\moduleC_pipeline_v2.py"	"2645"	"def build_phase10_causal_and_closure_artifacts"	"2024"	"smoke_path = tables_dir / ""smoke_days_unit_2015_2024.csv"""
"D:\GATA_MODULEC_UNIFIED_PROCESS\GATA_ModuleC_pipeline_unified_20260529_110642\01_REPO_COPY\pipeline\moduleC_pipeline_v2.py"	"pipeline\moduleC_pipeline_v2.py"	"2647"	"def build_phase10_causal_and_closure_artifacts"	"2024"	"iech_mean_path = tables_dir / ""IECH_unit_2015_2024_mean.csv"""
"D:\GATA_MODULEC_UNIFIED_PROCESS\GATA_ModuleC_pipeline_unified_20260529_110642\01_REPO_COPY\pipeline\moduleC_pipeline_v2.py"	"pipeline\moduleC_pipeline_v2.py"	"2699"	"def _scen_mean"	"2024"	"""smoke_proxy_mean_2015_2024"", ""population_2015_or_baseline"", ""population_2025"", ""population_2030"","
"D:\GATA_MODULEC_UNIFIED_PROCESS\GATA_ModuleC_pipeline_unified_20260529_110642\01_REPO_COPY\pipeline\moduleC_pipeline_v2.py"	"pipeline\moduleC_pipeline_v2.py"	"2700"	"def _scen_mean"	"2024"	"""iech_proxy_mean_2015_2024"", ""scenario_s0_iech_or_proxy_mean_2026_2030"","
"D:\GATA_MODULEC_UNIFIED_PROCESS\GATA_ModuleC_pipeline_unified_20260529_110642\01_REPO_COPY\pipeline\moduleC_pipeline_v2.py"	"pipeline\moduleC_pipeline_v2.py"	"2729"	"def _scen_mean"	"2024"	"rr.get(""total_burn_ha_2015_2024"", """"),"
"D:\GATA_MODULEC_UNIFIED_PROCESS\GATA_ModuleC_pipeline_unified_20260529_110642\01_REPO_COPY\pipeline\moduleC_pipeline_v2.py"	"pipeline\moduleC_pipeline_v2.py"	"2736"	"def _scen_mean"	"2024"	"ii.get(""IECH_mean_2015_2024"", """"),"
"D:\GATA_MODULEC_UNIFIED_PROCESS\GATA_ModuleC_pipeline_unified_20260529_110642\01_REPO_COPY\pipeline\moduleC_pipeline_v2.py"	"pipeline\moduleC_pipeline_v2.py"	"2746"	"def _scen_mean"	"gfas"	"""OPERATIONAL_SMOKE_PROXY_ONLY_GFAS_ERA5_ROUTE"","
"D:\GATA_MODULEC_UNIFIED_PROCESS\GATA_ModuleC_pipeline_unified_20260529_110642\01_REPO_COPY\pipeline\moduleC_pipeline_v2.py"	"pipeline\moduleC_pipeline_v2.py"	"2746"	"def _scen_mean"	"GFAS"	"""OPERATIONAL_SMOKE_PROXY_ONLY_GFAS_ERA5_ROUTE"","
"D:\GATA_MODULEC_UNIFIED_PROCESS\GATA_ModuleC_pipeline_unified_20260529_110642\01_REPO_COPY\pipeline\moduleC_pipeline_v2.py"	"pipeline\moduleC_pipeline_v2.py"	"2746"	"def _scen_mean"	"era5"	"""OPERATIONAL_SMOKE_PROXY_ONLY_GFAS_ERA5_ROUTE"","
"D:\GATA_MODULEC_UNIFIED_PROCESS\GATA_ModuleC_pipeline_unified_20260529_110642\01_REPO_COPY\pipeline\moduleC_pipeline_v2.py"	"pipeline\moduleC_pipeline_v2.py"	"2746"	"def _scen_mean"	"ERA5"	"""OPERATIONAL_SMOKE_PROXY_ONLY_GFAS_ERA5_ROUTE"","
"D:\GATA_MODULEC_UNIFIED_PROCESS\GATA_ModuleC_pipeline_unified_20260529_110642\01_REPO_COPY\pipeline\moduleC_pipeline_v2.py"	"pipeline\moduleC_pipeline_v2.py"	"2890"	"def write_runtime_closure_decision_from_current_runtime"	"inputs_resolved"	"""qa/inputs_resolved.json"","
"D:\GATA_MODULEC_UNIFIED_PROCESS\GATA_ModuleC_pipeline_unified_20260529_110642\01_REPO_COPY\pipeline\moduleC_pipeline_v2.py"	"pipeline\moduleC_pipeline_v2.py"	"2892"	"def write_runtime_closure_decision_from_current_runtime"	"2024"	"""tables/IECH_unit_2015_2024.csv"","
"D:\GATA_MODULEC_UNIFIED_PROCESS\GATA_ModuleC_pipeline_unified_20260529_110642\01_REPO_COPY\pipeline\moduleC_pipeline_v2.py"	"pipeline\moduleC_pipeline_v2.py"	"2893"	"def write_runtime_closure_decision_from_current_runtime"	"smoke_days_unit_2015_2024"	"""tables/smoke_days_unit_2015_2024.csv"","
"D:\GATA_MODULEC_UNIFIED_PROCESS\GATA_ModuleC_pipeline_unified_20260529_110642\01_REPO_COPY\pipeline\moduleC_pipeline_v2.py"	"pipeline\moduleC_pipeline_v2.py"	"2893"	"def write_runtime_closure_decision_from_current_runtime"	"2024"	"""tables/smoke_days_unit_2015_2024.csv"","
"D:\GATA_MODULEC_UNIFIED_PROCESS\GATA_ModuleC_pipeline_unified_20260529_110642\01_REPO_COPY\pipeline\moduleC_pipeline_v2.py"	"pipeline\moduleC_pipeline_v2.py"	"2895"	"def write_runtime_closure_decision_from_current_runtime"	"2024"	"""tables/recurrence_unit_2015_2024.csv"","
"D:\GATA_MODULEC_UNIFIED_PROCESS\GATA_ModuleC_pipeline_unified_20260529_110642\01_REPO_COPY\pipeline\moduleC_pipeline_v2.py"	"pipeline\moduleC_pipeline_v2.py"	"2938"	"def run_qa_gate"	"NO-GO_SCIENTIFIC_THRESHOLD"	"# NO-GO_SCIENTIFIC_THRESHOLD"
"D:\GATA_MODULEC_UNIFIED_PROCESS\GATA_ModuleC_pipeline_unified_20260529_110642\01_REPO_COPY\pipeline\moduleC_pipeline_v2.py"	"pipeline\moduleC_pipeline_v2.py"	"3024"	"def main"	"inputs_resolved"	"inputs_path = qa_dir / ""inputs_resolved.json"""
"D:\GATA_MODULEC_UNIFIED_PROCESS\GATA_ModuleC_pipeline_unified_20260529_110642\01_REPO_COPY\pipeline\moduleC_pipeline_v2.py"	"pipeline\moduleC_pipeline_v2.py"	"3034"	"def main"	"gfas"	"decoder_payload = decode_gfas_era5_gdal_proxy(Path(args.modulec_datos), qa_dir, report)"
"D:\GATA_MODULEC_UNIFIED_PROCESS\GATA_ModuleC_pipeline_unified_20260529_110642\01_REPO_COPY\pipeline\moduleC_pipeline_v2.py"	"pipeline\moduleC_pipeline_v2.py"	"3034"	"def main"	"GFAS"	"decoder_payload = decode_gfas_era5_gdal_proxy(Path(args.modulec_datos), qa_dir, report)"
"D:\GATA_MODULEC_UNIFIED_PROCESS\GATA_ModuleC_pipeline_unified_20260529_110642\01_REPO_COPY\pipeline\moduleC_pipeline_v2.py"	"pipeline\moduleC_pipeline_v2.py"	"3034"	"def main"	"era5"	"decoder_payload = decode_gfas_era5_gdal_proxy(Path(args.modulec_datos), qa_dir, report)"
"D:\GATA_MODULEC_UNIFIED_PROCESS\GATA_ModuleC_pipeline_unified_20260529_110642\01_REPO_COPY\pipeline\moduleC_pipeline_v2.py"	"pipeline\moduleC_pipeline_v2.py"	"3034"	"def main"	"ERA5"	"decoder_payload = decode_gfas_era5_gdal_proxy(Path(args.modulec_datos), qa_dir, report)"
"D:\GATA_MODULEC_UNIFIED_PROCESS\GATA_ModuleC_pipeline_unified_20260529_110642\01_REPO_COPY\pipeline\moduleC_pipeline_v2.py"	"pipeline\moduleC_pipeline_v2.py"	"3034"	"def main"	"gdal"	"decoder_payload = decode_gfas_era5_gdal_proxy(Path(args.modulec_datos), qa_dir, report)"
"D:\GATA_MODULEC_UNIFIED_PROCESS\GATA_ModuleC_pipeline_unified_20260529_110642\01_REPO_COPY\pipeline\moduleC_pipeline_v2.py"	"pipeline\moduleC_pipeline_v2.py"	"3042"	"def main"	"gfas"	"write_gfas_era5_presence_audit(qa_dir, sources)"
"D:\GATA_MODULEC_UNIFIED_PROCESS\GATA_ModuleC_pipeline_unified_20260529_110642\01_REPO_COPY\pipeline\moduleC_pipeline_v2.py"	"pipeline\moduleC_pipeline_v2.py"	"3042"	"def main"	"GFAS"	"write_gfas_era5_presence_audit(qa_dir, sources)"
"D:\GATA_MODULEC_UNIFIED_PROCESS\GATA_ModuleC_pipeline_unified_20260529_110642\01_REPO_COPY\pipeline\moduleC_pipeline_v2.py"	"pipeline\moduleC_pipeline_v2.py"	"3042"	"def main"	"era5"	"write_gfas_era5_presence_audit(qa_dir, sources)"
"D:\GATA_MODULEC_UNIFIED_PROCESS\GATA_ModuleC_pipeline_unified_20260529_110642\01_REPO_COPY\pipeline\moduleC_pipeline_v2.py"	"pipeline\moduleC_pipeline_v2.py"	"3042"	"def main"	"ERA5"	"write_gfas_era5_presence_audit(qa_dir, sources)"
"D:\GATA_MODULEC_UNIFIED_PROCESS\GATA_ModuleC_pipeline_unified_20260529_110642\01_REPO_COPY\pipeline\moduleC_pipeline_v2.py"	"pipeline\moduleC_pipeline_v2.py"	"3043"	"def main"	"gfas"	"write_gfas_era5_decoder_audit("
"D:\GATA_MODULEC_UNIFIED_PROCESS\GATA_ModuleC_pipeline_unified_20260529_110642\01_REPO_COPY\pipeline\moduleC_pipeline_v2.py"	"pipeline\moduleC_pipeline_v2.py"	"3043"	"def main"	"GFAS"	"write_gfas_era5_decoder_audit("
"D:\GATA_MODULEC_UNIFIED_PROCESS\GATA_ModuleC_pipeline_unified_20260529_110642\01_REPO_COPY\pipeline\moduleC_pipeline_v2.py"	"pipeline\moduleC_pipeline_v2.py"	"3043"	"def main"	"era5"	"write_gfas_era5_decoder_audit("
"D:\GATA_MODULEC_UNIFIED_PROCESS\GATA_ModuleC_pipeline_unified_20260529_110642\01_REPO_COPY\pipeline\moduleC_pipeline_v2.py"	"pipeline\moduleC_pipeline_v2.py"	"3043"	"def main"	"ERA5"	"write_gfas_era5_decoder_audit("
"D:\GATA_MODULEC_UNIFIED_PROCESS\GATA_ModuleC_pipeline_unified_20260529_110642\01_REPO_COPY\pipeline\moduleC_pipeline_v2.py"	"pipeline\moduleC_pipeline_v2.py"	"3117"	"def main"	"smoke_day_score_nuts3_daily"	"smoke_daily_csv=tables_dir / ""smoke_day_score_nuts3_daily.csv"","
"D:\GATA_MODULEC_UNIFIED_PROCESS\GATA_ModuleC_pipeline_unified_20260529_110642\01_REPO_COPY\pipeline\moduleC_pipeline_v2.py"	"pipeline\moduleC_pipeline_v2.py"	"3118"	"def main"	"gfas"	"gfas_daily_summary_csv=qa_dir / ""gfas_pm2p5fire_portugal_daily_summary.csv"","
"D:\GATA_MODULEC_UNIFIED_PROCESS\GATA_ModuleC_pipeline_unified_20260529_110642\01_REPO_COPY\pipeline\moduleC_pipeline_v2.py"	"pipeline\moduleC_pipeline_v2.py"	"3118"	"def main"	"GFAS"	"gfas_daily_summary_csv=qa_dir / ""gfas_pm2p5fire_portugal_daily_summary.csv"","
"D:\GATA_MODULEC_UNIFIED_PROCESS\GATA_ModuleC_pipeline_unified_20260529_110642\01_REPO_COPY\pipeline\moduleC_pipeline_v2.py"	"pipeline\moduleC_pipeline_v2.py"	"3165"	"def main"	"inputs_resolved"	"out_dir / ""qa"" / ""inputs_resolved.json"","
"D:\GATA_MODULEC_UNIFIED_PROCESS\GATA_ModuleC_pipeline_unified_20260529_110642\01_REPO_COPY\pipeline\moduleC_pipeline_v2.py"	"pipeline\moduleC_pipeline_v2.py"	"3172"	"def main"	"2024"	"out_dir / ""tables"" / ""IECH_municipio_2015_2024.csv"","
"D:\GATA_MODULEC_UNIFIED_PROCESS\GATA_ModuleC_pipeline_unified_20260529_110642\01_REPO_COPY\pipeline\moduleC_preflight.py"	"pipeline\moduleC_preflight.py"	"142"	"def ensure_inputs_json"	"inputs_resolved"	"inputs_path = qa_dir / ""inputs_resolved.json"""
"D:\GATA_MODULEC_UNIFIED_PROCESS\GATA_ModuleC_pipeline_unified_20260529_110642\01_REPO_COPY\pipeline\moduleC_preflight.py"	"pipeline\moduleC_preflight.py"	"185"	"def ensure_inputs_json"	"inputs_resolved"	"report_lines.append(f""[{now_iso()}] inputs_resolved.json refreshed from catalog: {inputs_path}"")"
"D:\GATA_MODULEC_UNIFIED_PROCESS\GATA_ModuleC_pipeline_unified_20260529_110642\01_REPO_COPY\pipeline\qa_gate_v2.py"	"pipeline\qa_gate_v2.py"	"14"	"GLOBAL"	"2024"	"Path(""tables/IECH_unit_2015_2024.csv""),"
"D:\GATA_MODULEC_UNIFIED_PROCESS\GATA_ModuleC_pipeline_unified_20260529_110642\01_REPO_COPY\pipeline\qa_gate_v2.py"	"pipeline\qa_gate_v2.py"	"15"	"GLOBAL"	"smoke_days_unit_2015_2024"	"Path(""tables/smoke_days_unit_2015_2024.csv""),"
"D:\GATA_MODULEC_UNIFIED_PROCESS\GATA_ModuleC_pipeline_unified_20260529_110642\01_REPO_COPY\pipeline\qa_gate_v2.py"	"pipeline\qa_gate_v2.py"	"15"	"GLOBAL"	"2024"	"Path(""tables/smoke_days_unit_2015_2024.csv""),"
"D:\GATA_MODULEC_UNIFIED_PROCESS\GATA_ModuleC_pipeline_unified_20260529_110642\01_REPO_COPY\pipeline\qa_gate_v2.py"	"pipeline\qa_gate_v2.py"	"17"	"GLOBAL"	"2024"	"Path(""tables/recurrence_unit_2015_2024.csv""),"
"D:\GATA_MODULEC_UNIFIED_PROCESS\GATA_ModuleC_pipeline_unified_20260529_110642\01_REPO_COPY\pipeline\qa_gate_v2.py"	"pipeline\qa_gate_v2.py"	"28"	"GLOBAL"	"2024"	"Path(""tables/IECH_municipio_2015_2024.csv""),"
"D:\GATA_MODULEC_UNIFIED_PROCESS\GATA_ModuleC_pipeline_unified_20260529_110642\01_REPO_COPY\pipeline\qa_gate_v2.py"	"pipeline\qa_gate_v2.py"	"34"	"GLOBAL"	"2024"	"Path(""tables/IECH_unit_2015_2024.csv""),"
"D:\GATA_MODULEC_UNIFIED_PROCESS\GATA_ModuleC_pipeline_unified_20260529_110642\01_REPO_COPY\pipeline\qa_gate_v2.py"	"pipeline\qa_gate_v2.py"	"35"	"GLOBAL"	"smoke_days_unit_2015_2024"	"Path(""tables/smoke_days_unit_2015_2024.csv""),"
"D:\GATA_MODULEC_UNIFIED_PROCESS\GATA_ModuleC_pipeline_unified_20260529_110642\01_REPO_COPY\pipeline\qa_gate_v2.py"	"pipeline\qa_gate_v2.py"	"35"	"GLOBAL"	"2024"	"Path(""tables/smoke_days_unit_2015_2024.csv""),"
"D:\GATA_MODULEC_UNIFIED_PROCESS\GATA_ModuleC_pipeline_unified_20260529_110642\01_REPO_COPY\pipeline\qa_gate_v2.py"	"pipeline\qa_gate_v2.py"	"37"	"GLOBAL"	"2024"	"Path(""tables/recurrence_unit_2015_2024.csv""),"
"D:\GATA_MODULEC_UNIFIED_PROCESS\GATA_ModuleC_pipeline_unified_20260529_110642\01_REPO_COPY\pipeline\qa_gate_v2.py"	"pipeline\qa_gate_v2.py"	"147"	"def evaluate_output_root"	"2024"	"if not (output_root / ""tables/IECH_municipio_2015_2024.csv"").exists():"
"D:\GATA_MODULEC_UNIFIED_PROCESS\GATA_ModuleC_pipeline_unified_20260529_110642\01_REPO_COPY\pipeline\qa_gate_v2.py"	"pipeline\qa_gate_v2.py"	"252"	"def evaluate_output_root"	"inputs_resolved"	"inputs_json = output_root / ""qa/inputs_resolved.json"""
"D:\GATA_MODULEC_UNIFIED_PROCESS\GATA_ModuleC_pipeline_unified_20260529_110642\01_REPO_COPY\pipeline\qa_gate_v2.py"	"pipeline\qa_gate_v2.py"	"255"	"def evaluate_output_root"	"inputs_resolved"	"notes.append(""inputs_resolved.json missing for canon traceability"")"
"D:\GATA_MODULEC_UNIFIED_PROCESS\GATA_ModuleC_pipeline_unified_20260529_110642\01_REPO_COPY\pipeline\qa_gate_v2.py"	"pipeline\qa_gate_v2.py"	"267"	"def evaluate_output_root"	"inputs_resolved"	"notes.append(""inputs_resolved.json meta missing objectives_canon_path/objectives_canon_sha256"")"
"D:\GATA_MODULEC_UNIFIED_PROCESS\GATA_ModuleC_pipeline_unified_20260529_110642\01_REPO_COPY\pipeline\qa_gate_v2.py"	"pipeline\qa_gate_v2.py"	"277"	"def evaluate_output_root"	"inputs_resolved"	"notes.append(""inputs_resolved.json meta missing smoke_route_selected/smoke_route_mode"")"
"D:\GATA_MODULEC_UNIFIED_PROCESS\GATA_ModuleC_pipeline_unified_20260529_110642\01_REPO_COPY\pipeline\qa_gate_v2.py"	"pipeline\qa_gate_v2.py"	"278"	"def evaluate_output_root"	"parquet"	"elif route_selected in (""BLOCKED_DECODER_REQUIRED"", ""v0_parquet_proxy_degraded"", ""NO-GO_SMOKE_ROUTE""):"
"D:\GATA_MODULEC_UNIFIED_PROCESS\GATA_ModuleC_pipeline_unified_20260529_110642\01_REPO_COPY\pipeline\qa_gate_v2.py"	"pipeline\qa_gate_v2.py"	"283"	"def evaluate_output_root"	"inputs_resolved"	"notes.append(f""could not parse inputs_resolved.json canon meta: {exc}"")"
"D:\GATA_MODULEC_UNIFIED_PROCESS\GATA_ModuleC_pipeline_unified_20260529_110642\01_REPO_COPY\pipeline\qa_gate_v2.py"	"pipeline\qa_gate_v2.py"	"286"	"def evaluate_output_root"	"NO-GO_SCIENTIFIC_THRESHOLD"	"# GO_WITH_PEER_REVIEWED_PROXY_PROTOCOL | GO_WITH_PORTUGUESE_AQ_ANCHORED_PROXY_PROTOCOL | NO-GO_SCIENTIFIC_THRESHOLD"
"D:\GATA_MODULEC_UNIFIED_PROCESS\GATA_ModuleC_pipeline_unified_20260529_110642\01_REPO_COPY\pipeline\qa_gate_v2.py"	"pipeline\qa_gate_v2.py"	"305"	"def evaluate_output_root"	"NO-GO_SCIENTIFIC_THRESHOLD"	"if ""NO-GO_SCIENTIFIC_THRESHOLD"" in sci_upper or ""NO_GO_SCIENTIFIC_THRESHOLD"" in sci_upper:"
"D:\GATA_MODULEC_UNIFIED_PROCESS\GATA_ModuleC_pipeline_unified_20260529_110642\01_REPO_COPY\pipeline\qa_gate_v2.py"	"pipeline\qa_gate_v2.py"	"307"	"def evaluate_output_root"	"NO-GO_SCIENTIFIC_THRESHOLD"	"notes.append(""scientific threshold gate reports NO-GO_SCIENTIFIC_THRESHOLD"")"
"D:\GATA_MODULEC_UNIFIED_PROCESS\GATA_ModuleC_pipeline_unified_20260529_110642\01_REPO_COPY\pipeline\run_preflight_bootstrap.py"	"pipeline\run_preflight_bootstrap.py"	"81"	"def init_qgis_and_processing"	"gdal"	"os.environ[""GDAL_DATA""] = r""C:\OSGeo4W64\apps\gdal\share\gdal"""
"D:\GATA_MODULEC_UNIFIED_PROCESS\GATA_ModuleC_pipeline_unified_20260529_110642\01_REPO_COPY\pipeline\scientific_threshold_gate.py"	"pipeline\scientific_threshold_gate.py"	"23"	"GLOBAL"	"2024"	"""DIRECTIVE_EU_2024_2881"","
"D:\GATA_MODULEC_UNIFIED_PROCESS\GATA_ModuleC_pipeline_unified_20260529_110642\01_REPO_COPY\pipeline\scientific_threshold_gate.py"	"pipeline\scientific_threshold_gate.py"	"24"	"GLOBAL"	"2024"	"""AQ_EU_2024_2881_2030_FRAMEWORK"","
"D:\GATA_MODULEC_UNIFIED_PROCESS\GATA_ModuleC_pipeline_unified_20260529_110642\01_REPO_COPY\pipeline\scientific_threshold_gate.py"	"pipeline\scientific_threshold_gate.py"	"33"	"GLOBAL"	"2024"	"""AQ_EU_2024_2881_2030_FRAMEWORK"","
"D:\GATA_MODULEC_UNIFIED_PROCESS\GATA_ModuleC_pipeline_unified_20260529_110642\01_REPO_COPY\pipeline\scientific_threshold_gate.py"	"pipeline\scientific_threshold_gate.py"	"38"	"GLOBAL"	"gfas"	"""GFAS_ERA5_PROXY_SMOKE_DAY_P60"","
"D:\GATA_MODULEC_UNIFIED_PROCESS\GATA_ModuleC_pipeline_unified_20260529_110642\01_REPO_COPY\pipeline\scientific_threshold_gate.py"	"pipeline\scientific_threshold_gate.py"	"38"	"GLOBAL"	"GFAS"	"""GFAS_ERA5_PROXY_SMOKE_DAY_P60"","
"D:\GATA_MODULEC_UNIFIED_PROCESS\GATA_ModuleC_pipeline_unified_20260529_110642\01_REPO_COPY\pipeline\scientific_threshold_gate.py"	"pipeline\scientific_threshold_gate.py"	"38"	"GLOBAL"	"era5"	"""GFAS_ERA5_PROXY_SMOKE_DAY_P60"","
"D:\GATA_MODULEC_UNIFIED_PROCESS\GATA_ModuleC_pipeline_unified_20260529_110642\01_REPO_COPY\pipeline\scientific_threshold_gate.py"	"pipeline\scientific_threshold_gate.py"	"38"	"GLOBAL"	"ERA5"	"""GFAS_ERA5_PROXY_SMOKE_DAY_P60"","
"D:\GATA_MODULEC_UNIFIED_PROCESS\GATA_ModuleC_pipeline_unified_20260529_110642\01_REPO_COPY\pipeline\scientific_threshold_gate.py"	"pipeline\scientific_threshold_gate.py"	"39"	"GLOBAL"	"gfas"	"""GFAS_ERA5_PROXY_INPUT_TRACE"","
"D:\GATA_MODULEC_UNIFIED_PROCESS\GATA_ModuleC_pipeline_unified_20260529_110642\01_REPO_COPY\pipeline\scientific_threshold_gate.py"	"pipeline\scientific_threshold_gate.py"	"39"	"GLOBAL"	"GFAS"	"""GFAS_ERA5_PROXY_INPUT_TRACE"","
"D:\GATA_MODULEC_UNIFIED_PROCESS\GATA_ModuleC_pipeline_unified_20260529_110642\01_REPO_COPY\pipeline\scientific_threshold_gate.py"	"pipeline\scientific_threshold_gate.py"	"39"	"GLOBAL"	"era5"	"""GFAS_ERA5_PROXY_INPUT_TRACE"","
"D:\GATA_MODULEC_UNIFIED_PROCESS\GATA_ModuleC_pipeline_unified_20260529_110642\01_REPO_COPY\pipeline\scientific_threshold_gate.py"	"pipeline\scientific_threshold_gate.py"	"39"	"GLOBAL"	"ERA5"	"""GFAS_ERA5_PROXY_INPUT_TRACE"","
"D:\GATA_MODULEC_UNIFIED_PROCESS\GATA_ModuleC_pipeline_unified_20260529_110642\01_REPO_COPY\pipeline\scientific_threshold_gate.py"	"pipeline\scientific_threshold_gate.py"	"156"	"def evaluate_smoke_spatial"	"smoke_days_unit_2015_2024"	"return ""BLOCKED_FOR_REQUIRED_VARIABLE"", ""smoke_days_unit_2015_2024.csv missing"", {}"
"D:\GATA_MODULEC_UNIFIED_PROCESS\GATA_ModuleC_pipeline_unified_20260529_110642\01_REPO_COPY\pipeline\scientific_threshold_gate.py"	"pipeline\scientific_threshold_gate.py"	"156"	"def evaluate_smoke_spatial"	"2024"	"return ""BLOCKED_FOR_REQUIRED_VARIABLE"", ""smoke_days_unit_2015_2024.csv missing"", {}"
"D:\GATA_MODULEC_UNIFIED_PROCESS\GATA_ModuleC_pipeline_unified_20260529_110642\01_REPO_COPY\pipeline\scientific_threshold_gate.py"	"pipeline\scientific_threshold_gate.py"	"159"	"def evaluate_smoke_spatial"	"smoke_days_unit_2015_2024"	"return ""BLOCKED_FOR_REQUIRED_VARIABLE"", ""smoke_days_unit_2015_2024.csv empty"", {}"
"D:\GATA_MODULEC_UNIFIED_PROCESS\GATA_ModuleC_pipeline_unified_20260529_110642\01_REPO_COPY\pipeline\scientific_threshold_gate.py"	"pipeline\scientific_threshold_gate.py"	"159"	"def evaluate_smoke_spatial"	"2024"	"return ""BLOCKED_FOR_REQUIRED_VARIABLE"", ""smoke_days_unit_2015_2024.csv empty"", {}"
"D:\GATA_MODULEC_UNIFIED_PROCESS\GATA_ModuleC_pipeline_unified_20260529_110642\01_REPO_COPY\pipeline\scientific_threshold_gate.py"	"pipeline\scientific_threshold_gate.py"	"182"	"def evaluate_iech_ranking"	"2024"	"return ""BLOCKED_FOR_REQUIRED_VARIABLE"", ""IECH_unit_2015_2024_mean.csv missing"", 0"
"D:\GATA_MODULEC_UNIFIED_PROCESS\GATA_ModuleC_pipeline_unified_20260529_110642\01_REPO_COPY\pipeline\scientific_threshold_gate.py"	"pipeline\scientific_threshold_gate.py"	"186"	"def evaluate_iech_ranking"	"2024"	"v = safe_float(r.get(""IECH_mean_2015_2024""))"
"D:\GATA_MODULEC_UNIFIED_PROCESS\GATA_ModuleC_pipeline_unified_20260529_110642\01_REPO_COPY\pipeline\scientific_threshold_gate.py"	"pipeline\scientific_threshold_gate.py"	"219"	"def evaluate_smoke_route_trace"	"inputs_resolved"	"return ""BLOCKED_FOR_REQUIRED_VARIABLE"", ""inputs_resolved.json missing"", """""
"D:\GATA_MODULEC_UNIFIED_PROCESS\GATA_ModuleC_pipeline_unified_20260529_110642\01_REPO_COPY\pipeline\scientific_threshold_gate.py"	"pipeline\scientific_threshold_gate.py"	"223"	"def evaluate_smoke_route_trace"	"inputs_resolved"	"return ""BLOCKED_FOR_REQUIRED_VARIABLE"", f""inputs_resolved.json parse error: {exc}"", """""
"D:\GATA_MODULEC_UNIFIED_PROCESS\GATA_ModuleC_pipeline_unified_20260529_110642\01_REPO_COPY\pipeline\scientific_threshold_gate.py"	"pipeline\scientific_threshold_gate.py"	"225"	"def evaluate_smoke_route_trace"	"inputs_resolved"	"return ""BLOCKED_FOR_REQUIRED_VARIABLE"", ""inputs_resolved.json is not an object"", """""
"D:\GATA_MODULEC_UNIFIED_PROCESS\GATA_ModuleC_pipeline_unified_20260529_110642\01_REPO_COPY\pipeline\scientific_threshold_gate.py"	"pipeline\scientific_threshold_gate.py"	"232"	"def evaluate_smoke_route_trace"	"inputs_resolved"	"return ""BLOCKED_FOR_REQUIRED_VARIABLE"", ""smoke_route_selected missing in inputs_resolved meta"", """""
"D:\GATA_MODULEC_UNIFIED_PROCESS\GATA_ModuleC_pipeline_unified_20260529_110642\01_REPO_COPY\pipeline\scientific_threshold_gate.py"	"pipeline\scientific_threshold_gate.py"	"234"	"def evaluate_smoke_route_trace"	"v0_gfas_era5_real"	"if route_selected in (""v1_moduleA_validated"", ""v0_gfas_era5_real""):"
"D:\GATA_MODULEC_UNIFIED_PROCESS\GATA_ModuleC_pipeline_unified_20260529_110642\01_REPO_COPY\pipeline\scientific_threshold_gate.py"	"pipeline\scientific_threshold_gate.py"	"234"	"def evaluate_smoke_route_trace"	"gfas"	"if route_selected in (""v1_moduleA_validated"", ""v0_gfas_era5_real""):"
"D:\GATA_MODULEC_UNIFIED_PROCESS\GATA_ModuleC_pipeline_unified_20260529_110642\01_REPO_COPY\pipeline\scientific_threshold_gate.py"	"pipeline\scientific_threshold_gate.py"	"234"	"def evaluate_smoke_route_trace"	"GFAS"	"if route_selected in (""v1_moduleA_validated"", ""v0_gfas_era5_real""):"
"D:\GATA_MODULEC_UNIFIED_PROCESS\GATA_ModuleC_pipeline_unified_20260529_110642\01_REPO_COPY\pipeline\scientific_threshold_gate.py"	"pipeline\scientific_threshold_gate.py"	"234"	"def evaluate_smoke_route_trace"	"era5"	"if route_selected in (""v1_moduleA_validated"", ""v0_gfas_era5_real""):"
"D:\GATA_MODULEC_UNIFIED_PROCESS\GATA_ModuleC_pipeline_unified_20260529_110642\01_REPO_COPY\pipeline\scientific_threshold_gate.py"	"pipeline\scientific_threshold_gate.py"	"234"	"def evaluate_smoke_route_trace"	"ERA5"	"if route_selected in (""v1_moduleA_validated"", ""v0_gfas_era5_real""):"
"D:\GATA_MODULEC_UNIFIED_PROCESS\GATA_ModuleC_pipeline_unified_20260529_110642\01_REPO_COPY\pipeline\scientific_threshold_gate.py"	"pipeline\scientific_threshold_gate.py"	"236"	"def evaluate_smoke_route_trace"	"THRESHOLD_DEFINED_AS_INDEXED_METHOD"	"""THRESHOLD_DEFINED_AS_INDEXED_METHOD"","
"D:\GATA_MODULEC_UNIFIED_PROCESS\GATA_ModuleC_pipeline_unified_20260529_110642\01_REPO_COPY\pipeline\scientific_threshold_gate.py"	"pipeline\scientific_threshold_gate.py"	"246"	"def evaluate_smoke_route_trace"	"parquet"	"if route_selected == ""v0_parquet_proxy_degraded"":"
"D:\GATA_MODULEC_UNIFIED_PROCESS\GATA_ModuleC_pipeline_unified_20260529_110642\01_REPO_COPY\pipeline\scientific_threshold_gate.py"	"pipeline\scientific_threshold_gate.py"	"267"	"def evaluate_population_cancellation"	"2024"	"return ""BLOCKED_FOR_REQUIRED_VARIABLE"", ""IECH_unit_2015_2024.csv missing"""
"D:\GATA_MODULEC_UNIFIED_PROCESS\GATA_ModuleC_pipeline_unified_20260529_110642\01_REPO_COPY\pipeline\scientific_threshold_gate.py"	"pipeline\scientific_threshold_gate.py"	"270"	"def evaluate_population_cancellation"	"2024"	"return ""BLOCKED_FOR_REQUIRED_VARIABLE"", ""IECH_unit_2015_2024.csv empty"""
"D:\GATA_MODULEC_UNIFIED_PROCESS\GATA_ModuleC_pipeline_unified_20260529_110642\01_REPO_COPY\pipeline\scientific_threshold_gate.py"	"pipeline\scientific_threshold_gate.py"	"286"	"def evaluate_population_cancellation"	"THRESHOLD_DEFINED_AS_INDEXED_METHOD"	"return ""THRESHOLD_DEFINED_AS_INDEXED_METHOD"", f""IECH differs from smoke_hours_equiv in {comparable - equal_rows}/{comparable} rows"""
"D:\GATA_MODULEC_UNIFIED_PROCESS\GATA_ModuleC_pipeline_unified_20260529_110642\01_REPO_COPY\pipeline\scientific_threshold_gate.py"	"pipeline\scientific_threshold_gate.py"	"303"	"def evaluate_warning_inventory"	"THRESHOLD_DEFINED_AS_INDEXED_METHOD"	"return ""THRESHOLD_DEFINED_AS_INDEXED_METHOD"", ""All warnings are classified and explained."", 0"
"D:\GATA_MODULEC_UNIFIED_PROCESS\GATA_ModuleC_pipeline_unified_20260529_110642\01_REPO_COPY\pipeline\scientific_threshold_gate.py"	"pipeline\scientific_threshold_gate.py"	"328"	"def evaluate_causal_matrix"	"BLOCKED_FOR_CAUSAL_CLAIM"	"return ""BLOCKED_FOR_CAUSAL_CLAIM"", ""Causal matrix has unresolved HOLD/missing/block rows"", metrics"
"D:\GATA_MODULEC_UNIFIED_PROCESS\GATA_ModuleC_pipeline_unified_20260529_110642\01_REPO_COPY\pipeline\scientific_threshold_gate.py"	"pipeline\scientific_threshold_gate.py"	"329"	"def evaluate_causal_matrix"	"THRESHOLD_DEFINED_AS_INDEXED_METHOD"	"return ""THRESHOLD_DEFINED_AS_INDEXED_METHOD"", ""Causal matrix threshold column present with no blocked rows."", metrics"
"D:\GATA_MODULEC_UNIFIED_PROCESS\GATA_ModuleC_pipeline_unified_20260529_110642\01_REPO_COPY\pipeline\scientific_threshold_gate.py"	"pipeline\scientific_threshold_gate.py"	"341"	"def audit_brief_claims"	"BLOCKED_FOR_CAUSAL_CLAIM"	"""BLOCKED_FOR_CAUSAL_CLAIM"": [r""\bcauses\b"", r""\bdrives\b"", r""\bexplains\b""],"
"D:\GATA_MODULEC_UNIFIED_PROCESS\GATA_ModuleC_pipeline_unified_20260529_110642\01_REPO_COPY\pipeline\scientific_threshold_gate.py"	"pipeline\scientific_threshold_gate.py"	"370"	"def main"	"smoke_days_unit_2015_2024"	"smoke_csv = output_root / ""tables"" / ""smoke_days_unit_2015_2024.csv"""
"D:\GATA_MODULEC_UNIFIED_PROCESS\GATA_ModuleC_pipeline_unified_20260529_110642\01_REPO_COPY\pipeline\scientific_threshold_gate.py"	"pipeline\scientific_threshold_gate.py"	"370"	"def main"	"2024"	"smoke_csv = output_root / ""tables"" / ""smoke_days_unit_2015_2024.csv"""
"D:\GATA_MODULEC_UNIFIED_PROCESS\GATA_ModuleC_pipeline_unified_20260529_110642\01_REPO_COPY\pipeline\scientific_threshold_gate.py"	"pipeline\scientific_threshold_gate.py"	"371"	"def main"	"2024"	"iech_hist_csv = output_root / ""tables"" / ""IECH_unit_2015_2024.csv"""
"D:\GATA_MODULEC_UNIFIED_PROCESS\GATA_ModuleC_pipeline_unified_20260529_110642\01_REPO_COPY\pipeline\scientific_threshold_gate.py"	"pipeline\scientific_threshold_gate.py"	"372"	"def main"	"2024"	"iech_mean_csv = output_root / ""tables"" / ""IECH_unit_2015_2024_mean.csv"""
"D:\GATA_MODULEC_UNIFIED_PROCESS\GATA_ModuleC_pipeline_unified_20260529_110642\01_REPO_COPY\pipeline\scientific_threshold_gate.py"	"pipeline\scientific_threshold_gate.py"	"375"	"def main"	"inputs_resolved"	"inputs_json = output_root / ""qa"" / ""inputs_resolved.json"""
"D:\GATA_MODULEC_UNIFIED_PROCESS\GATA_ModuleC_pipeline_unified_20260529_110642\01_REPO_COPY\pipeline\scientific_threshold_gate.py"	"pipeline\scientific_threshold_gate.py"	"434"	"def add_evidence"	"THRESHOLD_DEFINED_AS_INDEXED_METHOD"	"""THRESHOLD_DEFINED_AS_INDEXED_METHOD"","
"D:\GATA_MODULEC_UNIFIED_PROCESS\GATA_ModuleC_pipeline_unified_20260529_110642\01_REPO_COPY\pipeline\scientific_threshold_gate.py"	"pipeline\scientific_threshold_gate.py"	"452"	"def add_evidence"	"NO-GO_SCIENTIFIC_THRESHOLD"	"""NO-GO_SCIENTIFIC_THRESHOLD"","
"D:\GATA_MODULEC_UNIFIED_PROCESS\GATA_ModuleC_pipeline_unified_20260529_110642\01_REPO_COPY\pipeline\scientific_threshold_gate.py"	"pipeline\scientific_threshold_gate.py"	"462"	"def add_evidence"	"v0_gfas_era5_real"	"""priority=v1_moduleA_validated>v0_gfas_era5_real>BLOCKED_DECODER_REQUIRED>v0_parquet_proxy_degraded>NO-GO_SMOKE_ROUTE"","
"D:\GATA_MODULEC_UNIFIED_PROCESS\GATA_ModuleC_pipeline_unified_20260529_110642\01_REPO_COPY\pipeline\scientific_threshold_gate.py"	"pipeline\scientific_threshold_gate.py"	"462"	"def add_evidence"	"parquet"	"""priority=v1_moduleA_validated>v0_gfas_era5_real>BLOCKED_DECODER_REQUIRED>v0_parquet_proxy_degraded>NO-GO_SMOKE_ROUTE"","
"D:\GATA_MODULEC_UNIFIED_PROCESS\GATA_ModuleC_pipeline_unified_20260529_110642\01_REPO_COPY\pipeline\scientific_threshold_gate.py"	"pipeline\scientific_threshold_gate.py"	"462"	"def add_evidence"	"gfas"	"""priority=v1_moduleA_validated>v0_gfas_era5_real>BLOCKED_DECODER_REQUIRED>v0_parquet_proxy_degraded>NO-GO_SMOKE_ROUTE"","
"D:\GATA_MODULEC_UNIFIED_PROCESS\GATA_ModuleC_pipeline_unified_20260529_110642\01_REPO_COPY\pipeline\scientific_threshold_gate.py"	"pipeline\scientific_threshold_gate.py"	"462"	"def add_evidence"	"GFAS"	"""priority=v1_moduleA_validated>v0_gfas_era5_real>BLOCKED_DECODER_REQUIRED>v0_parquet_proxy_degraded>NO-GO_SMOKE_ROUTE"","
"D:\GATA_MODULEC_UNIFIED_PROCESS\GATA_ModuleC_pipeline_unified_20260529_110642\01_REPO_COPY\pipeline\scientific_threshold_gate.py"	"pipeline\scientific_threshold_gate.py"	"462"	"def add_evidence"	"era5"	"""priority=v1_moduleA_validated>v0_gfas_era5_real>BLOCKED_DECODER_REQUIRED>v0_parquet_proxy_degraded>NO-GO_SMOKE_ROUTE"","
"D:\GATA_MODULEC_UNIFIED_PROCESS\GATA_ModuleC_pipeline_unified_20260529_110642\01_REPO_COPY\pipeline\scientific_threshold_gate.py"	"pipeline\scientific_threshold_gate.py"	"462"	"def add_evidence"	"ERA5"	"""priority=v1_moduleA_validated>v0_gfas_era5_real>BLOCKED_DECODER_REQUIRED>v0_parquet_proxy_degraded>NO-GO_SMOKE_ROUTE"","
"D:\GATA_MODULEC_UNIFIED_PROCESS\GATA_ModuleC_pipeline_unified_20260529_110642\01_REPO_COPY\pipeline\scientific_threshold_gate.py"	"pipeline\scientific_threshold_gate.py"	"468"	"def add_evidence"	"NO-GO_SCIENTIFIC_THRESHOLD"	"""NO-GO_SCIENTIFIC_THRESHOLD"" if route_status.startswith(""BLOCKED"") else ""NONE"","
"D:\GATA_MODULEC_UNIFIED_PROCESS\GATA_ModuleC_pipeline_unified_20260529_110642\01_REPO_COPY\pipeline\scientific_threshold_gate.py"	"pipeline\scientific_threshold_gate.py"	"484"	"def add_evidence"	"NO-GO_SCIENTIFIC_THRESHOLD"	"""NO-GO_SCIENTIFIC_THRESHOLD"" if smoke_status.startswith(""BLOCKED"") else ""NONE"","
"D:\GATA_MODULEC_UNIFIED_PROCESS\GATA_ModuleC_pipeline_unified_20260529_110642\01_REPO_COPY\pipeline\scientific_threshold_gate.py"	"pipeline\scientific_threshold_gate.py"	"500"	"def add_evidence"	"NO-GO_SCIENTIFIC_THRESHOLD"	"""NO-GO_SCIENTIFIC_THRESHOLD"" if health_status.startswith(""BLOCKED"") else ""NONE"","
"D:\GATA_MODULEC_UNIFIED_PROCESS\GATA_ModuleC_pipeline_unified_20260529_110642\01_REPO_COPY\pipeline\scientific_threshold_gate.py"	"pipeline\scientific_threshold_gate.py"	"516"	"def add_evidence"	"NO-GO_SCIENTIFIC_THRESHOLD"	"""NO-GO_SCIENTIFIC_THRESHOLD"" if pop_cancel_status.startswith(""BLOCKED"") else ""NONE"","
"D:\GATA_MODULEC_UNIFIED_PROCESS\GATA_ModuleC_pipeline_unified_20260529_110642\01_REPO_COPY\pipeline\scientific_threshold_gate.py"	"pipeline\scientific_threshold_gate.py"	"532"	"def add_evidence"	"NO-GO_SCIENTIFIC_THRESHOLD"	"""NO-GO_SCIENTIFIC_THRESHOLD"" if warning_status.startswith(""BLOCKED"") else ""NONE"","
"D:\GATA_MODULEC_UNIFIED_PROCESS\GATA_ModuleC_pipeline_unified_20260529_110642\01_REPO_COPY\pipeline\scientific_threshold_gate.py"	"pipeline\scientific_threshold_gate.py"	"540"	"def add_evidence"	"2024"	"""IECH_mean_2015_2024"","
"D:\GATA_MODULEC_UNIFIED_PROCESS\GATA_ModuleC_pipeline_unified_20260529_110642\01_REPO_COPY\pipeline\scientific_threshold_gate.py"	"pipeline\scientific_threshold_gate.py"	"542"	"def add_evidence"	"2024"	"""count_unique(IECH_mean_2015_2024 across units) must be > 1 for ranking claims."","
"D:\GATA_MODULEC_UNIFIED_PROCESS\GATA_ModuleC_pipeline_unified_20260529_110642\01_REPO_COPY\pipeline\scientific_threshold_gate.py"	"pipeline\scientific_threshold_gate.py"	"548"	"def add_evidence"	"NO-GO_SCIENTIFIC_THRESHOLD"	"""NO-GO_SCIENTIFIC_THRESHOLD"" if iech_status.startswith(""BLOCKED"") else ""NONE"","
"D:\GATA_MODULEC_UNIFIED_PROCESS\GATA_ModuleC_pipeline_unified_20260529_110642\01_REPO_COPY\pipeline\scientific_threshold_gate.py"	"pipeline\scientific_threshold_gate.py"	"564"	"def add_evidence"	"NO-GO_SCIENTIFIC_THRESHOLD"	"""NO-GO_SCIENTIFIC_THRESHOLD"" if causal_status.startswith(""BLOCKED"") else ""NONE"","
"D:\GATA_MODULEC_UNIFIED_PROCESS\GATA_ModuleC_pipeline_unified_20260529_110642\01_REPO_COPY\pipeline\scientific_threshold_gate.py"	"pipeline\scientific_threshold_gate.py"	"571"	"def add_evidence"	"inputs_resolved"	"add_evidence(""inputs_resolved"", inputs_json)"
"D:\GATA_MODULEC_UNIFIED_PROCESS\GATA_ModuleC_pipeline_unified_20260529_110642\01_REPO_COPY\pipeline\scientific_threshold_gate.py"	"pipeline\scientific_threshold_gate.py"	"690"	"def add_evidence"	"NO-GO_SCIENTIFIC_THRESHOLD"	"if ""NO-GO_SCIENTIFIC_THRESHOLD"" in scientific_effects:"
"D:\GATA_MODULEC_UNIFIED_PROCESS\GATA_ModuleC_pipeline_unified_20260529_110642\01_REPO_COPY\pipeline\scientific_threshold_gate.py"	"pipeline\scientific_threshold_gate.py"	"691"	"def add_evidence"	"NO-GO_SCIENTIFIC_THRESHOLD"	"scientific_decision = ""NO-GO_SCIENTIFIC_THRESHOLD"""
"D:\GATA_MODULEC_UNIFIED_PROCESS\GATA_ModuleC_pipeline_unified_20260529_110642\01_REPO_COPY\pipeline\scientific_threshold_gate.py"	"pipeline\scientific_threshold_gate.py"	"725"	"def add_evidence"	"NO-GO_SCIENTIFIC_THRESHOLD"	"# Decision may be NO-GO_SCIENTIFIC_THRESHOLD while operational closure remains analyzable."
"D:\GATA_MODULEC_UNIFIED_PROCESS\GATA_ModuleC_pipeline_unified_20260529_110642\01_REPO_COPY\pipeline\smoke_route_selector.py"	"pipeline\smoke_route_selector.py"	"10"	"GLOBAL"	"v0_gfas_era5_real"	"""v0_gfas_era5_real"","
"D:\GATA_MODULEC_UNIFIED_PROCESS\GATA_ModuleC_pipeline_unified_20260529_110642\01_REPO_COPY\pipeline\smoke_route_selector.py"	"pipeline\smoke_route_selector.py"	"10"	"GLOBAL"	"gfas"	"""v0_gfas_era5_real"","
"D:\GATA_MODULEC_UNIFIED_PROCESS\GATA_ModuleC_pipeline_unified_20260529_110642\01_REPO_COPY\pipeline\smoke_route_selector.py"	"pipeline\smoke_route_selector.py"	"10"	"GLOBAL"	"GFAS"	"""v0_gfas_era5_real"","
"D:\GATA_MODULEC_UNIFIED_PROCESS\GATA_ModuleC_pipeline_unified_20260529_110642\01_REPO_COPY\pipeline\smoke_route_selector.py"	"pipeline\smoke_route_selector.py"	"10"	"GLOBAL"	"era5"	"""v0_gfas_era5_real"","
"D:\GATA_MODULEC_UNIFIED_PROCESS\GATA_ModuleC_pipeline_unified_20260529_110642\01_REPO_COPY\pipeline\smoke_route_selector.py"	"pipeline\smoke_route_selector.py"	"10"	"GLOBAL"	"ERA5"	"""v0_gfas_era5_real"","
"D:\GATA_MODULEC_UNIFIED_PROCESS\GATA_ModuleC_pipeline_unified_20260529_110642\01_REPO_COPY\pipeline\smoke_route_selector.py"	"pipeline\smoke_route_selector.py"	"12"	"GLOBAL"	"parquet"	"""v0_parquet_proxy_degraded"","
"D:\GATA_MODULEC_UNIFIED_PROCESS\GATA_ModuleC_pipeline_unified_20260529_110642\01_REPO_COPY\pipeline\smoke_route_selector.py"	"pipeline\smoke_route_selector.py"	"78"	"def detect_smoke_sources"	"parquet"	"# The parquet proxy path must not be interpreted as v1."
"D:\GATA_MODULEC_UNIFIED_PROCESS\GATA_ModuleC_pipeline_unified_20260529_110642\01_REPO_COPY\pipeline\smoke_route_selector.py"	"pipeline\smoke_route_selector.py"	"79"	"def detect_smoke_sources"	"parquet"	"if ""parquetfiles"" in _norm(cand):"
"D:\GATA_MODULEC_UNIFIED_PROCESS\GATA_ModuleC_pipeline_unified_20260529_110642\01_REPO_COPY\pipeline\smoke_route_selector.py"	"pipeline\smoke_route_selector.py"	"85"	"def detect_smoke_sources"	"gfas"	"gfas_dir = modulec_datos / ""CAM-GFAS (ADS)"""
"D:\GATA_MODULEC_UNIFIED_PROCESS\GATA_ModuleC_pipeline_unified_20260529_110642\01_REPO_COPY\pipeline\smoke_route_selector.py"	"pipeline\smoke_route_selector.py"	"85"	"def detect_smoke_sources"	"GFAS"	"gfas_dir = modulec_datos / ""CAM-GFAS (ADS)"""
"D:\GATA_MODULEC_UNIFIED_PROCESS\GATA_ModuleC_pipeline_unified_20260529_110642\01_REPO_COPY\pipeline\smoke_route_selector.py"	"pipeline\smoke_route_selector.py"	"86"	"def detect_smoke_sources"	"gfas"	"gfas_gribs = sorted(gfas_dir.glob(""*.grib"")) if gfas_dir.exists() else []"
"D:\GATA_MODULEC_UNIFIED_PROCESS\GATA_ModuleC_pipeline_unified_20260529_110642\01_REPO_COPY\pipeline\smoke_route_selector.py"	"pipeline\smoke_route_selector.py"	"86"	"def detect_smoke_sources"	"GFAS"	"gfas_gribs = sorted(gfas_dir.glob(""*.grib"")) if gfas_dir.exists() else []"
"D:\GATA_MODULEC_UNIFIED_PROCESS\GATA_ModuleC_pipeline_unified_20260529_110642\01_REPO_COPY\pipeline\smoke_route_selector.py"	"pipeline\smoke_route_selector.py"	"86"	"def detect_smoke_sources"	"grib"	"gfas_gribs = sorted(gfas_dir.glob(""*.grib"")) if gfas_dir.exists() else []"
"D:\GATA_MODULEC_UNIFIED_PROCESS\GATA_ModuleC_pipeline_unified_20260529_110642\01_REPO_COPY\pipeline\smoke_route_selector.py"	"pipeline\smoke_route_selector.py"	"86"	"def detect_smoke_sources"	"GRIB"	"gfas_gribs = sorted(gfas_dir.glob(""*.grib"")) if gfas_dir.exists() else []"
"D:\GATA_MODULEC_UNIFIED_PROCESS\GATA_ModuleC_pipeline_unified_20260529_110642\01_REPO_COPY\pipeline\smoke_route_selector.py"	"pipeline\smoke_route_selector.py"	"87"	"def detect_smoke_sources"	"gfas"	"gfas_total_bytes = sum(int(p.stat().st_size) for p in gfas_gribs) if gfas_gribs else 0"
"D:\GATA_MODULEC_UNIFIED_PROCESS\GATA_ModuleC_pipeline_unified_20260529_110642\01_REPO_COPY\pipeline\smoke_route_selector.py"	"pipeline\smoke_route_selector.py"	"87"	"def detect_smoke_sources"	"GFAS"	"gfas_total_bytes = sum(int(p.stat().st_size) for p in gfas_gribs) if gfas_gribs else 0"
"D:\GATA_MODULEC_UNIFIED_PROCESS\GATA_ModuleC_pipeline_unified_20260529_110642\01_REPO_COPY\pipeline\smoke_route_selector.py"	"pipeline\smoke_route_selector.py"	"87"	"def detect_smoke_sources"	"grib"	"gfas_total_bytes = sum(int(p.stat().st_size) for p in gfas_gribs) if gfas_gribs else 0"
"D:\GATA_MODULEC_UNIFIED_PROCESS\GATA_ModuleC_pipeline_unified_20260529_110642\01_REPO_COPY\pipeline\smoke_route_selector.py"	"pipeline\smoke_route_selector.py"	"87"	"def detect_smoke_sources"	"GRIB"	"gfas_total_bytes = sum(int(p.stat().st_size) for p in gfas_gribs) if gfas_gribs else 0"
"D:\GATA_MODULEC_UNIFIED_PROCESS\GATA_ModuleC_pipeline_unified_20260529_110642\01_REPO_COPY\pipeline\smoke_route_selector.py"	"pipeline\smoke_route_selector.py"	"89"	"def detect_smoke_sources"	"era5"	"era5_candidates = sorted(modulec_datos.glob(""*ERA5*.zip""))"
"D:\GATA_MODULEC_UNIFIED_PROCESS\GATA_ModuleC_pipeline_unified_20260529_110642\01_REPO_COPY\pipeline\smoke_route_selector.py"	"pipeline\smoke_route_selector.py"	"89"	"def detect_smoke_sources"	"ERA5"	"era5_candidates = sorted(modulec_datos.glob(""*ERA5*.zip""))"
"D:\GATA_MODULEC_UNIFIED_PROCESS\GATA_ModuleC_pipeline_unified_20260529_110642\01_REPO_COPY\pipeline\smoke_route_selector.py"	"pipeline\smoke_route_selector.py"	"90"	"def detect_smoke_sources"	"era5"	"era5_zip = era5_candidates[0] if era5_candidates else None"
"D:\GATA_MODULEC_UNIFIED_PROCESS\GATA_ModuleC_pipeline_unified_20260529_110642\01_REPO_COPY\pipeline\smoke_route_selector.py"	"pipeline\smoke_route_selector.py"	"90"	"def detect_smoke_sources"	"ERA5"	"era5_zip = era5_candidates[0] if era5_candidates else None"
"D:\GATA_MODULEC_UNIFIED_PROCESS\GATA_ModuleC_pipeline_unified_20260529_110642\01_REPO_COPY\pipeline\smoke_route_selector.py"	"pipeline\smoke_route_selector.py"	"92"	"def detect_smoke_sources"	"parquet"	"parquet_candidates = ["
"D:\GATA_MODULEC_UNIFIED_PROCESS\GATA_ModuleC_pipeline_unified_20260529_110642\01_REPO_COPY\pipeline\smoke_route_selector.py"	"pipeline\smoke_route_selector.py"	"93"	"def detect_smoke_sources"	"parquet"	"modulec_datos / ""ParquetFiles 2017.zip"","
"D:\GATA_MODULEC_UNIFIED_PROCESS\GATA_ModuleC_pipeline_unified_20260529_110642\01_REPO_COPY\pipeline\smoke_route_selector.py"	"pipeline\smoke_route_selector.py"	"94"	"def detect_smoke_sources"	"parquet"	"modulec_datos / ""ParquetFiles 2022.zip"","
"D:\GATA_MODULEC_UNIFIED_PROCESS\GATA_ModuleC_pipeline_unified_20260529_110642\01_REPO_COPY\pipeline\smoke_route_selector.py"	"pipeline\smoke_route_selector.py"	"96"	"def detect_smoke_sources"	"parquet"	"parquet_existing = [p for p in parquet_candidates if p.exists()]"
"D:\GATA_MODULEC_UNIFIED_PROCESS\GATA_ModuleC_pipeline_unified_20260529_110642\01_REPO_COPY\pipeline\smoke_route_selector.py"	"pipeline\smoke_route_selector.py"	"102"	"def detect_smoke_sources"	"gfas"	"""gfas_dir"": str(gfas_dir) if gfas_dir.exists() else """","
"D:\GATA_MODULEC_UNIFIED_PROCESS\GATA_ModuleC_pipeline_unified_20260529_110642\01_REPO_COPY\pipeline\smoke_route_selector.py"	"pipeline\smoke_route_selector.py"	"102"	"def detect_smoke_sources"	"GFAS"	"""gfas_dir"": str(gfas_dir) if gfas_dir.exists() else """","
"D:\GATA_MODULEC_UNIFIED_PROCESS\GATA_ModuleC_pipeline_unified_20260529_110642\01_REPO_COPY\pipeline\smoke_route_selector.py"	"pipeline\smoke_route_selector.py"	"103"	"def detect_smoke_sources"	"gfas"	"""gfas_exists"": gfas_dir.exists(),"
"D:\GATA_MODULEC_UNIFIED_PROCESS\GATA_ModuleC_pipeline_unified_20260529_110642\01_REPO_COPY\pipeline\smoke_route_selector.py"	"pipeline\smoke_route_selector.py"	"103"	"def detect_smoke_sources"	"GFAS"	"""gfas_exists"": gfas_dir.exists(),"
"D:\GATA_MODULEC_UNIFIED_PROCESS\GATA_ModuleC_pipeline_unified_20260529_110642\01_REPO_COPY\pipeline\smoke_route_selector.py"	"pipeline\smoke_route_selector.py"	"104"	"def detect_smoke_sources"	"gfas"	"""gfas_grib_count"": len(gfas_gribs),"
"D:\GATA_MODULEC_UNIFIED_PROCESS\GATA_ModuleC_pipeline_unified_20260529_110642\01_REPO_COPY\pipeline\smoke_route_selector.py"	"pipeline\smoke_route_selector.py"	"104"	"def detect_smoke_sources"	"GFAS"	"""gfas_grib_count"": len(gfas_gribs),"
"D:\GATA_MODULEC_UNIFIED_PROCESS\GATA_ModuleC_pipeline_unified_20260529_110642\01_REPO_COPY\pipeline\smoke_route_selector.py"	"pipeline\smoke_route_selector.py"	"104"	"def detect_smoke_sources"	"grib"	"""gfas_grib_count"": len(gfas_gribs),"
"D:\GATA_MODULEC_UNIFIED_PROCESS\GATA_ModuleC_pipeline_unified_20260529_110642\01_REPO_COPY\pipeline\smoke_route_selector.py"	"pipeline\smoke_route_selector.py"	"104"	"def detect_smoke_sources"	"GRIB"	"""gfas_grib_count"": len(gfas_gribs),"
"D:\GATA_MODULEC_UNIFIED_PROCESS\GATA_ModuleC_pipeline_unified_20260529_110642\01_REPO_COPY\pipeline\smoke_route_selector.py"	"pipeline\smoke_route_selector.py"	"105"	"def detect_smoke_sources"	"gfas"	"""gfas_total_bytes"": int(gfas_total_bytes),"
"D:\GATA_MODULEC_UNIFIED_PROCESS\GATA_ModuleC_pipeline_unified_20260529_110642\01_REPO_COPY\pipeline\smoke_route_selector.py"	"pipeline\smoke_route_selector.py"	"105"	"def detect_smoke_sources"	"GFAS"	"""gfas_total_bytes"": int(gfas_total_bytes),"
"D:\GATA_MODULEC_UNIFIED_PROCESS\GATA_ModuleC_pipeline_unified_20260529_110642\01_REPO_COPY\pipeline\smoke_route_selector.py"	"pipeline\smoke_route_selector.py"	"106"	"def detect_smoke_sources"	"era5"	"""era5_zip"": str(era5_zip) if era5_zip else """","
"D:\GATA_MODULEC_UNIFIED_PROCESS\GATA_ModuleC_pipeline_unified_20260529_110642\01_REPO_COPY\pipeline\smoke_route_selector.py"	"pipeline\smoke_route_selector.py"	"106"	"def detect_smoke_sources"	"ERA5"	"""era5_zip"": str(era5_zip) if era5_zip else """","
"D:\GATA_MODULEC_UNIFIED_PROCESS\GATA_ModuleC_pipeline_unified_20260529_110642\01_REPO_COPY\pipeline\smoke_route_selector.py"	"pipeline\smoke_route_selector.py"	"107"	"def detect_smoke_sources"	"era5"	"""era5_exists"": era5_zip is not None and era5_zip.exists(),"
"D:\GATA_MODULEC_UNIFIED_PROCESS\GATA_ModuleC_pipeline_unified_20260529_110642\01_REPO_COPY\pipeline\smoke_route_selector.py"	"pipeline\smoke_route_selector.py"	"107"	"def detect_smoke_sources"	"ERA5"	"""era5_exists"": era5_zip is not None and era5_zip.exists(),"
"D:\GATA_MODULEC_UNIFIED_PROCESS\GATA_ModuleC_pipeline_unified_20260529_110642\01_REPO_COPY\pipeline\smoke_route_selector.py"	"pipeline\smoke_route_selector.py"	"108"	"def detect_smoke_sources"	"parquet"	"""parquet_zip_count"": len(parquet_existing),"
"D:\GATA_MODULEC_UNIFIED_PROCESS\GATA_ModuleC_pipeline_unified_20260529_110642\01_REPO_COPY\pipeline\smoke_route_selector.py"	"pipeline\smoke_route_selector.py"	"109"	"def detect_smoke_sources"	"parquet"	"""parquet_zip_paths"": [str(p) for p in parquet_existing],"
"D:\GATA_MODULEC_UNIFIED_PROCESS\GATA_ModuleC_pipeline_unified_20260529_110642\01_REPO_COPY\pipeline\smoke_route_selector.py"	"pipeline\smoke_route_selector.py"	"115"	"def select_smoke_route"	"gfas"	"gfas_ok = bool(sources.get(""gfas_exists"")) and int(sources.get(""gfas_grib_count"") or 0) > 0"
"D:\GATA_MODULEC_UNIFIED_PROCESS\GATA_ModuleC_pipeline_unified_20260529_110642\01_REPO_COPY\pipeline\smoke_route_selector.py"	"pipeline\smoke_route_selector.py"	"115"	"def select_smoke_route"	"GFAS"	"gfas_ok = bool(sources.get(""gfas_exists"")) and int(sources.get(""gfas_grib_count"") or 0) > 0"
"D:\GATA_MODULEC_UNIFIED_PROCESS\GATA_ModuleC_pipeline_unified_20260529_110642\01_REPO_COPY\pipeline\smoke_route_selector.py"	"pipeline\smoke_route_selector.py"	"115"	"def select_smoke_route"	"grib"	"gfas_ok = bool(sources.get(""gfas_exists"")) and int(sources.get(""gfas_grib_count"") or 0) > 0"
"D:\GATA_MODULEC_UNIFIED_PROCESS\GATA_ModuleC_pipeline_unified_20260529_110642\01_REPO_COPY\pipeline\smoke_route_selector.py"	"pipeline\smoke_route_selector.py"	"115"	"def select_smoke_route"	"GRIB"	"gfas_ok = bool(sources.get(""gfas_exists"")) and int(sources.get(""gfas_grib_count"") or 0) > 0"
"D:\GATA_MODULEC_UNIFIED_PROCESS\GATA_ModuleC_pipeline_unified_20260529_110642\01_REPO_COPY\pipeline\smoke_route_selector.py"	"pipeline\smoke_route_selector.py"	"116"	"def select_smoke_route"	"era5"	"era5_ok = bool(sources.get(""era5_exists""))"
"D:\GATA_MODULEC_UNIFIED_PROCESS\GATA_ModuleC_pipeline_unified_20260529_110642\01_REPO_COPY\pipeline\smoke_route_selector.py"	"pipeline\smoke_route_selector.py"	"116"	"def select_smoke_route"	"ERA5"	"era5_ok = bool(sources.get(""era5_exists""))"
"D:\GATA_MODULEC_UNIFIED_PROCESS\GATA_ModuleC_pipeline_unified_20260529_110642\01_REPO_COPY\pipeline\smoke_route_selector.py"	"pipeline\smoke_route_selector.py"	"117"	"def select_smoke_route"	"parquet"	"parquet_ok = int(sources.get(""parquet_zip_count"") or 0) > 0"
"D:\GATA_MODULEC_UNIFIED_PROCESS\GATA_ModuleC_pipeline_unified_20260529_110642\01_REPO_COPY\pipeline\smoke_route_selector.py"	"pipeline\smoke_route_selector.py"	"142"	"def select_smoke_route"	"THRESHOLD_DEFINED_AS_INDEXED_METHOD"	"""smoke_route_decision"": ""THRESHOLD_DEFINED_AS_INDEXED_METHOD"","
"D:\GATA_MODULEC_UNIFIED_PROCESS\GATA_ModuleC_pipeline_unified_20260529_110642\01_REPO_COPY\pipeline\smoke_route_selector.py"	"pipeline\smoke_route_selector.py"	"155"	"def select_smoke_route"	"gfas"	"if gfas_ok and era5_ok:"
"D:\GATA_MODULEC_UNIFIED_PROCESS\GATA_ModuleC_pipeline_unified_20260529_110642\01_REPO_COPY\pipeline\smoke_route_selector.py"	"pipeline\smoke_route_selector.py"	"155"	"def select_smoke_route"	"GFAS"	"if gfas_ok and era5_ok:"
"D:\GATA_MODULEC_UNIFIED_PROCESS\GATA_ModuleC_pipeline_unified_20260529_110642\01_REPO_COPY\pipeline\smoke_route_selector.py"	"pipeline\smoke_route_selector.py"	"155"	"def select_smoke_route"	"era5"	"if gfas_ok and era5_ok:"
"D:\GATA_MODULEC_UNIFIED_PROCESS\GATA_ModuleC_pipeline_unified_20260529_110642\01_REPO_COPY\pipeline\smoke_route_selector.py"	"pipeline\smoke_route_selector.py"	"155"	"def select_smoke_route"	"ERA5"	"if gfas_ok and era5_ok:"
"D:\GATA_MODULEC_UNIFIED_PROCESS\GATA_ModuleC_pipeline_unified_20260529_110642\01_REPO_COPY\pipeline\smoke_route_selector.py"	"pipeline\smoke_route_selector.py"	"159"	"def select_smoke_route"	"v0_gfas_era5_real"	"""route_selected"": ""v0_gfas_era5_real"","
"D:\GATA_MODULEC_UNIFIED_PROCESS\GATA_ModuleC_pipeline_unified_20260529_110642\01_REPO_COPY\pipeline\smoke_route_selector.py"	"pipeline\smoke_route_selector.py"	"159"	"def select_smoke_route"	"gfas"	"""route_selected"": ""v0_gfas_era5_real"","
"D:\GATA_MODULEC_UNIFIED_PROCESS\GATA_ModuleC_pipeline_unified_20260529_110642\01_REPO_COPY\pipeline\smoke_route_selector.py"	"pipeline\smoke_route_selector.py"	"159"	"def select_smoke_route"	"GFAS"	"""route_selected"": ""v0_gfas_era5_real"","
"D:\GATA_MODULEC_UNIFIED_PROCESS\GATA_ModuleC_pipeline_unified_20260529_110642\01_REPO_COPY\pipeline\smoke_route_selector.py"	"pipeline\smoke_route_selector.py"	"159"	"def select_smoke_route"	"era5"	"""route_selected"": ""v0_gfas_era5_real"","
"D:\GATA_MODULEC_UNIFIED_PROCESS\GATA_ModuleC_pipeline_unified_20260529_110642\01_REPO_COPY\pipeline\smoke_route_selector.py"	"pipeline\smoke_route_selector.py"	"159"	"def select_smoke_route"	"ERA5"	"""route_selected"": ""v0_gfas_era5_real"","
"D:\GATA_MODULEC_UNIFIED_PROCESS\GATA_ModuleC_pipeline_unified_20260529_110642\01_REPO_COPY\pipeline\smoke_route_selector.py"	"pipeline\smoke_route_selector.py"	"160"	"def select_smoke_route"	"SCIENTIFIC_PRIMARY_REAL"	"""smoke_route_status"": ""SCIENTIFIC_PRIMARY_REAL"","
"D:\GATA_MODULEC_UNIFIED_PROCESS\GATA_ModuleC_pipeline_unified_20260529_110642\01_REPO_COPY\pipeline\smoke_route_selector.py"	"pipeline\smoke_route_selector.py"	"161"	"def select_smoke_route"	"THRESHOLD_DEFINED_AS_INDEXED_METHOD"	"""smoke_route_decision"": ""THRESHOLD_DEFINED_AS_INDEXED_METHOD"","
"D:\GATA_MODULEC_UNIFIED_PROCESS\GATA_ModuleC_pipeline_unified_20260529_110642\01_REPO_COPY\pipeline\smoke_route_selector.py"	"pipeline\smoke_route_selector.py"	"167"	"def select_smoke_route"	"GFAS + ERA5 detected and decoder is available"	"""reason"": ""GFAS + ERA5 detected and decoder is available."","
"D:\GATA_MODULEC_UNIFIED_PROCESS\GATA_ModuleC_pipeline_unified_20260529_110642\01_REPO_COPY\pipeline\smoke_route_selector.py"	"pipeline\smoke_route_selector.py"	"167"	"def select_smoke_route"	"gfas"	"""reason"": ""GFAS + ERA5 detected and decoder is available."","
"D:\GATA_MODULEC_UNIFIED_PROCESS\GATA_ModuleC_pipeline_unified_20260529_110642\01_REPO_COPY\pipeline\smoke_route_selector.py"	"pipeline\smoke_route_selector.py"	"167"	"def select_smoke_route"	"GFAS"	"""reason"": ""GFAS + ERA5 detected and decoder is available."","
"D:\GATA_MODULEC_UNIFIED_PROCESS\GATA_ModuleC_pipeline_unified_20260529_110642\01_REPO_COPY\pipeline\smoke_route_selector.py"	"pipeline\smoke_route_selector.py"	"167"	"def select_smoke_route"	"era5"	"""reason"": ""GFAS + ERA5 detected and decoder is available."","
"D:\GATA_MODULEC_UNIFIED_PROCESS\GATA_ModuleC_pipeline_unified_20260529_110642\01_REPO_COPY\pipeline\smoke_route_selector.py"	"pipeline\smoke_route_selector.py"	"167"	"def select_smoke_route"	"ERA5"	"""reason"": ""GFAS + ERA5 detected and decoder is available."","
"D:\GATA_MODULEC_UNIFIED_PROCESS\GATA_ModuleC_pipeline_unified_20260529_110642\01_REPO_COPY\pipeline\smoke_route_selector.py"	"pipeline\smoke_route_selector.py"	"177"	"def select_smoke_route"	"parquet"	"""smoke_route_status"": ""PROXY_DEGRADED"" if parquet_ok else ""BLOCKED"","
"D:\GATA_MODULEC_UNIFIED_PROCESS\GATA_ModuleC_pipeline_unified_20260529_110642\01_REPO_COPY\pipeline\smoke_route_selector.py"	"pipeline\smoke_route_selector.py"	"183"	"def select_smoke_route"	"NO-GO_SCIENTIFIC_THRESHOLD"	"""final_scientific_decision"": ""NO-GO_SCIENTIFIC_THRESHOLD"","
"D:\GATA_MODULEC_UNIFIED_PROCESS\GATA_ModuleC_pipeline_unified_20260529_110642\01_REPO_COPY\pipeline\smoke_route_selector.py"	"pipeline\smoke_route_selector.py"	"184"	"def select_smoke_route"	"gfas"	"""required_decoder"": ""GFAS_GRIB_TO_DAILY_PT_GRID"","
"D:\GATA_MODULEC_UNIFIED_PROCESS\GATA_ModuleC_pipeline_unified_20260529_110642\01_REPO_COPY\pipeline\smoke_route_selector.py"	"pipeline\smoke_route_selector.py"	"184"	"def select_smoke_route"	"GFAS"	"""required_decoder"": ""GFAS_GRIB_TO_DAILY_PT_GRID"","
"D:\GATA_MODULEC_UNIFIED_PROCESS\GATA_ModuleC_pipeline_unified_20260529_110642\01_REPO_COPY\pipeline\smoke_route_selector.py"	"pipeline\smoke_route_selector.py"	"184"	"def select_smoke_route"	"grib"	"""required_decoder"": ""GFAS_GRIB_TO_DAILY_PT_GRID"","
"D:\GATA_MODULEC_UNIFIED_PROCESS\GATA_ModuleC_pipeline_unified_20260529_110642\01_REPO_COPY\pipeline\smoke_route_selector.py"	"pipeline\smoke_route_selector.py"	"184"	"def select_smoke_route"	"GRIB"	"""required_decoder"": ""GFAS_GRIB_TO_DAILY_PT_GRID"","
"D:\GATA_MODULEC_UNIFIED_PROCESS\GATA_ModuleC_pipeline_unified_20260529_110642\01_REPO_COPY\pipeline\smoke_route_selector.py"	"pipeline\smoke_route_selector.py"	"185"	"def select_smoke_route"	"gfas"	"""required_inputs"": ""GFAS + ERA5 u10/v10"","
"D:\GATA_MODULEC_UNIFIED_PROCESS\GATA_ModuleC_pipeline_unified_20260529_110642\01_REPO_COPY\pipeline\smoke_route_selector.py"	"pipeline\smoke_route_selector.py"	"185"	"def select_smoke_route"	"GFAS"	"""required_inputs"": ""GFAS + ERA5 u10/v10"","
"D:\GATA_MODULEC_UNIFIED_PROCESS\GATA_ModuleC_pipeline_unified_20260529_110642\01_REPO_COPY\pipeline\smoke_route_selector.py"	"pipeline\smoke_route_selector.py"	"185"	"def select_smoke_route"	"era5"	"""required_inputs"": ""GFAS + ERA5 u10/v10"","
"D:\GATA_MODULEC_UNIFIED_PROCESS\GATA_ModuleC_pipeline_unified_20260529_110642\01_REPO_COPY\pipeline\smoke_route_selector.py"	"pipeline\smoke_route_selector.py"	"185"	"def select_smoke_route"	"ERA5"	"""required_inputs"": ""GFAS + ERA5 u10/v10"","
"D:\GATA_MODULEC_UNIFIED_PROCESS\GATA_ModuleC_pipeline_unified_20260529_110642\01_REPO_COPY\pipeline\smoke_route_selector.py"	"pipeline\smoke_route_selector.py"	"186"	"def select_smoke_route"	"gfas"	"""reason"": ""GFAS and ERA5 exist but no robust decoder is wired in runtime."","
"D:\GATA_MODULEC_UNIFIED_PROCESS\GATA_ModuleC_pipeline_unified_20260529_110642\01_REPO_COPY\pipeline\smoke_route_selector.py"	"pipeline\smoke_route_selector.py"	"186"	"def select_smoke_route"	"GFAS"	"""reason"": ""GFAS and ERA5 exist but no robust decoder is wired in runtime."","
"D:\GATA_MODULEC_UNIFIED_PROCESS\GATA_ModuleC_pipeline_unified_20260529_110642\01_REPO_COPY\pipeline\smoke_route_selector.py"	"pipeline\smoke_route_selector.py"	"186"	"def select_smoke_route"	"era5"	"""reason"": ""GFAS and ERA5 exist but no robust decoder is wired in runtime."","
"D:\GATA_MODULEC_UNIFIED_PROCESS\GATA_ModuleC_pipeline_unified_20260529_110642\01_REPO_COPY\pipeline\smoke_route_selector.py"	"pipeline\smoke_route_selector.py"	"186"	"def select_smoke_route"	"ERA5"	"""reason"": ""GFAS and ERA5 exist but no robust decoder is wired in runtime."","
"D:\GATA_MODULEC_UNIFIED_PROCESS\GATA_ModuleC_pipeline_unified_20260529_110642\01_REPO_COPY\pipeline\smoke_route_selector.py"	"pipeline\smoke_route_selector.py"	"187"	"def select_smoke_route"	"parquet"	"""operational_fallback_route"": ""v0_parquet_proxy_degraded"" if parquet_ok else """","
"D:\GATA_MODULEC_UNIFIED_PROCESS\GATA_ModuleC_pipeline_unified_20260529_110642\01_REPO_COPY\pipeline\smoke_route_selector.py"	"pipeline\smoke_route_selector.py"	"188"	"def select_smoke_route"	"parquet"	"""allowed_use"": ""diagnostic_only"" if parquet_ok else """","
"D:\GATA_MODULEC_UNIFIED_PROCESS\GATA_ModuleC_pipeline_unified_20260529_110642\01_REPO_COPY\pipeline\smoke_route_selector.py"	"pipeline\smoke_route_selector.py"	"194"	"def select_smoke_route"	"parquet"	"if parquet_ok:"
"D:\GATA_MODULEC_UNIFIED_PROCESS\GATA_ModuleC_pipeline_unified_20260529_110642\01_REPO_COPY\pipeline\smoke_route_selector.py"	"pipeline\smoke_route_selector.py"	"197"	"def select_smoke_route"	"parquet"	"""route_selected"": ""v0_parquet_proxy_degraded"","
"D:\GATA_MODULEC_UNIFIED_PROCESS\GATA_ModuleC_pipeline_unified_20260529_110642\01_REPO_COPY\pipeline\smoke_route_selector.py"	"pipeline\smoke_route_selector.py"	"204"	"def select_smoke_route"	"NO-GO_SCIENTIFIC_THRESHOLD"	"""final_scientific_decision"": ""NO-GO_SCIENTIFIC_THRESHOLD"","
"D:\GATA_MODULEC_UNIFIED_PROCESS\GATA_ModuleC_pipeline_unified_20260529_110642\01_REPO_COPY\pipeline\smoke_route_selector.py"	"pipeline\smoke_route_selector.py"	"205"	"def select_smoke_route"	"parquet"	"""reason"": ""Only parquet proxy route is available."","
"D:\GATA_MODULEC_UNIFIED_PROCESS\GATA_ModuleC_pipeline_unified_20260529_110642\01_REPO_COPY\pipeline\smoke_route_selector.py"	"pipeline\smoke_route_selector.py"	"221"	"def select_smoke_route"	"NO-GO_SCIENTIFIC_THRESHOLD"	"""final_scientific_decision"": ""NO-GO_SCIENTIFIC_THRESHOLD"","
"D:\GATA_MODULEC_UNIFIED_PROCESS\GATA_ModuleC_pipeline_unified_20260529_110642\01_REPO_COPY\pipeline\smoke_route_selector.py"	"pipeline\smoke_route_selector.py"	"235"	"def apply_route_meta"	"gfas"	"paths[""smoke_gfas_dir""] = str(sources.get(""gfas_dir"", """"))"
"D:\GATA_MODULEC_UNIFIED_PROCESS\GATA_ModuleC_pipeline_unified_20260529_110642\01_REPO_COPY\pipeline\smoke_route_selector.py"	"pipeline\smoke_route_selector.py"	"235"	"def apply_route_meta"	"GFAS"	"paths[""smoke_gfas_dir""] = str(sources.get(""gfas_dir"", """"))"
"D:\GATA_MODULEC_UNIFIED_PROCESS\GATA_ModuleC_pipeline_unified_20260529_110642\01_REPO_COPY\pipeline\smoke_route_selector.py"	"pipeline\smoke_route_selector.py"	"236"	"def apply_route_meta"	"era5"	"paths[""smoke_era5_zip""] = str(sources.get(""era5_zip"", """"))"
"D:\GATA_MODULEC_UNIFIED_PROCESS\GATA_ModuleC_pipeline_unified_20260529_110642\01_REPO_COPY\pipeline\smoke_route_selector.py"	"pipeline\smoke_route_selector.py"	"236"	"def apply_route_meta"	"ERA5"	"paths[""smoke_era5_zip""] = str(sources.get(""era5_zip"", """"))"
"D:\GATA_MODULEC_UNIFIED_PROCESS\GATA_ModuleC_pipeline_unified_20260529_110642\01_REPO_COPY\pipeline\smoke_route_selector.py"	"pipeline\smoke_route_selector.py"	"259"	"def apply_route_meta"	"gfas"	"""gfas_dir"": str(sources.get(""gfas_dir"", """")),"
"D:\GATA_MODULEC_UNIFIED_PROCESS\GATA_ModuleC_pipeline_unified_20260529_110642\01_REPO_COPY\pipeline\smoke_route_selector.py"	"pipeline\smoke_route_selector.py"	"259"	"def apply_route_meta"	"GFAS"	"""gfas_dir"": str(sources.get(""gfas_dir"", """")),"
"D:\GATA_MODULEC_UNIFIED_PROCESS\GATA_ModuleC_pipeline_unified_20260529_110642\01_REPO_COPY\pipeline\smoke_route_selector.py"	"pipeline\smoke_route_selector.py"	"260"	"def apply_route_meta"	"gfas"	"""gfas_grib_count"": int(sources.get(""gfas_grib_count"") or 0),"
"D:\GATA_MODULEC_UNIFIED_PROCESS\GATA_ModuleC_pipeline_unified_20260529_110642\01_REPO_COPY\pipeline\smoke_route_selector.py"	"pipeline\smoke_route_selector.py"	"260"	"def apply_route_meta"	"GFAS"	"""gfas_grib_count"": int(sources.get(""gfas_grib_count"") or 0),"
"D:\GATA_MODULEC_UNIFIED_PROCESS\GATA_ModuleC_pipeline_unified_20260529_110642\01_REPO_COPY\pipeline\smoke_route_selector.py"	"pipeline\smoke_route_selector.py"	"260"	"def apply_route_meta"	"grib"	"""gfas_grib_count"": int(sources.get(""gfas_grib_count"") or 0),"
"D:\GATA_MODULEC_UNIFIED_PROCESS\GATA_ModuleC_pipeline_unified_20260529_110642\01_REPO_COPY\pipeline\smoke_route_selector.py"	"pipeline\smoke_route_selector.py"	"260"	"def apply_route_meta"	"GRIB"	"""gfas_grib_count"": int(sources.get(""gfas_grib_count"") or 0),"
"D:\GATA_MODULEC_UNIFIED_PROCESS\GATA_ModuleC_pipeline_unified_20260529_110642\01_REPO_COPY\pipeline\smoke_route_selector.py"	"pipeline\smoke_route_selector.py"	"261"	"def apply_route_meta"	"gfas"	"""gfas_total_bytes"": int(sources.get(""gfas_total_bytes"") or 0),"
"D:\GATA_MODULEC_UNIFIED_PROCESS\GATA_ModuleC_pipeline_unified_20260529_110642\01_REPO_COPY\pipeline\smoke_route_selector.py"	"pipeline\smoke_route_selector.py"	"261"	"def apply_route_meta"	"GFAS"	"""gfas_total_bytes"": int(sources.get(""gfas_total_bytes"") or 0),"
"D:\GATA_MODULEC_UNIFIED_PROCESS\GATA_ModuleC_pipeline_unified_20260529_110642\01_REPO_COPY\pipeline\smoke_route_selector.py"	"pipeline\smoke_route_selector.py"	"262"	"def apply_route_meta"	"era5"	"""era5_zip"": str(sources.get(""era5_zip"", """")),"
"D:\GATA_MODULEC_UNIFIED_PROCESS\GATA_ModuleC_pipeline_unified_20260529_110642\01_REPO_COPY\pipeline\smoke_route_selector.py"	"pipeline\smoke_route_selector.py"	"262"	"def apply_route_meta"	"ERA5"	"""era5_zip"": str(sources.get(""era5_zip"", """")),"
"D:\GATA_MODULEC_UNIFIED_PROCESS\GATA_ModuleC_pipeline_unified_20260529_110642\01_REPO_COPY\pipeline\smoke_route_selector.py"	"pipeline\smoke_route_selector.py"	"263"	"def apply_route_meta"	"era5"	"""era5_exists"": bool(sources.get(""era5_exists"")),"
"D:\GATA_MODULEC_UNIFIED_PROCESS\GATA_ModuleC_pipeline_unified_20260529_110642\01_REPO_COPY\pipeline\smoke_route_selector.py"	"pipeline\smoke_route_selector.py"	"263"	"def apply_route_meta"	"ERA5"	"""era5_exists"": bool(sources.get(""era5_exists"")),"
"D:\GATA_MODULEC_UNIFIED_PROCESS\GATA_ModuleC_pipeline_unified_20260529_110642\01_REPO_COPY\pipeline\smoke_route_selector.py"	"pipeline\smoke_route_selector.py"	"264"	"def apply_route_meta"	"parquet"	"""parquet_zip_count"": int(sources.get(""parquet_zip_count"") or 0),"
"D:\GATA_MODULEC_UNIFIED_PROCESS\GATA_ModuleC_pipeline_unified_20260529_110642\01_REPO_COPY\pipeline\smoke_route_selector.py"	"pipeline\smoke_route_selector.py"	"265"	"def apply_route_meta"	"parquet"	"""parquet_zip_paths"": list(sources.get(""parquet_zip_paths"", [])),"
"D:\GATA_MODULEC_UNIFIED_PROCESS\GATA_ModuleC_pipeline_unified_20260529_110642\01_REPO_COPY\pipeline\validate_modulec_objectives_canon.py"	"pipeline\validate_modulec_objectives_canon.py"	"13"	"GLOBAL"	"zipfile"	"import zipfile"
"D:\GATA_MODULEC_UNIFIED_PROCESS\GATA_ModuleC_pipeline_unified_20260529_110642\01_REPO_COPY\pipeline\validate_modulec_objectives_canon.py"	"pipeline\validate_modulec_objectives_canon.py"	"13"	"GLOBAL"	"ZipFile"	"import zipfile"
"D:\GATA_MODULEC_UNIFIED_PROCESS\GATA_ModuleC_pipeline_unified_20260529_110642\01_REPO_COPY\pipeline\validate_modulec_objectives_canon.py"	"pipeline\validate_modulec_objectives_canon.py"	"22"	"GLOBAL"	"2024"	"""required_database"": ""NUTS 2024 + CAOP 2024.1"","
"D:\GATA_MODULEC_UNIFIED_PROCESS\GATA_ModuleC_pipeline_unified_20260529_110642\01_REPO_COPY\pipeline\validate_modulec_objectives_canon.py"	"pipeline\validate_modulec_objectives_canon.py"	"29"	"GLOBAL"	"2024"	"""objective_name"": ""Incendios y recurrencia 2015-2024"","
"D:\GATA_MODULEC_UNIFIED_PROCESS\GATA_ModuleC_pipeline_unified_20260529_110642\01_REPO_COPY\pipeline\validate_modulec_objectives_canon.py"	"pipeline\validate_modulec_objectives_canon.py"	"30"	"GLOBAL"	"2024"	"""required_database"": ""ardida_2015..2024_TM06.gpkg"","
"D:\GATA_MODULEC_UNIFIED_PROCESS\GATA_ModuleC_pipeline_unified_20260529_110642\01_REPO_COPY\pipeline\validate_modulec_objectives_canon.py"	"pipeline\validate_modulec_objectives_canon.py"	"31"	"GLOBAL"	"2024"	"""required_output"": [""tables/recurrence_unit_2015_2024.csv"", ""tables/recurrence_municipio_2015_2024.csv"", ""qa/fire_ingestion_audit.tsv""],"
"D:\GATA_MODULEC_UNIFIED_PROCESS\GATA_ModuleC_pipeline_unified_20260529_110642\01_REPO_COPY\pipeline\validate_modulec_objectives_canon.py"	"pipeline\validate_modulec_objectives_canon.py"	"38"	"GLOBAL"	"parquet"	"""required_database"": ""ParquetFiles 2017.zip + ParquetFiles 2022.zip"","
"D:\GATA_MODULEC_UNIFIED_PROCESS\GATA_ModuleC_pipeline_unified_20260529_110642\01_REPO_COPY\pipeline\validate_modulec_objectives_canon.py"	"pipeline\validate_modulec_objectives_canon.py"	"39"	"GLOBAL"	"smoke_days_unit_2015_2024"	"""required_output"": [""tables/smoke_days_unit_2015_2024.csv"", ""tables/smoke_days_municipio_2015_2024.csv"", ""qa/smoke_route_audit.tsv""],"
"D:\GATA_MODULEC_UNIFIED_PROCESS\GATA_ModuleC_pipeline_unified_20260529_110642\01_REPO_COPY\pipeline\validate_modulec_objectives_canon.py"	"pipeline\validate_modulec_objectives_canon.py"	"39"	"GLOBAL"	"smoke_days_municipio_2015_2024"	"""required_output"": [""tables/smoke_days_unit_2015_2024.csv"", ""tables/smoke_days_municipio_2015_2024.csv"", ""qa/smoke_route_audit.tsv""],"
"D:\GATA_MODULEC_UNIFIED_PROCESS\GATA_ModuleC_pipeline_unified_20260529_110642\01_REPO_COPY\pipeline\validate_modulec_objectives_canon.py"	"pipeline\validate_modulec_objectives_canon.py"	"39"	"GLOBAL"	"2024"	"""required_output"": [""tables/smoke_days_unit_2015_2024.csv"", ""tables/smoke_days_municipio_2015_2024.csv"", ""qa/smoke_route_audit.tsv""],"
"D:\GATA_MODULEC_UNIFIED_PROCESS\GATA_ModuleC_pipeline_unified_20260529_110642\01_REPO_COPY\pipeline\validate_modulec_objectives_canon.py"	"pipeline\validate_modulec_objectives_canon.py"	"53"	"GLOBAL"	"2024"	"""objective_name"": ""IECH histórico 2015-2024"","
"D:\GATA_MODULEC_UNIFIED_PROCESS\GATA_ModuleC_pipeline_unified_20260529_110642\01_REPO_COPY\pipeline\validate_modulec_objectives_canon.py"	"pipeline\validate_modulec_objectives_canon.py"	"56"	"GLOBAL"	"2024"	"""tables/IECH_unit_2015_2024.csv"","
"D:\GATA_MODULEC_UNIFIED_PROCESS\GATA_ModuleC_pipeline_unified_20260529_110642\01_REPO_COPY\pipeline\validate_modulec_objectives_canon.py"	"pipeline\validate_modulec_objectives_canon.py"	"57"	"GLOBAL"	"2024"	"""tables/IECH_unit_2015_2024_mean.csv"","
"D:\GATA_MODULEC_UNIFIED_PROCESS\GATA_ModuleC_pipeline_unified_20260529_110642\01_REPO_COPY\pipeline\validate_modulec_objectives_canon.py"	"pipeline\validate_modulec_objectives_canon.py"	"58"	"GLOBAL"	"2024"	"""tables/IECH_municipio_2015_2024.csv"","
"D:\GATA_MODULEC_UNIFIED_PROCESS\GATA_ModuleC_pipeline_unified_20260529_110642\01_REPO_COPY\pipeline\validate_modulec_objectives_canon.py"	"pipeline\validate_modulec_objectives_canon.py"	"59"	"GLOBAL"	"2024"	"""tables/IECH_municipio_2015_2024_mean.csv"","
"D:\GATA_MODULEC_UNIFIED_PROCESS\GATA_ModuleC_pipeline_unified_20260529_110642\01_REPO_COPY\pipeline\validate_modulec_objectives_canon.py"	"pipeline\validate_modulec_objectives_canon.py"	"68"	"GLOBAL"	"2024"	"""required_database"": ""Incendios 2015-2024"","
"D:\GATA_MODULEC_UNIFIED_PROCESS\GATA_ModuleC_pipeline_unified_20260529_110642\01_REPO_COPY\pipeline\validate_modulec_objectives_canon.py"	"pipeline\validate_modulec_objectives_canon.py"	"69"	"GLOBAL"	"2024"	"""required_output"": [""tables/recurrence_unit_2015_2024.csv"", ""tables/recurrence_municipio_2015_2024.csv"", ""qa/recurrence_classification_audit.tsv""],"
"D:\GATA_MODULEC_UNIFIED_PROCESS\GATA_ModuleC_pipeline_unified_20260529_110642\01_REPO_COPY\pipeline\validate_modulec_objectives_canon.py"	"pipeline\validate_modulec_objectives_canon.py"	"132"	"GLOBAL"	"inputs_resolved"	"""qa/inputs_resolved.json"","
"D:\GATA_MODULEC_UNIFIED_PROCESS\GATA_ModuleC_pipeline_unified_20260529_110642\01_REPO_COPY\pipeline\validate_modulec_objectives_canon.py"	"pipeline\validate_modulec_objectives_canon.py"	"237"	"def _check_smoke_inputs_clean"	"parquet"	"if ""parquetfiles"" not in smoke.name.lower() and smoke.suffix.lower() not in ("".zip"", "".parquet""):"
"D:\GATA_MODULEC_UNIFIED_PROCESS\GATA_ModuleC_pipeline_unified_20260529_110642\01_REPO_COPY\pipeline\validate_modulec_objectives_canon.py"	"pipeline\validate_modulec_objectives_canon.py"	"318"	"def _check_step9_zip_contents"	"inputs_resolved"	"""qa/inputs_resolved.json"","
"D:\GATA_MODULEC_UNIFIED_PROCESS\GATA_ModuleC_pipeline_unified_20260529_110642\01_REPO_COPY\pipeline\validate_modulec_objectives_canon.py"	"pipeline\validate_modulec_objectives_canon.py"	"320"	"def _check_step9_zip_contents"	"2024"	"""tables/IECH_unit_2015_2024.csv"","
"D:\GATA_MODULEC_UNIFIED_PROCESS\GATA_ModuleC_pipeline_unified_20260529_110642\01_REPO_COPY\pipeline\validate_modulec_objectives_canon.py"	"pipeline\validate_modulec_objectives_canon.py"	"321"	"def _check_step9_zip_contents"	"2024"	"""tables/IECH_municipio_2015_2024.csv"","
"D:\GATA_MODULEC_UNIFIED_PROCESS\GATA_ModuleC_pipeline_unified_20260529_110642\01_REPO_COPY\pipeline\validate_modulec_objectives_canon.py"	"pipeline\validate_modulec_objectives_canon.py"	"328"	"def _check_step9_zip_contents"	"zipfile"	"with zipfile.ZipFile(p, ""r"") as zf:"
"D:\GATA_MODULEC_UNIFIED_PROCESS\GATA_ModuleC_pipeline_unified_20260529_110642\01_REPO_COPY\pipeline\validate_modulec_objectives_canon.py"	"pipeline\validate_modulec_objectives_canon.py"	"328"	"def _check_step9_zip_contents"	"ZipFile"	"with zipfile.ZipFile(p, ""r"") as zf:"
"D:\GATA_MODULEC_UNIFIED_PROCESS\GATA_ModuleC_pipeline_unified_20260529_110642\01_REPO_COPY\pipeline\validate_modulec_objectives_canon.py"	"pipeline\validate_modulec_objectives_canon.py"	"345"	"def objective_specific_check"	"parquet"	"if route_selected in (""BLOCKED_DECODER_REQUIRED"", ""v0_parquet_proxy_degraded"", ""NO-GO_SMOKE_ROUTE""):"
"D:\GATA_MODULEC_UNIFIED_PROCESS\GATA_ModuleC_pipeline_unified_20260529_110642\01_REPO_COPY\pipeline\validate_modulec_objectives_canon.py"	"pipeline\validate_modulec_objectives_canon.py"	"347"	"def objective_specific_check"	"smoke_days_unit_2015_2024"	"smoke_unit = output_root / ""tables"" / ""smoke_days_unit_2015_2024.csv"""
"D:\GATA_MODULEC_UNIFIED_PROCESS\GATA_ModuleC_pipeline_unified_20260529_110642\01_REPO_COPY\pipeline\validate_modulec_objectives_canon.py"	"pipeline\validate_modulec_objectives_canon.py"	"347"	"def objective_specific_check"	"2024"	"smoke_unit = output_root / ""tables"" / ""smoke_days_unit_2015_2024.csv"""
"D:\GATA_MODULEC_UNIFIED_PROCESS\GATA_ModuleC_pipeline_unified_20260529_110642\01_REPO_COPY\pipeline\validate_modulec_objectives_canon.py"	"pipeline\validate_modulec_objectives_canon.py"	"421"	"def write_reports"	"gfas"	"# GFAS_ERA5_PROXY_SMOKE_DAY_P60"
"D:\GATA_MODULEC_UNIFIED_PROCESS\GATA_ModuleC_pipeline_unified_20260529_110642\01_REPO_COPY\pipeline\validate_modulec_objectives_canon.py"	"pipeline\validate_modulec_objectives_canon.py"	"421"	"def write_reports"	"GFAS"	"# GFAS_ERA5_PROXY_SMOKE_DAY_P60"
"D:\GATA_MODULEC_UNIFIED_PROCESS\GATA_ModuleC_pipeline_unified_20260529_110642\01_REPO_COPY\pipeline\validate_modulec_objectives_canon.py"	"pipeline\validate_modulec_objectives_canon.py"	"421"	"def write_reports"	"era5"	"# GFAS_ERA5_PROXY_SMOKE_DAY_P60"
"D:\GATA_MODULEC_UNIFIED_PROCESS\GATA_ModuleC_pipeline_unified_20260529_110642\01_REPO_COPY\pipeline\validate_modulec_objectives_canon.py"	"pipeline\validate_modulec_objectives_canon.py"	"421"	"def write_reports"	"ERA5"	"# GFAS_ERA5_PROXY_SMOKE_DAY_P60"
"D:\GATA_MODULEC_UNIFIED_PROCESS\GATA_ModuleC_pipeline_unified_20260529_110642\01_REPO_COPY\pipeline\validate_modulec_objectives_canon.py"	"pipeline\validate_modulec_objectives_canon.py"	"425"	"def write_reports"	"NO-GO_SCIENTIFIC_THRESHOLD"	"# NO-GO_SCIENTIFIC_THRESHOLD"
"D:\GATA_MODULEC_UNIFIED_PROCESS\GATA_ModuleC_pipeline_unified_20260529_110642\01_REPO_COPY\pipeline\validate_modulec_objectives_canon.py"	"pipeline\validate_modulec_objectives_canon.py"	"450"	"def _modulec_10d6a5_write_threshold_register_awareness"	"gfas"	"has_gfas = ""0"""
"D:\GATA_MODULEC_UNIFIED_PROCESS\GATA_ModuleC_pipeline_unified_20260529_110642\01_REPO_COPY\pipeline\validate_modulec_objectives_canon.py"	"pipeline\validate_modulec_objectives_canon.py"	"450"	"def _modulec_10d6a5_write_threshold_register_awareness"	"GFAS"	"has_gfas = ""0"""
"D:\GATA_MODULEC_UNIFIED_PROCESS\GATA_ModuleC_pipeline_unified_20260529_110642\01_REPO_COPY\pipeline\validate_modulec_objectives_canon.py"	"pipeline\validate_modulec_objectives_canon.py"	"455"	"def _modulec_10d6a5_write_threshold_register_awareness"	"2024"	"has_portuguese = ""1"" if any(t in upper for t in [""PORTUGUESE"", ""QUALAR"", ""APA"", ""EEA"", ""DECRETO"", ""DIRECTIVE_EU_2024_2881""]) else ""0"""
"D:\GATA_MODULEC_UNIFIED_PROCESS\GATA_ModuleC_pipeline_unified_20260529_110642\01_REPO_COPY\pipeline\validate_modulec_objectives_canon.py"	"pipeline\validate_modulec_objectives_canon.py"	"456"	"def _modulec_10d6a5_write_threshold_register_awareness"	"gfas"	"has_gfas = ""1"" if any(t in upper for t in [""GFAS"", ""ERA5"", ""PM2P5FIRE"", ""FRP""]) else ""0"""
"D:\GATA_MODULEC_UNIFIED_PROCESS\GATA_ModuleC_pipeline_unified_20260529_110642\01_REPO_COPY\pipeline\validate_modulec_objectives_canon.py"	"pipeline\validate_modulec_objectives_canon.py"	"456"	"def _modulec_10d6a5_write_threshold_register_awareness"	"GFAS"	"has_gfas = ""1"" if any(t in upper for t in [""GFAS"", ""ERA5"", ""PM2P5FIRE"", ""FRP""]) else ""0"""
"D:\GATA_MODULEC_UNIFIED_PROCESS\GATA_ModuleC_pipeline_unified_20260529_110642\01_REPO_COPY\pipeline\validate_modulec_objectives_canon.py"	"pipeline\validate_modulec_objectives_canon.py"	"456"	"def _modulec_10d6a5_write_threshold_register_awareness"	"era5"	"has_gfas = ""1"" if any(t in upper for t in [""GFAS"", ""ERA5"", ""PM2P5FIRE"", ""FRP""]) else ""0"""
"D:\GATA_MODULEC_UNIFIED_PROCESS\GATA_ModuleC_pipeline_unified_20260529_110642\01_REPO_COPY\pipeline\validate_modulec_objectives_canon.py"	"pipeline\validate_modulec_objectives_canon.py"	"456"	"def _modulec_10d6a5_write_threshold_register_awareness"	"ERA5"	"has_gfas = ""1"" if any(t in upper for t in [""GFAS"", ""ERA5"", ""PM2P5FIRE"", ""FRP""]) else ""0"""
"D:\GATA_MODULEC_UNIFIED_PROCESS\GATA_ModuleC_pipeline_unified_20260529_110642\01_REPO_COPY\pipeline\validate_modulec_objectives_canon.py"	"pipeline\validate_modulec_objectives_canon.py"	"457"	"def _modulec_10d6a5_write_threshold_register_awareness"	"gfas"	"has_core_ids = ""1"" if all(t in upper for t in [""GFAS_ERA5_PROXY_SMOKE_DAY_P60"", ""PORTUGUESE_AQ_ANCHORED_PROXY_CONCORDANCE""]) else ""0"""
"D:\GATA_MODULEC_UNIFIED_PROCESS\GATA_ModuleC_pipeline_unified_20260529_110642\01_REPO_COPY\pipeline\validate_modulec_objectives_canon.py"	"pipeline\validate_modulec_objectives_canon.py"	"457"	"def _modulec_10d6a5_write_threshold_register_awareness"	"GFAS"	"has_core_ids = ""1"" if all(t in upper for t in [""GFAS_ERA5_PROXY_SMOKE_DAY_P60"", ""PORTUGUESE_AQ_ANCHORED_PROXY_CONCORDANCE""]) else ""0"""
"D:\GATA_MODULEC_UNIFIED_PROCESS\GATA_ModuleC_pipeline_unified_20260529_110642\01_REPO_COPY\pipeline\validate_modulec_objectives_canon.py"	"pipeline\validate_modulec_objectives_canon.py"	"457"	"def _modulec_10d6a5_write_threshold_register_awareness"	"era5"	"has_core_ids = ""1"" if all(t in upper for t in [""GFAS_ERA5_PROXY_SMOKE_DAY_P60"", ""PORTUGUESE_AQ_ANCHORED_PROXY_CONCORDANCE""]) else ""0"""
"D:\GATA_MODULEC_UNIFIED_PROCESS\GATA_ModuleC_pipeline_unified_20260529_110642\01_REPO_COPY\pipeline\validate_modulec_objectives_canon.py"	"pipeline\validate_modulec_objectives_canon.py"	"457"	"def _modulec_10d6a5_write_threshold_register_awareness"	"ERA5"	"has_core_ids = ""1"" if all(t in upper for t in [""GFAS_ERA5_PROXY_SMOKE_DAY_P60"", ""PORTUGUESE_AQ_ANCHORED_PROXY_CONCORDANCE""]) else ""0"""
"D:\GATA_MODULEC_UNIFIED_PROCESS\GATA_ModuleC_pipeline_unified_20260529_110642\01_REPO_COPY\pipeline\validate_modulec_objectives_canon.py"	"pipeline\validate_modulec_objectives_canon.py"	"472"	"def _modulec_10d6a5_write_threshold_register_awareness"	"gfas"	"""has_gfas_era5_terms"": has_gfas,"
"D:\GATA_MODULEC_UNIFIED_PROCESS\GATA_ModuleC_pipeline_unified_20260529_110642\01_REPO_COPY\pipeline\validate_modulec_objectives_canon.py"	"pipeline\validate_modulec_objectives_canon.py"	"472"	"def _modulec_10d6a5_write_threshold_register_awareness"	"GFAS"	"""has_gfas_era5_terms"": has_gfas,"
"D:\GATA_MODULEC_UNIFIED_PROCESS\GATA_ModuleC_pipeline_unified_20260529_110642\01_REPO_COPY\pipeline\validate_modulec_objectives_canon.py"	"pipeline\validate_modulec_objectives_canon.py"	"472"	"def _modulec_10d6a5_write_threshold_register_awareness"	"era5"	"""has_gfas_era5_terms"": has_gfas,"
"D:\GATA_MODULEC_UNIFIED_PROCESS\GATA_ModuleC_pipeline_unified_20260529_110642\01_REPO_COPY\pipeline\validate_modulec_objectives_canon.py"	"pipeline\validate_modulec_objectives_canon.py"	"472"	"def _modulec_10d6a5_write_threshold_register_awareness"	"ERA5"	"""has_gfas_era5_terms"": has_gfas,"
"D:\GATA_MODULEC_UNIFIED_PROCESS\GATA_ModuleC_pipeline_unified_20260529_110642\01_REPO_COPY\pipeline\validate_modulec_objectives_canon.py"	"pipeline\validate_modulec_objectives_canon.py"	"479"	"def _modulec_10d6a5_write_threshold_register_awareness"	"gfas"	"header = [""register_path"", ""register_type"", ""sha256"", ""bytes"", ""row_count"", ""has_portuguese_anchor_terms"", ""has_gfas_era5_terms"", ""has_core_threshold_ids"", ""awareness_status""]"
"D:\GATA_MODULEC_UNIFIED_PROCESS\GATA_ModuleC_pipeline_unified_20260529_110642\01_REPO_COPY\pipeline\validate_modulec_objectives_canon.py"	"pipeline\validate_modulec_objectives_canon.py"	"479"	"def _modulec_10d6a5_write_threshold_register_awareness"	"GFAS"	"header = [""register_path"", ""register_type"", ""sha256"", ""bytes"", ""row_count"", ""has_portuguese_anchor_terms"", ""has_gfas_era5_terms"", ""has_core_threshold_ids"", ""awareness_status""]"
"D:\GATA_MODULEC_UNIFIED_PROCESS\GATA_ModuleC_pipeline_unified_20260529_110642\01_REPO_COPY\pipeline\validate_modulec_objectives_canon.py"	"pipeline\validate_modulec_objectives_canon.py"	"479"	"def _modulec_10d6a5_write_threshold_register_awareness"	"era5"	"header = [""register_path"", ""register_type"", ""sha256"", ""bytes"", ""row_count"", ""has_portuguese_anchor_terms"", ""has_gfas_era5_terms"", ""has_core_threshold_ids"", ""awareness_status""]"
"D:\GATA_MODULEC_UNIFIED_PROCESS\GATA_ModuleC_pipeline_unified_20260529_110642\01_REPO_COPY\pipeline\validate_modulec_objectives_canon.py"	"pipeline\validate_modulec_objectives_canon.py"	"479"	"def _modulec_10d6a5_write_threshold_register_awareness"	"ERA5"	"header = [""register_path"", ""register_type"", ""sha256"", ""bytes"", ""row_count"", ""has_portuguese_anchor_terms"", ""has_gfas_era5_terms"", ""has_core_threshold_ids"", ""awareness_status""]"
"D:\GATA_MODULEC_UNIFIED_PROCESS\GATA_ModuleC_pipeline_unified_20260529_110642\01_REPO_COPY\pipeline\validate_modulec_objectives_canon.py"	"pipeline\validate_modulec_objectives_canon.py"	"492"	"def _modulec_10d6a5_write_threshold_register_awareness"	"gfas"	"""| register_path | row_count | has_portuguese_anchor_terms | has_gfas_era5_terms | has_core_threshold_ids |"","
"D:\GATA_MODULEC_UNIFIED_PROCESS\GATA_ModuleC_pipeline_unified_20260529_110642\01_REPO_COPY\pipeline\validate_modulec_objectives_canon.py"	"pipeline\validate_modulec_objectives_canon.py"	"492"	"def _modulec_10d6a5_write_threshold_register_awareness"	"GFAS"	"""| register_path | row_count | has_portuguese_anchor_terms | has_gfas_era5_terms | has_core_threshold_ids |"","
"D:\GATA_MODULEC_UNIFIED_PROCESS\GATA_ModuleC_pipeline_unified_20260529_110642\01_REPO_COPY\pipeline\validate_modulec_objectives_canon.py"	"pipeline\validate_modulec_objectives_canon.py"	"492"	"def _modulec_10d6a5_write_threshold_register_awareness"	"era5"	"""| register_path | row_count | has_portuguese_anchor_terms | has_gfas_era5_terms | has_core_threshold_ids |"","
"D:\GATA_MODULEC_UNIFIED_PROCESS\GATA_ModuleC_pipeline_unified_20260529_110642\01_REPO_COPY\pipeline\validate_modulec_objectives_canon.py"	"pipeline\validate_modulec_objectives_canon.py"	"492"	"def _modulec_10d6a5_write_threshold_register_awareness"	"ERA5"	"""| register_path | row_count | has_portuguese_anchor_terms | has_gfas_era5_terms | has_core_threshold_ids |"","
"D:\GATA_MODULEC_UNIFIED_PROCESS\GATA_ModuleC_pipeline_unified_20260529_110642\01_REPO_COPY\pipeline\validate_modulec_objectives_canon.py"	"pipeline\validate_modulec_objectives_canon.py"	"496"	"def _modulec_10d6a5_write_threshold_register_awareness"	"gfas"	"md_lines.append(f""| {r['register_path']} | {r['row_count']} | {r['has_portuguese_anchor_terms']} | {r['has_gfas_era5_terms']} | {r['has_core_threshold_ids']} |"")"
"D:\GATA_MODULEC_UNIFIED_PROCESS\GATA_ModuleC_pipeline_unified_20260529_110642\01_REPO_COPY\pipeline\validate_modulec_objectives_canon.py"	"pipeline\validate_modulec_objectives_canon.py"	"496"	"def _modulec_10d6a5_write_threshold_register_awareness"	"GFAS"	"md_lines.append(f""| {r['register_path']} | {r['row_count']} | {r['has_portuguese_anchor_terms']} | {r['has_gfas_era5_terms']} | {r['has_core_threshold_ids']} |"")"
"D:\GATA_MODULEC_UNIFIED_PROCESS\GATA_ModuleC_pipeline_unified_20260529_110642\01_REPO_COPY\pipeline\validate_modulec_objectives_canon.py"	"pipeline\validate_modulec_objectives_canon.py"	"496"	"def _modulec_10d6a5_write_threshold_register_awareness"	"era5"	"md_lines.append(f""| {r['register_path']} | {r['row_count']} | {r['has_portuguese_anchor_terms']} | {r['has_gfas_era5_terms']} | {r['has_core_threshold_ids']} |"")"
"D:\GATA_MODULEC_UNIFIED_PROCESS\GATA_ModuleC_pipeline_unified_20260529_110642\01_REPO_COPY\pipeline\validate_modulec_objectives_canon.py"	"pipeline\validate_modulec_objectives_canon.py"	"496"	"def _modulec_10d6a5_write_threshold_register_awareness"	"ERA5"	"md_lines.append(f""| {r['register_path']} | {r['row_count']} | {r['has_portuguese_anchor_terms']} | {r['has_gfas_era5_terms']} | {r['has_core_threshold_ids']} |"")"
"D:\GATA_MODULEC_UNIFIED_PROCESS\GATA_ModuleC_pipeline_unified_20260529_110642\01_REPO_COPY\pipeline\validate_modulec_objectives_canon.py"	"pipeline\validate_modulec_objectives_canon.py"	"511"	"def main"	"inputs_resolved"	"inputs_path = qa_dir / ""inputs_resolved.json"""
"D:\GATA_MODULEC_UNIFIED_PROCESS\GATA_ModuleC_pipeline_unified_20260529_110642\01_REPO_COPY\pipeline\validate_modulec_objectives_canon.py"	"pipeline\validate_modulec_objectives_canon.py"	"587"	"def main"	"inputs_resolved"	"spec_reason = ""inputs_resolved pending preflight refresh"""
"D:\GATA_MODULEC_UNIFIED_PROCESS\GATA_ModuleC_pipeline_unified_20260529_110642\01_REPO_COPY\pipeline\RUN_QGIS\qgis_build_products.py"	"pipeline\RUN_QGIS\qgis_build_products.py"	"191"	"def main"	"inputs_resolved"	"inputs_json = os.path.join(qa_dir, ""inputs_resolved.json"")"
"D:\GATA_MODULEC_UNIFIED_PROCESS\GATA_ModuleC_pipeline_unified_20260529_110642\01_REPO_COPY\pipeline\RUN_QGIS\qgis_build_products.py"	"pipeline\RUN_QGIS\qgis_build_products.py"	"193"	"def main"	"inputs_resolved"	"raise RuntimeError(f""Falta inputs_resolved.json: {inputs_json}"")"
"D:\GATA_MODULEC_UNIFIED_PROCESS\GATA_ModuleC_pipeline_unified_20260529_110642\01_REPO_COPY\pipeline\RUN_QGIS\qgis_build_products.py"	"pipeline\RUN_QGIS\qgis_build_products.py"	"199"	"def main"	"2024"	"iech_long   = os.path.join(tables_dir, ""IECH_unit_2015_2024.csv"")"
"D:\GATA_MODULEC_UNIFIED_PROCESS\GATA_ModuleC_pipeline_unified_20260529_110642\01_REPO_COPY\pipeline\RUN_QGIS\qgis_build_products.py"	"pipeline\RUN_QGIS\qgis_build_products.py"	"202"	"def main"	"2024"	"rec_file    = os.path.join(tables_dir, ""recurrence_unit_2015_2024.csv"")"
"D:\GATA_MODULEC_UNIFIED_PROCESS\GATA_ModuleC_pipeline_unified_20260529_110642\01_REPO_COPY\pipeline\RUN_QGIS\qgis_build_products.py"	"pipeline\RUN_QGIS\qgis_build_products.py"	"203"	"def main"	"smoke_days_unit_2015_2024"	"smoke_long  = os.path.join(tables_dir, ""smoke_days_unit_2015_2024.csv"")"
"D:\GATA_MODULEC_UNIFIED_PROCESS\GATA_ModuleC_pipeline_unified_20260529_110642\01_REPO_COPY\pipeline\RUN_QGIS\qgis_build_products.py"	"pipeline\RUN_QGIS\qgis_build_products.py"	"203"	"def main"	"2024"	"smoke_long  = os.path.join(tables_dir, ""smoke_days_unit_2015_2024.csv"")"
"D:\GATA_MODULEC_UNIFIED_PROCESS\GATA_ModuleC_pipeline_unified_20260529_110642\01_REPO_COPY\pipeline\RUN_QGIS\qgis_build_products.py"	"pipeline\RUN_QGIS\qgis_build_products.py"	"236"	"def main"	"2024"	"# RECURRENCE: puede NO tener year (resumen 2015–2024) => passthrough"
"D:\GATA_MODULEC_UNIFIED_PROCESS\GATA_ModuleC_pipeline_unified_20260529_110642\01_REPO_COPY\pipeline\RUN_QGIS\qgis_build_products.py"	"pipeline\RUN_QGIS\qgis_build_products.py"	"306"	"def main"	"2024"	"nuts = QgsVectorLayer(nuts_path, ""NUTS3_2024"", ""ogr"")"
"D:\GATA_MODULEC_UNIFIED_PROCESS\GATA_ModuleC_pipeline_unified_20260529_110642\01_REPO_COPY\pipeline\RUN_QGIS\qgis_step2_rebuild_nuts3_pt.py"	"pipeline\RUN_QGIS\qgis_step2_rebuild_nuts3_pt.py"	"65"	"def main"	"inputs_resolved"	"inputs_json = os.path.join(qa_dir, ""inputs_resolved.json"")"
"D:\GATA_MODULEC_UNIFIED_PROCESS\GATA_ModuleC_pipeline_unified_20260529_110642\01_REPO_COPY\pipeline\RUN_QGIS\qgis_step2_rebuild_nuts3_pt.py"	"pipeline\RUN_QGIS\qgis_step2_rebuild_nuts3_pt.py"	"67"	"def main"	"inputs_resolved"	"raise RuntimeError(f""Falta inputs_resolved.json: {inputs_json}"")"
"D:\GATA_MODULEC_UNIFIED_PROCESS\GATA_ModuleC_pipeline_unified_20260529_110642\01_REPO_COPY\pipeline\RUN_QGIS\qgis_step3_discover_muni_and_export.py"	"pipeline\RUN_QGIS\qgis_step3_discover_muni_and_export.py"	"43"	"def detect_iech_year_fields"	"2024"	"if 2015 <= y <= 2024:"
"D:\GATA_MODULEC_UNIFIED_PROCESS\GATA_ModuleC_pipeline_unified_20260529_110642\01_REPO_COPY\pipeline\RUN_QGIS\qgis_step3_discover_muni_and_export.py"	"pipeline\RUN_QGIS\qgis_step3_discover_muni_and_export.py"	"192"	"def main"	"2024"	"# Mean IECH 2015–2024 si no existe"
"D:\GATA_MODULEC_UNIFIED_PROCESS\GATA_ModuleC_pipeline_unified_20260529_110642\01_REPO_COPY\pipeline\RUN_QGIS\qgis_step3_discover_muni_and_export.py"	"pipeline\RUN_QGIS\qgis_step3_discover_muni_and_export.py"	"193"	"def main"	"2024"	"if pick_field(nuts_work, [""IECH_mean_2015_2024""]) is None:"
"D:\GATA_MODULEC_UNIFIED_PROCESS\GATA_ModuleC_pipeline_unified_20260529_110642\01_REPO_COPY\pipeline\RUN_QGIS\qgis_step3_discover_muni_and_export.py"	"pipeline\RUN_QGIS\qgis_step3_discover_muni_and_export.py"	"199"	"def main"	"2024"	"""FIELD_NAME"": ""IECH_mean_2015_2024"","
"D:\GATA_MODULEC_UNIFIED_PROCESS\GATA_ModuleC_pipeline_unified_20260529_110642\01_REPO_COPY\pipeline\RUN_QGIS\qgis_step3_discover_muni_and_export.py"	"pipeline\RUN_QGIS\qgis_step3_discover_muni_and_export.py"	"208"	"def main"	"2024"	"report[""notes""].append(""NUTS3: no detecté campos IECH_2015..2024; no calculo mean."")"
"D:\GATA_MODULEC_UNIFIED_PROCESS\GATA_ModuleC_pipeline_unified_20260529_110642\01_REPO_COPY\pipeline\RUN_QGIS\qgis_step3_discover_muni_and_export.py"	"pipeline\RUN_QGIS\qgis_step3_discover_muni_and_export.py"	"210"	"def main"	"2024"	"report[""notes""].append(""NUTS3: IECH_mean_2015_2024 ya existe; no recalculo."")"
"D:\GATA_MODULEC_UNIFIED_PROCESS\GATA_ModuleC_pipeline_unified_20260529_110642\01_REPO_COPY\pipeline\RUN_QGIS\qgis_step3_discover_muni_and_export.py"	"pipeline\RUN_QGIS\qgis_step3_discover_muni_and_export.py"	"242"	"def main"	"2024"	"out_pdf1 = os.path.join(exports, ""IECH_NUTS3_mean_2015_2024.pdf"")"
"D:\GATA_MODULEC_UNIFIED_PROCESS\GATA_ModuleC_pipeline_unified_20260529_110642\01_REPO_COPY\pipeline\RUN_QGIS\qgis_step3_discover_muni_and_export.py"	"pipeline\RUN_QGIS\qgis_step3_discover_muni_and_export.py"	"243"	"def main"	"2024"	"out_png1 = os.path.join(exports, ""IECH_NUTS3_mean_2015_2024.png"")"
"D:\GATA_MODULEC_UNIFIED_PROCESS\GATA_ModuleC_pipeline_unified_20260529_110642\01_REPO_COPY\pipeline\RUN_QGIS\qgis_step3_discover_muni_and_export.py"	"pipeline\RUN_QGIS\qgis_step3_discover_muni_and_export.py"	"244"	"def main"	"2024"	"make_layout(proj, nuts_enriched, ""IECH NUTS3 mean 2015–2024"", out_pdf1, out_png1, legend_title=""IECH mean 2015–2024"")"
"D:\GATA_MODULEC_UNIFIED_PROCESS\GATA_ModuleC_pipeline_unified_20260529_110642\01_REPO_COPY\pipeline\RUN_QGIS\qgis_step5_municipios_caop.py"	"pipeline\RUN_QGIS\qgis_step5_municipios_caop.py"	"1"	"GLOBAL"	"zipfile"	"import os, sys, json, argparse, datetime, traceback, importlib, zipfile, time"
"D:\GATA_MODULEC_UNIFIED_PROCESS\GATA_ModuleC_pipeline_unified_20260529_110642\01_REPO_COPY\pipeline\RUN_QGIS\qgis_step5_municipios_caop.py"	"pipeline\RUN_QGIS\qgis_step5_municipios_caop.py"	"1"	"GLOBAL"	"ZipFile"	"import os, sys, json, argparse, datetime, traceback, importlib, zipfile, time"
"D:\GATA_MODULEC_UNIFIED_PROCESS\GATA_ModuleC_pipeline_unified_20260529_110642\01_REPO_COPY\pipeline\RUN_QGIS\qgis_step5_municipios_caop.py"	"pipeline\RUN_QGIS\qgis_step5_municipios_caop.py"	"40"	"def pick_inner_vector"	"zipfile"	"with zipfile.ZipFile(zip_path, ""r"") as z:"
"D:\GATA_MODULEC_UNIFIED_PROCESS\GATA_ModuleC_pipeline_unified_20260529_110642\01_REPO_COPY\pipeline\RUN_QGIS\qgis_step5_municipios_caop.py"	"pipeline\RUN_QGIS\qgis_step5_municipios_caop.py"	"40"	"def pick_inner_vector"	"ZipFile"	"with zipfile.ZipFile(zip_path, ""r"") as z:"
"D:\GATA_MODULEC_UNIFIED_PROCESS\GATA_ModuleC_pipeline_unified_20260529_110642\01_REPO_COPY\pipeline\RUN_QGIS\qgis_step5_municipios_caop.py"	"pipeline\RUN_QGIS\qgis_step5_municipios_caop.py"	"222"	"def main"	"inputs_resolved"	"inputs_path = os.path.join(qa_dir, ""inputs_resolved.json"")"
"D:\GATA_MODULEC_UNIFIED_PROCESS\GATA_ModuleC_pipeline_unified_20260529_110642\01_REPO_COPY\pipeline\RUN_QGIS\qgis_step5_municipios_caop.py"	"pipeline\RUN_QGIS\qgis_step5_municipios_caop.py"	"224"	"def main"	"inputs_resolved"	"raise RuntimeError(f""Falta inputs_resolved.json: {inputs_path}"")"
"D:\GATA_MODULEC_UNIFIED_PROCESS\GATA_ModuleC_pipeline_unified_20260529_110642\01_REPO_COPY\pipeline\RUN_QGIS\qgis_step5_municipios_caop.py"	"pipeline\RUN_QGIS\qgis_step5_municipios_caop.py"	"264"	"def main"	"inputs_resolved"	"""inputs_resolved"": inputs_path,"
"D:\GATA_MODULEC_UNIFIED_PROCESS\GATA_ModuleC_pipeline_unified_20260529_110642\01_REPO_COPY\pipeline\RUN_QGIS\qgis_step5_municipios_caop.py"	"pipeline\RUN_QGIS\qgis_step5_municipios_caop.py"	"293"	"def main"	"inputs_resolved"	"raise RuntimeError(""No pude cargar CAOP municipios desde zip (inputs_resolved)."")"
"D:\GATA_MODULEC_UNIFIED_PROCESS\GATA_ModuleC_pipeline_unified_20260529_110642\01_REPO_COPY\pipeline\RUN_QGIS\qgis_step5_municipios_caop.py"	"pipeline\RUN_QGIS\qgis_step5_municipios_caop.py"	"354"	"def main"	"2024"	"""FIELD_NAME"": ""IECH_mean_2015_2024"","
"D:\GATA_MODULEC_UNIFIED_PROCESS\GATA_ModuleC_pipeline_unified_20260529_110642\01_REPO_COPY\pipeline\RUN_QGIS\qgis_step5_municipios_caop.py"	"pipeline\RUN_QGIS\qgis_step5_municipios_caop.py"	"388"	"def main"	"zipfile"	"with zipfile.ZipFile(zip_path, ""w"", compression=zipfile.ZIP_DEFLATED) as z:"
"D:\GATA_MODULEC_UNIFIED_PROCESS\GATA_ModuleC_pipeline_unified_20260529_110642\01_REPO_COPY\pipeline\RUN_QGIS\qgis_step5_municipios_caop.py"	"pipeline\RUN_QGIS\qgis_step5_municipios_caop.py"	"388"	"def main"	"ZipFile"	"with zipfile.ZipFile(zip_path, ""w"", compression=zipfile.ZIP_DEFLATED) as z:"
"D:\GATA_MODULEC_UNIFIED_PROCESS\GATA_ModuleC_pipeline_unified_20260529_110642\01_REPO_COPY\pipeline\RUN_QGIS\STEP7_MATRIZ_CAUSAL\patch_inputs_resolved_step7.py"	"pipeline\RUN_QGIS\STEP7_MATRIZ_CAUSAL\patch_inputs_resolved_step7.py"	"15"	"def main"	"inputs_resolved"	"inputs_p  = qa_dir / ""inputs_resolved.json"""
"D:\GATA_MODULEC_UNIFIED_PROCESS\GATA_ModuleC_pipeline_unified_20260529_110642\01_REPO_COPY\pipeline\RUN_QGIS\STEP7_MATRIZ_CAUSAL\patch_inputs_resolved_step7.py"	"pipeline\RUN_QGIS\STEP7_MATRIZ_CAUSAL\patch_inputs_resolved_step7.py"	"24"	"def main"	"2024"	"""IECH_unit_2015_2024.csv"","
"D:\GATA_MODULEC_UNIFIED_PROCESS\GATA_ModuleC_pipeline_unified_20260529_110642\01_REPO_COPY\pipeline\RUN_QGIS\STEP7_MATRIZ_CAUSAL\patch_inputs_resolved_step7.py"	"pipeline\RUN_QGIS\STEP7_MATRIZ_CAUSAL\patch_inputs_resolved_step7.py"	"25"	"def main"	"2024"	"""recurrence_unit_2015_2024.csv"","
"D:\GATA_MODULEC_UNIFIED_PROCESS\GATA_ModuleC_pipeline_unified_20260529_110642\01_REPO_COPY\pipeline\RUN_QGIS\STEP7_MATRIZ_CAUSAL\patch_inputs_resolved_step7.py"	"pipeline\RUN_QGIS\STEP7_MATRIZ_CAUSAL\patch_inputs_resolved_step7.py"	"26"	"def main"	"smoke_days_unit_2015_2024"	"""smoke_days_unit_2015_2024.csv"","
"D:\GATA_MODULEC_UNIFIED_PROCESS\GATA_ModuleC_pipeline_unified_20260529_110642\01_REPO_COPY\pipeline\RUN_QGIS\STEP7_MATRIZ_CAUSAL\patch_inputs_resolved_step7.py"	"pipeline\RUN_QGIS\STEP7_MATRIZ_CAUSAL\patch_inputs_resolved_step7.py"	"26"	"def main"	"2024"	"""smoke_days_unit_2015_2024.csv"","
"D:\GATA_MODULEC_UNIFIED_PROCESS\GATA_ModuleC_pipeline_unified_20260529_110642\01_REPO_COPY\pipeline\RUN_QGIS\STEP7_MATRIZ_CAUSAL\patch_inputs_resolved_step7.py"	"pipeline\RUN_QGIS\STEP7_MATRIZ_CAUSAL\patch_inputs_resolved_step7.py"	"36"	"def main"	"inputs_resolved"	"bak = inputs_p.with_name(f""inputs_resolved.json.bak_step7_{iso_now()}"")"
"D:\GATA_MODULEC_UNIFIED_PROCESS\GATA_ModuleC_pipeline_unified_20260529_110642\01_REPO_COPY\pipeline\RUN_QGIS\STEP7_MATRIZ_CAUSAL\patch_inputs_resolved_step7.py"	"pipeline\RUN_QGIS\STEP7_MATRIZ_CAUSAL\patch_inputs_resolved_step7.py"	"51"	"def main"	"inputs_resolved"	"obj = {""inputs_resolved_original"": obj, ""derived_step7_tables"": payload}"
"D:\GATA_MODULEC_UNIFIED_PROCESS\GATA_ModuleC_pipeline_unified_20260529_110642\01_REPO_COPY\pipeline\RUN_QGIS\STEP7_MATRIZ_CAUSAL\patch_inputs_resolved_step7.py"	"pipeline\RUN_QGIS\STEP7_MATRIZ_CAUSAL\patch_inputs_resolved_step7.py"	"55"	"def main"	"inputs_resolved"	"print("" - inputs_resolved.json ="", inputs_p)"
"D:\GATA_MODULEC_UNIFIED_PROCESS\GATA_ModuleC_pipeline_unified_20260529_110642\01_REPO_COPY\pipeline\RUN_QGIS\STEP7_MATRIZ_CAUSAL\step7_matriz_causal.py"	"pipeline\RUN_QGIS\STEP7_MATRIZ_CAUSAL\step7_matriz_causal.py"	"15"	"GLOBAL"	"zipfile"	"import zipfile"
"D:\GATA_MODULEC_UNIFIED_PROCESS\GATA_ModuleC_pipeline_unified_20260529_110642\01_REPO_COPY\pipeline\RUN_QGIS\STEP7_MATRIZ_CAUSAL\step7_matriz_causal.py"	"pipeline\RUN_QGIS\STEP7_MATRIZ_CAUSAL\step7_matriz_causal.py"	"15"	"GLOBAL"	"ZipFile"	"import zipfile"
"D:\GATA_MODULEC_UNIFIED_PROCESS\GATA_ModuleC_pipeline_unified_20260529_110642\01_REPO_COPY\pipeline\RUN_QGIS\STEP7_MATRIZ_CAUSAL\step7_matriz_causal.py"	"pipeline\RUN_QGIS\STEP7_MATRIZ_CAUSAL\step7_matriz_causal.py"	"128"	"def init_qgis"	"gdal"	"os.environ[""GDAL_DATA""] = r""C:\OSGeo4W64\apps\gdal\share\gdal"""
"D:\GATA_MODULEC_UNIFIED_PROCESS\GATA_ModuleC_pipeline_unified_20260529_110642\01_REPO_COPY\pipeline\RUN_QGIS\STEP7_MATRIZ_CAUSAL\step7_matriz_causal.py"	"pipeline\RUN_QGIS\STEP7_MATRIZ_CAUSAL\step7_matriz_causal.py"	"178"	"def resolve_raster_source"	"zipfile"	"with zipfile.ZipFile(src, ""r"") as zf:"
"D:\GATA_MODULEC_UNIFIED_PROCESS\GATA_ModuleC_pipeline_unified_20260529_110642\01_REPO_COPY\pipeline\RUN_QGIS\STEP7_MATRIZ_CAUSAL\step7_matriz_causal.py"	"pipeline\RUN_QGIS\STEP7_MATRIZ_CAUSAL\step7_matriz_causal.py"	"178"	"def resolve_raster_source"	"ZipFile"	"with zipfile.ZipFile(src, ""r"") as zf:"
"D:\GATA_MODULEC_UNIFIED_PROCESS\GATA_ModuleC_pipeline_unified_20260529_110642\01_REPO_COPY\pipeline\RUN_QGIS\STEP7_MATRIZ_CAUSAL\step7_matriz_causal.py"	"pipeline\RUN_QGIS\STEP7_MATRIZ_CAUSAL\step7_matriz_causal.py"	"195"	"def resolve_vector_source"	"zipfile"	"with zipfile.ZipFile(src, ""r"") as zf:"
"D:\GATA_MODULEC_UNIFIED_PROCESS\GATA_ModuleC_pipeline_unified_20260529_110642\01_REPO_COPY\pipeline\RUN_QGIS\STEP7_MATRIZ_CAUSAL\step7_matriz_causal.py"	"pipeline\RUN_QGIS\STEP7_MATRIZ_CAUSAL\step7_matriz_causal.py"	"195"	"def resolve_vector_source"	"ZipFile"	"with zipfile.ZipFile(src, ""r"") as zf:"
"D:\GATA_MODULEC_UNIFIED_PROCESS\GATA_ModuleC_pipeline_unified_20260529_110642\01_REPO_COPY\pipeline\RUN_QGIS\STEP7_MATRIZ_CAUSAL\step7_matriz_causal.py"	"pipeline\RUN_QGIS\STEP7_MATRIZ_CAUSAL\step7_matriz_causal.py"	"215"	"def load_inputs_resolved"	"inputs_resolved"	"def load_inputs_resolved(output_root: Path) -> Dict[str, object]:"
"D:\GATA_MODULEC_UNIFIED_PROCESS\GATA_ModuleC_pipeline_unified_20260529_110642\01_REPO_COPY\pipeline\RUN_QGIS\STEP7_MATRIZ_CAUSAL\step7_matriz_causal.py"	"pipeline\RUN_QGIS\STEP7_MATRIZ_CAUSAL\step7_matriz_causal.py"	"216"	"def load_inputs_resolved"	"inputs_resolved"	"inputs_path = output_root / ""qa"" / ""inputs_resolved.json"""
"D:\GATA_MODULEC_UNIFIED_PROCESS\GATA_ModuleC_pipeline_unified_20260529_110642\01_REPO_COPY\pipeline\RUN_QGIS\STEP7_MATRIZ_CAUSAL\step7_matriz_causal.py"	"pipeline\RUN_QGIS\STEP7_MATRIZ_CAUSAL\step7_matriz_causal.py"	"218"	"def load_inputs_resolved"	"inputs_resolved"	"raise FileNotFoundError(f""Missing inputs_resolved.json: {inputs_path}"")"
"D:\GATA_MODULEC_UNIFIED_PROCESS\GATA_ModuleC_pipeline_unified_20260529_110642\01_REPO_COPY\pipeline\RUN_QGIS\STEP7_MATRIZ_CAUSAL\step7_matriz_causal.py"	"pipeline\RUN_QGIS\STEP7_MATRIZ_CAUSAL\step7_matriz_causal.py"	"225"	"def get_paths"	"inputs_resolved"	"raise ValueError(""Invalid inputs_resolved.json: missing 'paths' dictionary."")"
"D:\GATA_MODULEC_UNIFIED_PROCESS\GATA_ModuleC_pipeline_unified_20260529_110642\01_REPO_COPY\pipeline\RUN_QGIS\STEP7_MATRIZ_CAUSAL\step7_matriz_causal.py"	"pipeline\RUN_QGIS\STEP7_MATRIZ_CAUSAL\step7_matriz_causal.py"	"369"	"def write_smoke_table"	"smoke_missing_flag"	"[""unit_id"", ""year"", ""smoke_days"", ""smoke_score_mean"", ""smoke_score_p80"", ""smoke_method"", ""smoke_missing_flag""],"
"D:\GATA_MODULEC_UNIFIED_PROCESS\GATA_ModuleC_pipeline_unified_20260529_110642\01_REPO_COPY\pipeline\RUN_QGIS\STEP7_MATRIZ_CAUSAL\step7_matriz_causal.py"	"pipeline\RUN_QGIS\STEP7_MATRIZ_CAUSAL\step7_matriz_causal.py"	"369"	"def write_smoke_table"	"smoke_score_mean"	"[""unit_id"", ""year"", ""smoke_days"", ""smoke_score_mean"", ""smoke_score_p80"", ""smoke_method"", ""smoke_missing_flag""],"
"D:\GATA_MODULEC_UNIFIED_PROCESS\GATA_ModuleC_pipeline_unified_20260529_110642\01_REPO_COPY\pipeline\RUN_QGIS\STEP7_MATRIZ_CAUSAL\step7_matriz_causal.py"	"pipeline\RUN_QGIS\STEP7_MATRIZ_CAUSAL\step7_matriz_causal.py"	"369"	"def write_smoke_table"	"smoke_score_p80"	"[""unit_id"", ""year"", ""smoke_days"", ""smoke_score_mean"", ""smoke_score_p80"", ""smoke_method"", ""smoke_missing_flag""],"
"D:\GATA_MODULEC_UNIFIED_PROCESS\GATA_ModuleC_pipeline_unified_20260529_110642\01_REPO_COPY\pipeline\RUN_QGIS\STEP7_MATRIZ_CAUSAL\step7_matriz_causal.py"	"pipeline\RUN_QGIS\STEP7_MATRIZ_CAUSAL\step7_matriz_causal.py"	"384"	"def compute_pop_table"	"inputs_resolved"	"raise RuntimeError(""paths.ghsl_pop missing in inputs_resolved."")"
"D:\GATA_MODULEC_UNIFIED_PROCESS\GATA_ModuleC_pipeline_unified_20260529_110642\01_REPO_COPY\pipeline\RUN_QGIS\STEP7_MATRIZ_CAUSAL\step7_matriz_causal.py"	"pipeline\RUN_QGIS\STEP7_MATRIZ_CAUSAL\step7_matriz_causal.py"	"399"	"def compute_pop_table"	"gdal"	"""gdal:warpreproject"","
"D:\GATA_MODULEC_UNIFIED_PROCESS\GATA_ModuleC_pipeline_unified_20260529_110642\01_REPO_COPY\pipeline\RUN_QGIS\STEP7_MATRIZ_CAUSAL\step7_matriz_causal.py"	"pipeline\RUN_QGIS\STEP7_MATRIZ_CAUSAL\step7_matriz_causal.py"	"418"	"def compute_pop_table"	"gdal"	"gdalwarp = Path(r""C:\OSGeo4W64\bin\gdalwarp.exe"")"
"D:\GATA_MODULEC_UNIFIED_PROCESS\GATA_ModuleC_pipeline_unified_20260529_110642\01_REPO_COPY\pipeline\RUN_QGIS\STEP7_MATRIZ_CAUSAL\step7_matriz_causal.py"	"pipeline\RUN_QGIS\STEP7_MATRIZ_CAUSAL\step7_matriz_causal.py"	"419"	"def compute_pop_table"	"gdal"	"if not gdalwarp.exists():"
"D:\GATA_MODULEC_UNIFIED_PROCESS\GATA_ModuleC_pipeline_unified_20260529_110642\01_REPO_COPY\pipeline\RUN_QGIS\STEP7_MATRIZ_CAUSAL\step7_matriz_causal.py"	"pipeline\RUN_QGIS\STEP7_MATRIZ_CAUSAL\step7_matriz_causal.py"	"420"	"def compute_pop_table"	"gdal"	"raise RuntimeError(f""Failed to warp GHSL POP raster year={y}; missing fallback {gdalwarp}"")"
"D:\GATA_MODULEC_UNIFIED_PROCESS\GATA_ModuleC_pipeline_unified_20260529_110642\01_REPO_COPY\pipeline\RUN_QGIS\STEP7_MATRIZ_CAUSAL\step7_matriz_causal.py"	"pipeline\RUN_QGIS\STEP7_MATRIZ_CAUSAL\step7_matriz_causal.py"	"422"	"def compute_pop_table"	"gdal"	"str(gdalwarp),"
"D:\GATA_MODULEC_UNIFIED_PROCESS\GATA_ModuleC_pipeline_unified_20260529_110642\01_REPO_COPY\pipeline\RUN_QGIS\STEP7_MATRIZ_CAUSAL\step7_matriz_causal.py"	"pipeline\RUN_QGIS\STEP7_MATRIZ_CAUSAL\step7_matriz_causal.py"	"686"	"def compute_recurrence_table"	"2024"	"""total_burn_ha_2015_2024"","
"D:\GATA_MODULEC_UNIFIED_PROCESS\GATA_ModuleC_pipeline_unified_20260529_110642\01_REPO_COPY\pipeline\RUN_QGIS\STEP7_MATRIZ_CAUSAL\step7_matriz_causal.py"	"pipeline\RUN_QGIS\STEP7_MATRIZ_CAUSAL\step7_matriz_causal.py"	"690"	"def compute_recurrence_table"	"2024"	"""forest_proxy_ha_2015_2024"","
"D:\GATA_MODULEC_UNIFIED_PROCESS\GATA_ModuleC_pipeline_unified_20260529_110642\01_REPO_COPY\pipeline\RUN_QGIS\STEP7_MATRIZ_CAUSAL\step7_matriz_causal.py"	"pipeline\RUN_QGIS\STEP7_MATRIZ_CAUSAL\step7_matriz_causal.py"	"691"	"def compute_recurrence_table"	"2024"	"""shrubland_proxy_ha_2015_2024"","
"D:\GATA_MODULEC_UNIFIED_PROCESS\GATA_ModuleC_pipeline_unified_20260529_110642\01_REPO_COPY\pipeline\RUN_QGIS\STEP7_MATRIZ_CAUSAL\step7_matriz_causal.py"	"pipeline\RUN_QGIS\STEP7_MATRIZ_CAUSAL\step7_matriz_causal.py"	"758"	"def compute_iech"	"2024"	"write_csv(out_mean_csv, [""unit_id"", ""IECH_mean_2015_2024""], rows_mean, delim="";"")"
"D:\GATA_MODULEC_UNIFIED_PROCESS\GATA_ModuleC_pipeline_unified_20260529_110642\01_REPO_COPY\pipeline\RUN_QGIS\STEP7_MATRIZ_CAUSAL\step7_matriz_causal.py"	"pipeline\RUN_QGIS\STEP7_MATRIZ_CAUSAL\step7_matriz_causal.py"	"804"	"def compute_scenarios"	"2024"	"flags = ""S0=mean(2015-2024);S1=-20% top_quintile;pop=interp(2025,2030)"""
"D:\GATA_MODULEC_UNIFIED_PROCESS\GATA_ModuleC_pipeline_unified_20260529_110642\01_REPO_COPY\pipeline\RUN_QGIS\STEP7_MATRIZ_CAUSAL\step7_matriz_causal.py"	"pipeline\RUN_QGIS\STEP7_MATRIZ_CAUSAL\step7_matriz_causal.py"	"1130"	"def compute_territorial_context"	"gdal"	"""gdal:warpreproject"","
"D:\GATA_MODULEC_UNIFIED_PROCESS\GATA_ModuleC_pipeline_unified_20260529_110642\01_REPO_COPY\pipeline\RUN_QGIS\STEP7_MATRIZ_CAUSAL\step7_matriz_causal.py"	"pipeline\RUN_QGIS\STEP7_MATRIZ_CAUSAL\step7_matriz_causal.py"	"1149"	"def compute_territorial_context"	"gdal"	"gdalwarp = Path(r""C:\OSGeo4W64\bin\gdalwarp.exe"")"
"D:\GATA_MODULEC_UNIFIED_PROCESS\GATA_ModuleC_pipeline_unified_20260529_110642\01_REPO_COPY\pipeline\RUN_QGIS\STEP7_MATRIZ_CAUSAL\step7_matriz_causal.py"	"pipeline\RUN_QGIS\STEP7_MATRIZ_CAUSAL\step7_matriz_causal.py"	"1150"	"def compute_territorial_context"	"gdal"	"if not gdalwarp.exists():"
"D:\GATA_MODULEC_UNIFIED_PROCESS\GATA_ModuleC_pipeline_unified_20260529_110642\01_REPO_COPY\pipeline\RUN_QGIS\STEP7_MATRIZ_CAUSAL\step7_matriz_causal.py"	"pipeline\RUN_QGIS\STEP7_MATRIZ_CAUSAL\step7_matriz_causal.py"	"1151"	"def compute_territorial_context"	"gdal"	"raise RuntimeError(f""Failed to warp GHSL built raster: {built_zip}; missing fallback {gdalwarp}"")"
"D:\GATA_MODULEC_UNIFIED_PROCESS\GATA_ModuleC_pipeline_unified_20260529_110642\01_REPO_COPY\pipeline\RUN_QGIS\STEP7_MATRIZ_CAUSAL\step7_matriz_causal.py"	"pipeline\RUN_QGIS\STEP7_MATRIZ_CAUSAL\step7_matriz_causal.py"	"1153"	"def compute_territorial_context"	"gdal"	"str(gdalwarp),"
"D:\GATA_MODULEC_UNIFIED_PROCESS\GATA_ModuleC_pipeline_unified_20260529_110642\01_REPO_COPY\pipeline\RUN_QGIS\STEP7_MATRIZ_CAUSAL\step7_matriz_causal.py"	"pipeline\RUN_QGIS\STEP7_MATRIZ_CAUSAL\step7_matriz_causal.py"	"1198"	"def compute_territorial_context"	"2024"	"""forest"": safe_float(r.get(""forest_proxy_ha_2015_2024"")) or 0.0,"
"D:\GATA_MODULEC_UNIFIED_PROCESS\GATA_ModuleC_pipeline_unified_20260529_110642\01_REPO_COPY\pipeline\RUN_QGIS\STEP7_MATRIZ_CAUSAL\step7_matriz_causal.py"	"pipeline\RUN_QGIS\STEP7_MATRIZ_CAUSAL\step7_matriz_causal.py"	"1199"	"def compute_territorial_context"	"2024"	"""shrub"": safe_float(r.get(""shrubland_proxy_ha_2015_2024"")) or 0.0,"
"D:\GATA_MODULEC_UNIFIED_PROCESS\GATA_ModuleC_pipeline_unified_20260529_110642\01_REPO_COPY\pipeline\RUN_QGIS\STEP7_MATRIZ_CAUSAL\step7_matriz_causal.py"	"pipeline\RUN_QGIS\STEP7_MATRIZ_CAUSAL\step7_matriz_causal.py"	"1318"	"def build_causal_matrix"	"SMOKE_ROUTE_BLOCKED"	"smoke_route_blocked: bool = False,"
"D:\GATA_MODULEC_UNIFIED_PROCESS\GATA_ModuleC_pipeline_unified_20260529_110642\01_REPO_COPY\pipeline\RUN_QGIS\STEP7_MATRIZ_CAUSAL\step7_matriz_causal.py"	"pipeline\RUN_QGIS\STEP7_MATRIZ_CAUSAL\step7_matriz_causal.py"	"1331"	"def build_causal_matrix"	"2024"	"iech_vals = [safe_float(iech_map.get(u, {}).get(""IECH_mean_2015_2024"")) for u in unit_ids]"
"D:\GATA_MODULEC_UNIFIED_PROCESS\GATA_ModuleC_pipeline_unified_20260529_110642\01_REPO_COPY\pipeline\RUN_QGIS\STEP7_MATRIZ_CAUSAL\step7_matriz_causal.py"	"pipeline\RUN_QGIS\STEP7_MATRIZ_CAUSAL\step7_matriz_causal.py"	"1344"	"def build_causal_matrix"	"2024"	"iech_mean = safe_float(iech_r.get(""IECH_mean_2015_2024""))"
"D:\GATA_MODULEC_UNIFIED_PROCESS\GATA_ModuleC_pipeline_unified_20260529_110642\01_REPO_COPY\pipeline\RUN_QGIS\STEP7_MATRIZ_CAUSAL\step7_matriz_causal.py"	"pipeline\RUN_QGIS\STEP7_MATRIZ_CAUSAL\step7_matriz_causal.py"	"1348"	"def build_causal_matrix"	"2024"	"burn = safe_float(rec_r.get(""total_burn_ha_2015_2024""))"
"D:\GATA_MODULEC_UNIFIED_PROCESS\GATA_ModuleC_pipeline_unified_20260529_110642\01_REPO_COPY\pipeline\RUN_QGIS\STEP7_MATRIZ_CAUSAL\step7_matriz_causal.py"	"pipeline\RUN_QGIS\STEP7_MATRIZ_CAUSAL\step7_matriz_causal.py"	"1373"	"def build_causal_matrix"	"SMOKE_ROUTE_BLOCKED"	"if smoke_route_blocked:"
"D:\GATA_MODULEC_UNIFIED_PROCESS\GATA_ModuleC_pipeline_unified_20260529_110642\01_REPO_COPY\pipeline\RUN_QGIS\STEP7_MATRIZ_CAUSAL\step7_matriz_causal.py"	"pipeline\RUN_QGIS\STEP7_MATRIZ_CAUSAL\step7_matriz_causal.py"	"1374"	"def build_causal_matrix"	"SMOKE_ROUTE_BLOCKED"	"missing_components.append(""SMOKE_ROUTE_BLOCKED"")"
"D:\GATA_MODULEC_UNIFIED_PROCESS\GATA_ModuleC_pipeline_unified_20260529_110642\01_REPO_COPY\pipeline\RUN_QGIS\STEP7_MATRIZ_CAUSAL\step7_matriz_causal.py"	"pipeline\RUN_QGIS\STEP7_MATRIZ_CAUSAL\step7_matriz_causal.py"	"1388"	"def build_causal_matrix"	"THRESHOLD_DEFINED_AS_INDEXED_METHOD"	"threshold_gate_status = ""BLOCKED_FOR_CAUSAL_CLAIM"" if missing_components else ""THRESHOLD_DEFINED_AS_INDEXED_METHOD"""
"D:\GATA_MODULEC_UNIFIED_PROCESS\GATA_ModuleC_pipeline_unified_20260529_110642\01_REPO_COPY\pipeline\RUN_QGIS\STEP7_MATRIZ_CAUSAL\step7_matriz_causal.py"	"pipeline\RUN_QGIS\STEP7_MATRIZ_CAUSAL\step7_matriz_causal.py"	"1388"	"def build_causal_matrix"	"BLOCKED_FOR_CAUSAL_CLAIM"	"threshold_gate_status = ""BLOCKED_FOR_CAUSAL_CLAIM"" if missing_components else ""THRESHOLD_DEFINED_AS_INDEXED_METHOD"""
"D:\GATA_MODULEC_UNIFIED_PROCESS\GATA_ModuleC_pipeline_unified_20260529_110642\01_REPO_COPY\pipeline\RUN_QGIS\STEP7_MATRIZ_CAUSAL\step7_matriz_causal.py"	"pipeline\RUN_QGIS\STEP7_MATRIZ_CAUSAL\step7_matriz_causal.py"	"1389"	"def build_causal_matrix"	"THRESHOLD_DEFINED_AS_INDEXED_METHOD"	"causal_scientific_status = ""NO-GO_SCIENTIFIC_THRESHOLD"" if missing_components else ""THRESHOLD_DEFINED_AS_INDEXED_METHOD"""
"D:\GATA_MODULEC_UNIFIED_PROCESS\GATA_ModuleC_pipeline_unified_20260529_110642\01_REPO_COPY\pipeline\RUN_QGIS\STEP7_MATRIZ_CAUSAL\step7_matriz_causal.py"	"pipeline\RUN_QGIS\STEP7_MATRIZ_CAUSAL\step7_matriz_causal.py"	"1389"	"def build_causal_matrix"	"NO-GO_SCIENTIFIC_THRESHOLD"	"causal_scientific_status = ""NO-GO_SCIENTIFIC_THRESHOLD"" if missing_components else ""THRESHOLD_DEFINED_AS_INDEXED_METHOD"""
"D:\GATA_MODULEC_UNIFIED_PROCESS\GATA_ModuleC_pipeline_unified_20260529_110642\01_REPO_COPY\pipeline\RUN_QGIS\STEP7_MATRIZ_CAUSAL\step7_matriz_causal.py"	"pipeline\RUN_QGIS\STEP7_MATRIZ_CAUSAL\step7_matriz_causal.py"	"1395"	"def build_causal_matrix"	"2024"	"""IECH_mean_2015_2024"": iech_mean,"
"D:\GATA_MODULEC_UNIFIED_PROCESS\GATA_ModuleC_pipeline_unified_20260529_110642\01_REPO_COPY\pipeline\RUN_QGIS\STEP7_MATRIZ_CAUSAL\step7_matriz_causal.py"	"pipeline\RUN_QGIS\STEP7_MATRIZ_CAUSAL\step7_matriz_causal.py"	"1396"	"def build_causal_matrix"	"2024"	"""smoke_days_mean_2015_2024"": smoke_mean_u,"
"D:\GATA_MODULEC_UNIFIED_PROCESS\GATA_ModuleC_pipeline_unified_20260529_110642\01_REPO_COPY\pipeline\RUN_QGIS\STEP7_MATRIZ_CAUSAL\step7_matriz_causal.py"	"pipeline\RUN_QGIS\STEP7_MATRIZ_CAUSAL\step7_matriz_causal.py"	"1399"	"def build_causal_matrix"	"2024"	"""total_burn_ha_2015_2024"": burn,"
"D:\GATA_MODULEC_UNIFIED_PROCESS\GATA_ModuleC_pipeline_unified_20260529_110642\01_REPO_COPY\pipeline\RUN_QGIS\STEP7_MATRIZ_CAUSAL\step7_matriz_causal.py"	"pipeline\RUN_QGIS\STEP7_MATRIZ_CAUSAL\step7_matriz_causal.py"	"1427"	"def build_causal_matrix"	"2024"	"""IECH_mean_2015_2024"","
"D:\GATA_MODULEC_UNIFIED_PROCESS\GATA_ModuleC_pipeline_unified_20260529_110642\01_REPO_COPY\pipeline\RUN_QGIS\STEP7_MATRIZ_CAUSAL\step7_matriz_causal.py"	"pipeline\RUN_QGIS\STEP7_MATRIZ_CAUSAL\step7_matriz_causal.py"	"1428"	"def build_causal_matrix"	"2024"	"""smoke_days_mean_2015_2024"","
"D:\GATA_MODULEC_UNIFIED_PROCESS\GATA_ModuleC_pipeline_unified_20260529_110642\01_REPO_COPY\pipeline\RUN_QGIS\STEP7_MATRIZ_CAUSAL\step7_matriz_causal.py"	"pipeline\RUN_QGIS\STEP7_MATRIZ_CAUSAL\step7_matriz_causal.py"	"1431"	"def build_causal_matrix"	"2024"	"""total_burn_ha_2015_2024"","
"D:\GATA_MODULEC_UNIFIED_PROCESS\GATA_ModuleC_pipeline_unified_20260529_110642\01_REPO_COPY\pipeline\RUN_QGIS\STEP7_MATRIZ_CAUSAL\step7_matriz_causal.py"	"pipeline\RUN_QGIS\STEP7_MATRIZ_CAUSAL\step7_matriz_causal.py"	"1489"	"def write_causal_json_txt_sha"	"2024"	"f""- {r.get('unit_id')} | IECH_mean={r.get('IECH_mean_2015_2024')} | recurrence={r.get('recurrence_class')} | """
"D:\GATA_MODULEC_UNIFIED_PROCESS\GATA_ModuleC_pipeline_unified_20260529_110642\01_REPO_COPY\pipeline\RUN_QGIS\STEP7_MATRIZ_CAUSAL\step7_matriz_causal.py"	"pipeline\RUN_QGIS\STEP7_MATRIZ_CAUSAL\step7_matriz_causal.py"	"1725"	"def write_recurrence_audit"	"2024"	"required_cols = [""total_burn_ha_2015_2024"", ""years_area_gt_p75"", ""n_events_gt_1000ha"", ""recurrence_class""]"
"D:\GATA_MODULEC_UNIFIED_PROCESS\GATA_ModuleC_pipeline_unified_20260529_110642\01_REPO_COPY\pipeline\RUN_QGIS\STEP7_MATRIZ_CAUSAL\step7_matriz_causal.py"	"pipeline\RUN_QGIS\STEP7_MATRIZ_CAUSAL\step7_matriz_causal.py"	"1898"	"def generate_brief"	"smoke_days_unit_2015_2024"	"smoke_unit = tables / ""smoke_days_unit_2015_2024.csv"""
"D:\GATA_MODULEC_UNIFIED_PROCESS\GATA_ModuleC_pipeline_unified_20260529_110642\01_REPO_COPY\pipeline\RUN_QGIS\STEP7_MATRIZ_CAUSAL\step7_matriz_causal.py"	"pipeline\RUN_QGIS\STEP7_MATRIZ_CAUSAL\step7_matriz_causal.py"	"1898"	"def generate_brief"	"2024"	"smoke_unit = tables / ""smoke_days_unit_2015_2024.csv"""
"D:\GATA_MODULEC_UNIFIED_PROCESS\GATA_ModuleC_pipeline_unified_20260529_110642\01_REPO_COPY\pipeline\RUN_QGIS\STEP7_MATRIZ_CAUSAL\step7_matriz_causal.py"	"pipeline\RUN_QGIS\STEP7_MATRIZ_CAUSAL\step7_matriz_causal.py"	"1900"	"def generate_brief"	"2024"	"rec_unit = tables / ""recurrence_unit_2015_2024.csv"""
"D:\GATA_MODULEC_UNIFIED_PROCESS\GATA_ModuleC_pipeline_unified_20260529_110642\01_REPO_COPY\pipeline\RUN_QGIS\STEP7_MATRIZ_CAUSAL\step7_matriz_causal.py"	"pipeline\RUN_QGIS\STEP7_MATRIZ_CAUSAL\step7_matriz_causal.py"	"1901"	"def generate_brief"	"2024"	"iech_unit = tables / ""IECH_unit_2015_2024.csv"""
"D:\GATA_MODULEC_UNIFIED_PROCESS\GATA_ModuleC_pipeline_unified_20260529_110642\01_REPO_COPY\pipeline\RUN_QGIS\STEP7_MATRIZ_CAUSAL\step7_matriz_causal.py"	"pipeline\RUN_QGIS\STEP7_MATRIZ_CAUSAL\step7_matriz_causal.py"	"1902"	"def generate_brief"	"2024"	"iech_mean = tables / ""IECH_unit_2015_2024_mean.csv"""
"D:\GATA_MODULEC_UNIFIED_PROCESS\GATA_ModuleC_pipeline_unified_20260529_110642\01_REPO_COPY\pipeline\RUN_QGIS\STEP7_MATRIZ_CAUSAL\step7_matriz_causal.py"	"pipeline\RUN_QGIS\STEP7_MATRIZ_CAUSAL\step7_matriz_causal.py"	"1905"	"def generate_brief"	"2024"	"iech_muni = tables / ""IECH_municipio_2015_2024.csv"""
"D:\GATA_MODULEC_UNIFIED_PROCESS\GATA_ModuleC_pipeline_unified_20260529_110642\01_REPO_COPY\pipeline\RUN_QGIS\STEP7_MATRIZ_CAUSAL\step7_matriz_causal.py"	"pipeline\RUN_QGIS\STEP7_MATRIZ_CAUSAL\step7_matriz_causal.py"	"1916"	"def generate_brief"	"2024"	"iech_vals = [safe_float(r.get(""IECH_mean_2015_2024"")) for r in iech_mean_rows.values()]"
"D:\GATA_MODULEC_UNIFIED_PROCESS\GATA_ModuleC_pipeline_unified_20260529_110642\01_REPO_COPY\pipeline\RUN_QGIS\STEP7_MATRIZ_CAUSAL\step7_matriz_causal.py"	"pipeline\RUN_QGIS\STEP7_MATRIZ_CAUSAL\step7_matriz_causal.py"	"1976"	"def generate_brief"	"2024"	"lines.append(f""- fire_gpkgs_tm06: {len(fire)} capas 2015-2024."")"
"D:\GATA_MODULEC_UNIFIED_PROCESS\GATA_ModuleC_pipeline_unified_20260529_110642\01_REPO_COPY\pipeline\RUN_QGIS\STEP7_MATRIZ_CAUSAL\step7_matriz_causal.py"	"pipeline\RUN_QGIS\STEP7_MATRIZ_CAUSAL\step7_matriz_causal.py"	"1982"	"def generate_brief"	"2024"	"lines.append(""- Histórico: 2015-2024."")"
"D:\GATA_MODULEC_UNIFIED_PROCESS\GATA_ModuleC_pipeline_unified_20260529_110642\01_REPO_COPY\pipeline\RUN_QGIS\STEP7_MATRIZ_CAUSAL\step7_matriz_causal.py"	"pipeline\RUN_QGIS\STEP7_MATRIZ_CAUSAL\step7_matriz_causal.py"	"1987"	"def generate_brief"	"2024"	"lines.append(""- Municipio (CAOP 2024), cuando disponible."")"
"D:\GATA_MODULEC_UNIFIED_PROCESS\GATA_ModuleC_pipeline_unified_20260529_110642\01_REPO_COPY\pipeline\RUN_QGIS\STEP7_MATRIZ_CAUSAL\step7_matriz_causal.py"	"pipeline\RUN_QGIS\STEP7_MATRIZ_CAUSAL\step7_matriz_causal.py"	"1992"	"def generate_brief"	"2024"	"lines.append(f""- Rango IECH mean 2015-2024: min={iech_min} max={iech_max}."")"
"D:\GATA_MODULEC_UNIFIED_PROCESS\GATA_ModuleC_pipeline_unified_20260529_110642\01_REPO_COPY\pipeline\RUN_QGIS\STEP7_MATRIZ_CAUSAL\step7_matriz_causal.py"	"pipeline\RUN_QGIS\STEP7_MATRIZ_CAUSAL\step7_matriz_causal.py"	"2056"	"def generate_brief"	"inputs_resolved"	"lines.append(f""- `{output_root / 'qa' / 'inputs_resolved.json'}`"")"
"D:\GATA_MODULEC_UNIFIED_PROCESS\GATA_ModuleC_pipeline_unified_20260529_110642\01_REPO_COPY\pipeline\RUN_QGIS\STEP7_MATRIZ_CAUSAL\step7_matriz_causal.py"	"pipeline\RUN_QGIS\STEP7_MATRIZ_CAUSAL\step7_matriz_causal.py"	"2102"	"def main"	"inputs_resolved"	"inputs = load_inputs_resolved(output_root)"
"D:\GATA_MODULEC_UNIFIED_PROCESS\GATA_ModuleC_pipeline_unified_20260529_110642\01_REPO_COPY\pipeline\RUN_QGIS\STEP7_MATRIZ_CAUSAL\step7_matriz_causal.py"	"pipeline\RUN_QGIS\STEP7_MATRIZ_CAUSAL\step7_matriz_causal.py"	"2130"	"def main"	"smoke_days_unit_2015_2024"	"smoke_unit_csv = tables_dir / ""smoke_days_unit_2015_2024.csv"""
"D:\GATA_MODULEC_UNIFIED_PROCESS\GATA_ModuleC_pipeline_unified_20260529_110642\01_REPO_COPY\pipeline\RUN_QGIS\STEP7_MATRIZ_CAUSAL\step7_matriz_causal.py"	"pipeline\RUN_QGIS\STEP7_MATRIZ_CAUSAL\step7_matriz_causal.py"	"2130"	"def main"	"2024"	"smoke_unit_csv = tables_dir / ""smoke_days_unit_2015_2024.csv"""
"D:\GATA_MODULEC_UNIFIED_PROCESS\GATA_ModuleC_pipeline_unified_20260529_110642\01_REPO_COPY\pipeline\RUN_QGIS\STEP7_MATRIZ_CAUSAL\step7_matriz_causal.py"	"pipeline\RUN_QGIS\STEP7_MATRIZ_CAUSAL\step7_matriz_causal.py"	"2131"	"def main"	"smoke_days_municipio_2015_2024"	"smoke_muni_csv = tables_dir / ""smoke_days_municipio_2015_2024.csv"""
"D:\GATA_MODULEC_UNIFIED_PROCESS\GATA_ModuleC_pipeline_unified_20260529_110642\01_REPO_COPY\pipeline\RUN_QGIS\STEP7_MATRIZ_CAUSAL\step7_matriz_causal.py"	"pipeline\RUN_QGIS\STEP7_MATRIZ_CAUSAL\step7_matriz_causal.py"	"2131"	"def main"	"2024"	"smoke_muni_csv = tables_dir / ""smoke_days_municipio_2015_2024.csv"""
"D:\GATA_MODULEC_UNIFIED_PROCESS\GATA_ModuleC_pipeline_unified_20260529_110642\01_REPO_COPY\pipeline\RUN_QGIS\STEP7_MATRIZ_CAUSAL\step7_matriz_causal.py"	"pipeline\RUN_QGIS\STEP7_MATRIZ_CAUSAL\step7_matriz_causal.py"	"2141"	"def main"	"2024"	"rec_unit_csv = tables_dir / ""recurrence_unit_2015_2024.csv"""
"D:\GATA_MODULEC_UNIFIED_PROCESS\GATA_ModuleC_pipeline_unified_20260529_110642\01_REPO_COPY\pipeline\RUN_QGIS\STEP7_MATRIZ_CAUSAL\step7_matriz_causal.py"	"pipeline\RUN_QGIS\STEP7_MATRIZ_CAUSAL\step7_matriz_causal.py"	"2142"	"def main"	"2024"	"rec_muni_csv = tables_dir / ""recurrence_municipio_2015_2024.csv"""
"D:\GATA_MODULEC_UNIFIED_PROCESS\GATA_ModuleC_pipeline_unified_20260529_110642\01_REPO_COPY\pipeline\RUN_QGIS\STEP7_MATRIZ_CAUSAL\step7_matriz_causal.py"	"pipeline\RUN_QGIS\STEP7_MATRIZ_CAUSAL\step7_matriz_causal.py"	"2153"	"def main"	"2024"	"iech_muni_csv = tables_dir / ""IECH_municipio_2015_2024.csv"""
"D:\GATA_MODULEC_UNIFIED_PROCESS\GATA_ModuleC_pipeline_unified_20260529_110642\01_REPO_COPY\pipeline\RUN_QGIS\STEP7_MATRIZ_CAUSAL\step7_matriz_causal.py"	"pipeline\RUN_QGIS\STEP7_MATRIZ_CAUSAL\step7_matriz_causal.py"	"2154"	"def main"	"2024"	"iech_muni_mean_csv = tables_dir / ""IECH_municipio_2015_2024_mean.csv"""
"D:\GATA_MODULEC_UNIFIED_PROCESS\GATA_ModuleC_pipeline_unified_20260529_110642\01_REPO_COPY\pipeline\RUN_QGIS\STEP7_MATRIZ_CAUSAL\step7_matriz_causal.py"	"pipeline\RUN_QGIS\STEP7_MATRIZ_CAUSAL\step7_matriz_causal.py"	"2179"	"def main"	"2024"	"iech_unit_mean_csv = tables_dir / ""IECH_unit_2015_2024_mean.csv"""
"D:\GATA_MODULEC_UNIFIED_PROCESS\GATA_ModuleC_pipeline_unified_20260529_110642\01_REPO_COPY\pipeline\RUN_QGIS\STEP7_MATRIZ_CAUSAL\step7_matriz_causal.py"	"pipeline\RUN_QGIS\STEP7_MATRIZ_CAUSAL\step7_matriz_causal.py"	"2180"	"def main"	"2024"	"iech_unit_hist_csv = tables_dir / ""IECH_unit_2015_2024.csv"""
"D:\GATA_MODULEC_UNIFIED_PROCESS\GATA_ModuleC_pipeline_unified_20260529_110642\01_REPO_COPY\pipeline\RUN_QGIS\STEP7_MATRIZ_CAUSAL\step7_matriz_causal.py"	"pipeline\RUN_QGIS\STEP7_MATRIZ_CAUSAL\step7_matriz_causal.py"	"2184"	"def main"	"smoke_days_unit_2015_2024"	"smoke_unit_csv = tables_dir / ""smoke_days_unit_2015_2024.csv"""
"D:\GATA_MODULEC_UNIFIED_PROCESS\GATA_ModuleC_pipeline_unified_20260529_110642\01_REPO_COPY\pipeline\RUN_QGIS\STEP7_MATRIZ_CAUSAL\step7_matriz_causal.py"	"pipeline\RUN_QGIS\STEP7_MATRIZ_CAUSAL\step7_matriz_causal.py"	"2184"	"def main"	"2024"	"smoke_unit_csv = tables_dir / ""smoke_days_unit_2015_2024.csv"""
"D:\GATA_MODULEC_UNIFIED_PROCESS\GATA_ModuleC_pipeline_unified_20260529_110642\01_REPO_COPY\pipeline\RUN_QGIS\STEP7_MATRIZ_CAUSAL\step7_matriz_causal.py"	"pipeline\RUN_QGIS\STEP7_MATRIZ_CAUSAL\step7_matriz_causal.py"	"2190"	"def main"	"parquet"	"smoke_route_blocked = route_selected in (""BLOCKED_DECODER_REQUIRED"", ""v0_parquet_proxy_degraded"", ""NO-GO_SMOKE_ROUTE"")"
"D:\GATA_MODULEC_UNIFIED_PROCESS\GATA_ModuleC_pipeline_unified_20260529_110642\01_REPO_COPY\pipeline\RUN_QGIS\STEP7_MATRIZ_CAUSAL\step7_matriz_causal.py"	"pipeline\RUN_QGIS\STEP7_MATRIZ_CAUSAL\step7_matriz_causal.py"	"2190"	"def main"	"SMOKE_ROUTE_BLOCKED"	"smoke_route_blocked = route_selected in (""BLOCKED_DECODER_REQUIRED"", ""v0_parquet_proxy_degraded"", ""NO-GO_SMOKE_ROUTE"")"
"D:\GATA_MODULEC_UNIFIED_PROCESS\GATA_ModuleC_pipeline_unified_20260529_110642\01_REPO_COPY\pipeline\RUN_QGIS\STEP7_MATRIZ_CAUSAL\step7_matriz_causal.py"	"pipeline\RUN_QGIS\STEP7_MATRIZ_CAUSAL\step7_matriz_causal.py"	"2194"	"def main"	"SMOKE_ROUTE_BLOCKED"	"smoke_route_blocked = True"
"D:\GATA_MODULEC_UNIFIED_PROCESS\GATA_ModuleC_pipeline_unified_20260529_110642\01_REPO_COPY\pipeline\RUN_QGIS\STEP7_MATRIZ_CAUSAL\step7_matriz_causal.py"	"pipeline\RUN_QGIS\STEP7_MATRIZ_CAUSAL\step7_matriz_causal.py"	"2216"	"def main"	"SMOKE_ROUTE_BLOCKED"	"smoke_route_blocked=smoke_route_blocked,"
"D:\GATA_MODULEC_UNIFIED_PROCESS\GATA_ModuleC_pipeline_unified_20260529_110642\01_REPO_COPY\pipeline\RUN_QGIS\STEP7_MATRIZ_CAUSAL\step7_matriz_causal.py"	"pipeline\RUN_QGIS\STEP7_MATRIZ_CAUSAL\step7_matriz_causal.py"	"2232"	"def main"	"SMOKE_ROUTE_BLOCKED"	"smoke_route_blocked=smoke_route_blocked,"
"D:\GATA_MODULEC_UNIFIED_PROCESS\GATA_ModuleC_pipeline_unified_20260529_110642\01_REPO_COPY\pipeline\RUN_QGIS\STEP7_MATRIZ_CAUSAL\step7_matriz_causal.py"	"pipeline\RUN_QGIS\STEP7_MATRIZ_CAUSAL\step7_matriz_causal.py"	"2259"	"def main"	"2024"	"write_iech_audit(output_root, tables_dir / ""IECH_unit_2015_2024.csv"", iech_muni_csv)"
